{"cx": 417.99603271484375, "cy": 326.937744140625, "length": 748.539306640625, "width": 180.5227508544922, "depth": 96.1371078491211, "rotation": -3.5763344764709473, "boundary": [[755, 225], [754, 226], [729, 226], [728, 227], [706, 227], [705, 228], [686, 228], [685, 229], [663, 229], [662, 230], [642, 230], [641, 231], [622, 231], [621, 232], [596, 232], [595, 233], [570, 233], [569, 234], [551, 234], [550, 235], [533, 235], [532, 236], [511, 236], [510, 237], [484, 237], [483, 238], [456, 238], [455, 239], [437, 239], [436, 240], [416, 240], [415, 241], [394, 241], [393, 242], [376, 242], [375, 243], [357, 243], [356, 244], [338, 244], [337, 245], [314, 245], [313, 246], [283, 246], [282, 247], [263, 247], [262, 248], [245, 248], [244, 249], [231, 249], [230, 250], [212, 250], [211, 251], [189, 251], [188, 252], [170, 252], [169, 253], [157, 253], [156, 254], [144, 254], [143, 255], [122, 255], [121, 256], [112, 256], [111, 257], [109, 257], [106, 260], [105, 260], [104, 261], [103, 261], [103, 264], [104, 265], [103, 266], [103, 270], [102, 271], [102, 273], [101, 274], [101, 276], [100, 277], [100, 279], [99, 280], [99, 282], [98, 283], [98, 285], [97, 286], [97, 288], [96, 289], [96, 292], [95, 293], [95, 295], [94, 296], [94, 298], [93, 299], [93, 301], [92, 302], [92, 304], [91, 305], [91, 307], [90, 308], [90, 310], [89, 311], [89, 314], [88, 315], [88, 316], [87, 317], [87, 320], [86, 321], [86, 323], [85, 324], [85, 326], [84, 327], [84, 329], [83, 330], [83, 332], [82, 333], [82, 336], [81, 337], [81, 339], [80, 340], [80, 342], [79, 343], [79, 345], [78, 346], [78, 348], [77, 349], [77, 351], [76, 352], [76, 354], [75, 355], [75, 358], [74, 359], [74, 361], [73, 362], [73, 364], [72, 365], [72, 367], [71, 368], [71, 370], [70, 371], [70, 373], [69, 374], [69, 376], [68, 377], [68, 380], [67, 381], [67, 382], [66, 383], [66, 385], [65, 386], [65, 388], [64, 389], [64, 392], [63, 393], [63, 395], [62, 396], [62, 398], [61, 399], [61, 401], [60, 402], [60, 404], [59, 405], [59, 408], [58, 409], [58, 411], [57, 412], [57, 414], [56, 415], [56, 417], [55, 418], [55, 421], [54, 422], [54, 424], [53, 425], [53, 428], [52, 429], [52, 432], [51, 433], [51, 436], [50, 437], [50, 439], [51, 440], [56, 440], [57, 439], [57, 435], [58, 434], [68, 434], [69, 433], [86, 433], [87, 432], [106, 432], [107, 431], [120, 431], [121, 430], [133, 430], [134, 429], [145, 429], [146, 428], [156, 428], [157, 427], [169, 427], [170, 426], [182, 426], [183, 425], [197, 425], [198, 424], [223, 424], [224, 423], [242, 423], [243, 422], [252, 422], [253, 421], [270, 421], [271, 420], [295, 420], [296, 419], [320, 419], [321, 418], [343, 418], [344, 417], [366, 417], [367, 416], [385, 416], [386, 415], [403, 415], [404, 414], [420, 414], [421, 413], [441, 413], [442, 412], [459, 412], [460, 411], [480, 411], [481, 410], [506, 410], [507, 409], [532, 409], [533, 408], [545, 408], [546, 407], [559, 407], [560, 406], [573, 406], [574, 405], [598, 405], [599, 404], [615, 404], [616, 403], [633, 403], [634, 402], [648, 402], [649, 401], [663, 401], [664, 400], [679, 400], [680, 399], [692, 399], [693, 398], [707, 398], [708, 397], [726, 397], [727, 396], [748, 396], [749, 395], [772, 395], [773, 394], [792, 394], [793, 393], [794, 393], [794, 392], [795, 391], [795, 382], [794, 381], [794, 364], [793, 363], [793, 353], [792, 352], [792, 334], [791, 333], [791, 332], [792, 331], [792, 328], [791, 327], [791, 314], [790, 313], [790, 304], [789, 303], [789, 294], [788, 293], [788, 288], [789, 287], [789, 284], [790, 283], [790, 282], [789, 282], [788, 281], [788, 273], [787, 272], [787, 260], [788, 259], [788, 253], [787, 252], [787, 250], [788, 249], [788, 247], [787, 246], [787, 244], [786, 243], [786, 229], [785, 228], [785, 227], [784, 226], [783, 226], [782, 225]], "holes": []}