{"cx": 456.91082763671875, "cy": 336.57574462890625, "length": 576.4846801757812, "width": 175.3512420654297, "depth": 84.37899780273438, "rotation": -1.9711605310440063, "boundary": [[714, 240], [713, 241], [691, 241], [690, 242], [662, 242], [661, 243], [640, 243], [639, 244], [614, 244], [613, 245], [592, 245], [591, 246], [567, 246], [566, 247], [539, 247], [538, 248], [511, 248], [510, 249], [490, 249], [489, 250], [467, 250], [466, 251], [438, 251], [437, 252], [410, 252], [409, 253], [367, 253], [366, 254], [328, 254], [327, 255], [294, 255], [293, 256], [263, 256], [262, 257], [223, 257], [222, 258], [191, 258], [190, 259], [167, 259], [166, 260], [166, 264], [167, 265], [167, 266], [168, 267], [168, 268], [169, 269], [169, 270], [170, 271], [170, 272], [171, 273], [171, 274], [172, 275], [172, 276], [173, 277], [173, 278], [174, 279], [174, 280], [176, 282], [176, 283], [177, 284], [177, 285], [178, 286], [178, 287], [179, 288], [179, 289], [180, 290], [180, 291], [181, 292], [181, 293], [182, 294], [182, 295], [183, 296], [183, 297], [184, 298], [184, 299], [185, 300], [185, 301], [186, 302], [186, 303], [187, 304], [187, 305], [188, 306], [188, 307], [190, 309], [190, 310], [191, 311], [191, 312], [192, 313], [192, 314], [193, 315], [193, 316], [195, 318], [195, 319], [196, 320], [196, 321], [197, 322], [197, 323], [198, 324], [198, 325], [199, 326], [199, 327], [200, 328], [200, 329], [201, 330], [201, 331], [202, 332], [202, 333], [203, 334], [203, 335], [204, 336], [204, 337], [205, 338], [205, 339], [206, 340], [206, 341], [208, 343], [208, 344], [209, 345], [209, 346], [210, 347], [210, 348], [211, 349], [211, 350], [212, 351], [212, 352], [213, 353], [213, 354], [214, 355], [214, 356], [215, 357], [215, 358], [216, 359], [216, 360], [217, 361], [217, 362], [218, 363], [218, 364], [219, 365], [219, 366], [221, 368], [221, 369], [222, 370], [222, 371], [223, 372], [223, 373], [224, 374], [224, 375], [225, 376], [225, 377], [226, 378], [226, 379], [227, 380], [227, 381], [228, 382], [228, 383], [229, 384], [229, 385], [230, 386], [230, 387], [231, 388], [231, 389], [232, 390], [232, 391], [234, 393], [234, 394], [235, 395], [235, 396], [236, 397], [236, 398], [237, 399], [237, 400], [238, 401], [238, 402], [239, 403], [239, 404], [240, 405], [240, 406], [241, 407], [241, 408], [242, 409], [242, 410], [243, 411], [243, 412], [244, 413], [244, 414], [245, 415], [245, 416], [246, 417], [246, 418], [247, 419], [247, 420], [248, 421], [248, 422], [249, 423], [249, 424], [251, 426], [251, 427], [252, 428], [252, 429], [253, 430], [255, 430], [256, 431], [258, 431], [259, 430], [280, 430], [281, 429], [304, 429], [305, 428], [339, 428], [340, 427], [365, 427], [366, 426], [398, 426], [399, 425], [424, 425], [425, 424], [461, 424], [462, 423], [488, 423], [489, 422], [516, 422], [517, 421], [548, 421], [549, 420], [579, 420], [580, 419], [611, 419], [612, 418], [636, 418], [637, 417], [662, 417], [663, 416], [666, 416], [669, 413], [669, 412], [670, 411], [670, 410], [671, 409], [671, 408], [672, 407], [672, 405], [673, 404], [673, 403], [674, 402], [674, 401], [675, 400], [675, 398], [676, 397], [676, 396], [677, 395], [677, 393], [678, 392], [678, 391], [679, 390], [679, 389], [680, 388], [680, 387], [681, 386], [681, 384], [682, 383], [682, 382], [683, 381], [683, 380], [684, 379], [684, 377], [685, 376], [685, 375], [686, 374], [686, 373], [687, 372], [687, 371], [688, 370], [688, 368], [689, 367], [689, 366], [690, 365], [690, 363], [691, 362], [691, 361], [692, 360], [692, 359], [693, 358], [693, 357], [694, 356], [694, 354], [695, 353], [695, 352], [696, 351], [696, 350], [697, 349], [697, 347], [698, 346], [698, 345], [699, 344], [699, 342], [700, 341], [700, 340], [701, 339], [701, 338], [702, 337], [702, 336], [703, 335], [703, 334], [704, 333], [704, 331], [705, 330], [705, 329], [706, 328], [706, 327], [707, 326], [707, 324], [708, 323], [708, 321], [709, 320], [709, 319], [710, 318], [710, 317], [711, 316], [711, 315], [712, 314], [712, 312], [713, 311], [713, 310], [714, 309], [714, 308], [715, 307], [715, 306], [716, 305], [716, 303], [717, 302], [717, 301], [718, 300], [718, 299], [719, 298], [719, 297], [720, 296], [720, 294], [721, 293], [721, 292], [722, 291], [722, 290], [723, 289], [723, 287], [724, 286], [724, 285], [725, 284], [725, 283], [726, 282], [726, 281], [727, 280], [727, 278], [728, 277], [728, 276], [729, 275], [729, 273], [730, 272], [730, 271], [731, 270], [731, 269], [732, 268], [732, 267], [733, 266], [733, 264], [734, 263], [734, 262], [735, 261], [735, 260], [736, 259], [736, 257], [737, 256], [737, 255], [738, 254], [738, 253], [739, 252], [739, 250], [740, 249], [740, 248], [741, 247], [741, 245], [742, 244], [742, 240]], "holes": []}