{"cx": 427.788330078125, "cy": 285.6001892089844, "length": 174.45635986328125, "width": 508.7984619140625, "depth": 82.43478393554688, "rotation": -88.95457458496094, "boundary": [[176, 194], [175, 195], [175, 199], [176, 200], [176, 201], [177, 202], [177, 204], [178, 205], [178, 206], [179, 207], [179, 208], [180, 209], [180, 211], [182, 213], [182, 215], [183, 216], [183, 217], [184, 218], [184, 219], [185, 220], [185, 221], [186, 222], [186, 223], [187, 224], [187, 226], [188, 227], [188, 228], [189, 229], [189, 230], [190, 231], [190, 232], [191, 233], [191, 235], [192, 236], [192, 237], [193, 238], [193, 239], [194, 240], [194, 241], [195, 242], [195, 243], [196, 244], [196, 245], [197, 246], [197, 248], [198, 249], [198, 250], [199, 251], [199, 252], [200, 253], [200, 254], [201, 255], [201, 256], [202, 257], [202, 259], [203, 260], [203, 261], [204, 262], [204, 263], [205, 264], [205, 265], [206, 266], [206, 267], [207, 268], [207, 269], [208, 270], [208, 272], [209, 273], [209, 274], [210, 275], [210, 276], [211, 277], [211, 278], [212, 279], [212, 280], [213, 281], [213, 282], [214, 283], [214, 285], [215, 286], [215, 287], [216, 288], [216, 289], [217, 290], [217, 291], [218, 292], [218, 293], [219, 294], [219, 296], [220, 297], [220, 298], [221, 299], [221, 300], [222, 301], [222, 302], [223, 303], [223, 304], [224, 305], [224, 307], [225, 308], [225, 309], [226, 310], [226, 311], [227, 312], [227, 313], [228, 314], [228, 316], [229, 317], [229, 318], [230, 319], [230, 320], [231, 321], [231, 322], [232, 323], [232, 325], [233, 326], [233, 327], [234, 328], [234, 329], [235, 330], [235, 331], [236, 332], [236, 333], [237, 334], [237, 335], [238, 336], [238, 338], [239, 339], [239, 340], [240, 341], [240, 342], [241, 343], [241, 345], [242, 346], [242, 347], [243, 348], [243, 349], [244, 350], [244, 351], [245, 352], [245, 353], [246, 354], [246, 356], [247, 357], [247, 358], [248, 359], [248, 360], [249, 361], [249, 363], [250, 364], [250, 366], [251, 367], [251, 368], [252, 369], [271, 369], [272, 370], [343, 370], [344, 371], [412, 371], [413, 372], [468, 372], [469, 373], [517, 373], [518, 374], [551, 374], [552, 375], [652, 375], [653, 376], [677, 376], [678, 375], [679, 375], [680, 374], [680, 354], [681, 353], [681, 344], [680, 343], [680, 315], [681, 314], [681, 240], [682, 239], [682, 209], [681, 208], [681, 207], [679, 205], [656, 205], [655, 204], [601, 204], [600, 203], [551, 203], [550, 202], [525, 202], [524, 201], [496, 201], [495, 200], [464, 200], [463, 199], [405, 199], [404, 198], [317, 198], [316, 197], [258, 197], [257, 196], [227, 196], [226, 195], [190, 195], [189, 194]], "holes": []}