{"cx": 446.94793701171875, "cy": 314.9346618652344, "length": 182.25157165527344, "width": 381.9656066894531, "depth": 88.06268310546875, "rotation": -88.17591094970703, "boundary": [[266, 218], [265, 219], [263, 219], [262, 220], [261, 220], [260, 221], [260, 228], [259, 229], [259, 247], [258, 248], [258, 279], [257, 280], [257, 323], [256, 324], [256, 371], [255, 372], [255, 397], [257, 399], [262, 399], [263, 400], [287, 400], [288, 401], [317, 401], [318, 402], [359, 402], [360, 403], [390, 403], [391, 404], [429, 404], [430, 405], [478, 405], [479, 406], [515, 406], [516, 407], [548, 407], [549, 408], [570, 408], [571, 409], [600, 409], [601, 410], [629, 410], [630, 411], [631, 411], [632, 412], [633, 412], [635, 410], [635, 409], [634, 408], [634, 405], [633, 404], [633, 400], [632, 399], [632, 396], [631, 395], [631, 391], [630, 390], [630, 388], [629, 387], [629, 383], [628, 382], [628, 379], [627, 378], [627, 375], [626, 374], [626, 371], [625, 370], [625, 367], [624, 366], [624, 363], [623, 362], [623, 358], [622, 357], [622, 354], [621, 353], [621, 350], [620, 349], [620, 346], [619, 345], [619, 342], [618, 341], [618, 338], [617, 337], [617, 333], [616, 332], [616, 330], [615, 329], [615, 326], [614, 325], [614, 322], [613, 321], [613, 317], [612, 316], [612, 313], [611, 312], [611, 308], [610, 307], [610, 304], [609, 303], [609, 300], [608, 299], [608, 296], [607, 295], [607, 293], [606, 292], [606, 289], [605, 288], [605, 284], [604, 283], [604, 280], [603, 279], [603, 276], [602, 275], [602, 272], [601, 271], [601, 268], [600, 267], [600, 264], [599, 263], [599, 260], [598, 259], [598, 256], [597, 255], [597, 252], [596, 251], [596, 249], [595, 248], [595, 244], [594, 243], [594, 239], [593, 238], [593, 235], [592, 234], [592, 233], [590, 231], [588, 231], [587, 230], [568, 230], [567, 229], [542, 229], [541, 228], [511, 228], [510, 227], [482, 227], [481, 226], [457, 226], [456, 225], [420, 225], [419, 224], [386, 224], [385, 223], [356, 223], [355, 222], [327, 222], [326, 221], [296, 221], [295, 220], [279, 220], [278, 219], [267, 219]], "holes": []}