{"cx": 409.1528625488281, "cy": 339.083740234375, "length": 577.9655151367188, "width": 175.97215270996094, "depth": 88.14571380615234, "rotation": -4.0389909744262695, "boundary": [[667, 234], [666, 235], [654, 235], [653, 236], [641, 236], [640, 237], [625, 237], [624, 238], [610, 238], [609, 239], [597, 239], [596, 240], [582, 240], [581, 241], [563, 241], [562, 242], [548, 242], [547, 243], [533, 243], [532, 244], [521, 244], [520, 245], [502, 245], [501, 246], [487, 246], [486, 247], [475, 247], [474, 248], [459, 248], [458, 249], [446, 249], [445, 250], [431, 250], [430, 251], [417, 251], [416, 252], [406, 252], [405, 253], [390, 253], [389, 254], [377, 254], [376, 255], [362, 255], [361, 256], [348, 256], [347, 257], [332, 257], [331, 258], [317, 258], [316, 259], [302, 259], [301, 260], [287, 260], [286, 261], [274, 261], [273, 262], [258, 262], [257, 263], [245, 263], [244, 264], [229, 264], [228, 265], [211, 265], [210, 266], [195, 266], [194, 267], [184, 267], [183, 268], [170, 268], [169, 269], [157, 269], [156, 270], [152, 270], [149, 273], [149, 275], [148, 276], [148, 279], [145, 282], [144, 282], [143, 283], [142, 283], [144, 283], [146, 285], [146, 293], [145, 294], [145, 296], [144, 297], [144, 310], [143, 311], [143, 320], [142, 321], [142, 327], [141, 328], [141, 335], [140, 336], [140, 342], [139, 343], [139, 350], [138, 351], [138, 359], [137, 360], [137, 365], [136, 366], [136, 373], [135, 374], [135, 381], [134, 382], [134, 388], [133, 389], [133, 394], [132, 395], [132, 403], [131, 404], [131, 411], [130, 412], [130, 419], [129, 420], [129, 426], [128, 427], [128, 433], [127, 434], [127, 446], [128, 447], [130, 447], [131, 446], [139, 446], [140, 445], [152, 445], [153, 444], [163, 444], [164, 443], [175, 443], [176, 442], [188, 442], [189, 441], [200, 441], [201, 440], [212, 440], [213, 439], [226, 439], [227, 438], [241, 438], [242, 437], [258, 437], [259, 436], [276, 436], [277, 435], [285, 435], [286, 434], [296, 434], [297, 433], [310, 433], [311, 432], [324, 432], [325, 431], [337, 431], [338, 430], [352, 430], [353, 429], [367, 429], [368, 428], [381, 428], [382, 427], [394, 427], [395, 426], [406, 426], [407, 425], [422, 425], [423, 424], [436, 424], [437, 423], [450, 423], [451, 422], [467, 422], [468, 421], [483, 421], [484, 420], [496, 420], [497, 419], [512, 419], [513, 418], [526, 418], [527, 417], [539, 417], [540, 416], [554, 416], [555, 415], [567, 415], [568, 414], [583, 414], [584, 413], [598, 413], [599, 412], [614, 412], [615, 411], [630, 411], [631, 410], [654, 410], [655, 409], [663, 409], [664, 408], [669, 408], [670, 407], [681, 407], [682, 406], [691, 406], [692, 405], [700, 405], [701, 404], [701, 385], [700, 384], [700, 383], [699, 384], [699, 385], [698, 386], [697, 386], [696, 387], [695, 387], [694, 388], [686, 388], [683, 385], [683, 381], [685, 379], [686, 379], [687, 378], [688, 378], [688, 377], [690, 375], [691, 375], [692, 374], [696, 374], [697, 373], [698, 374], [698, 375], [699, 376], [699, 378], [700, 378], [700, 367], [699, 366], [699, 364], [698, 365], [698, 366], [697, 367], [696, 366], [691, 366], [690, 365], [689, 365], [687, 363], [686, 363], [683, 360], [683, 358], [684, 357], [684, 356], [686, 354], [687, 354], [687, 352], [688, 351], [689, 351], [689, 349], [691, 347], [692, 347], [693, 346], [694, 346], [694, 345], [695, 344], [696, 344], [697, 345], [697, 344], [698, 343], [698, 331], [697, 330], [697, 321], [696, 320], [696, 313], [695, 312], [695, 297], [694, 296], [694, 279], [693, 278], [693, 271], [692, 270], [692, 253], [691, 252], [691, 244], [692, 243], [692, 242], [691, 241], [691, 239], [690, 238], [690, 236], [688, 234]], "holes": []}