{"cx": 451.581787109375, "cy": 297.9149475097656, "length": 173.885986328125, "width": 373.8499450683594, "depth": 84.21141052246094, "rotation": -87.75425720214844, "boundary": [[271, 206], [270, 207], [270, 208], [269, 209], [269, 223], [268, 224], [268, 243], [267, 244], [267, 245], [268, 246], [268, 250], [267, 251], [267, 275], [266, 276], [266, 286], [265, 287], [265, 319], [264, 320], [264, 337], [263, 338], [263, 361], [262, 362], [262, 369], [263, 370], [263, 375], [265, 377], [281, 377], [282, 378], [305, 378], [306, 379], [325, 379], [326, 380], [364, 380], [365, 381], [398, 381], [399, 382], [425, 382], [426, 383], [451, 383], [452, 384], [486, 384], [487, 385], [508, 385], [509, 386], [523, 386], [524, 387], [542, 387], [543, 388], [564, 388], [565, 389], [587, 389], [588, 390], [608, 390], [609, 391], [631, 391], [632, 392], [634, 392], [635, 391], [635, 388], [634, 387], [634, 386], [633, 385], [633, 382], [632, 381], [632, 376], [631, 375], [631, 373], [630, 372], [630, 367], [629, 366], [629, 363], [628, 362], [628, 358], [627, 357], [627, 355], [626, 354], [626, 351], [625, 350], [625, 347], [624, 346], [624, 343], [623, 342], [623, 339], [622, 338], [622, 336], [621, 335], [621, 330], [620, 329], [620, 327], [619, 326], [619, 322], [618, 321], [618, 317], [617, 316], [617, 314], [616, 313], [616, 308], [615, 307], [615, 305], [614, 304], [614, 301], [613, 300], [613, 297], [612, 296], [612, 293], [611, 292], [611, 289], [610, 288], [610, 284], [609, 283], [609, 280], [608, 279], [608, 275], [607, 274], [607, 270], [606, 269], [606, 266], [605, 265], [605, 262], [604, 261], [604, 257], [603, 256], [603, 253], [602, 252], [602, 249], [601, 248], [601, 245], [600, 244], [600, 241], [599, 240], [599, 237], [598, 236], [598, 231], [597, 230], [597, 229], [596, 228], [596, 225], [595, 224], [595, 221], [594, 220], [594, 219], [592, 217], [576, 217], [575, 216], [553, 216], [552, 215], [530, 215], [529, 214], [506, 214], [505, 213], [471, 213], [470, 212], [442, 212], [441, 211], [411, 211], [410, 210], [362, 210], [361, 209], [322, 209], [321, 208], [296, 208], [295, 207], [282, 207], [281, 206]], "holes": []}