{"cx": 430.8205871582031, "cy": 292.31549072265625, "length": 175.64678955078125, "width": 660.101318359375, "depth": 85.1700439453125, "rotation": -89.19791412353516, "boundary": [[106, 201], [105, 202], [105, 203], [104, 204], [104, 206], [103, 207], [103, 242], [102, 243], [102, 246], [103, 247], [103, 267], [102, 268], [102, 319], [101, 320], [101, 344], [100, 345], [100, 352], [101, 353], [101, 356], [100, 357], [100, 373], [102, 375], [106, 375], [107, 374], [136, 374], [137, 375], [178, 375], [179, 376], [205, 376], [206, 377], [263, 377], [264, 376], [274, 376], [275, 377], [390, 377], [391, 378], [464, 378], [465, 379], [517, 379], [518, 380], [558, 380], [559, 381], [644, 381], [645, 380], [686, 380], [687, 381], [701, 381], [702, 382], [704, 382], [706, 384], [708, 384], [709, 383], [709, 382], [710, 381], [710, 380], [711, 379], [711, 378], [712, 377], [712, 375], [713, 374], [713, 372], [714, 371], [714, 369], [715, 368], [715, 367], [716, 366], [716, 363], [717, 362], [717, 360], [718, 359], [718, 357], [719, 356], [719, 354], [720, 353], [720, 351], [721, 350], [721, 349], [722, 348], [722, 346], [723, 345], [723, 342], [724, 341], [724, 339], [725, 338], [725, 335], [726, 334], [726, 331], [727, 330], [727, 327], [728, 326], [728, 324], [729, 323], [729, 322], [730, 321], [730, 318], [731, 317], [731, 315], [732, 314], [732, 311], [733, 310], [733, 308], [734, 307], [734, 305], [735, 304], [735, 302], [736, 301], [736, 299], [737, 298], [737, 295], [738, 294], [738, 292], [739, 291], [739, 288], [740, 287], [740, 285], [741, 284], [741, 280], [742, 279], [742, 277], [743, 276], [743, 274], [744, 273], [744, 271], [745, 270], [745, 268], [746, 267], [746, 265], [747, 264], [747, 262], [748, 261], [748, 259], [749, 258], [749, 256], [750, 255], [750, 251], [751, 250], [751, 248], [752, 247], [752, 245], [753, 244], [753, 241], [754, 240], [754, 238], [755, 237], [755, 235], [756, 234], [756, 231], [757, 230], [757, 228], [758, 227], [758, 225], [759, 224], [759, 222], [760, 221], [760, 219], [761, 218], [761, 215], [762, 214], [762, 211], [761, 210], [754, 210], [753, 209], [683, 209], [682, 208], [656, 208], [655, 209], [577, 209], [576, 208], [525, 208], [524, 207], [493, 207], [492, 206], [409, 206], [408, 205], [367, 205], [366, 204], [279, 204], [278, 203], [238, 203], [237, 204], [228, 204], [227, 203], [180, 203], [179, 202], [144, 202], [143, 201]], "holes": []}