{"cx": 431.53619384765625, "cy": 313.0889892578125, "length": 558.1762084960938, "width": 175.48806762695312, "depth": 82.2815170288086, "rotation": -0.9934689402580261, "boundary": [[637, 222], [636, 223], [599, 223], [598, 224], [574, 224], [573, 225], [465, 225], [464, 226], [393, 226], [392, 227], [343, 227], [342, 228], [301, 228], [300, 229], [255, 229], [254, 230], [203, 230], [202, 231], [201, 231], [199, 233], [199, 234], [198, 235], [198, 237], [197, 238], [197, 240], [196, 241], [196, 244], [195, 245], [195, 247], [194, 248], [194, 251], [193, 252], [193, 255], [192, 256], [192, 259], [191, 260], [191, 263], [190, 264], [190, 266], [189, 267], [189, 270], [188, 271], [188, 274], [187, 275], [187, 278], [186, 279], [186, 281], [185, 282], [185, 285], [184, 286], [184, 289], [183, 290], [183, 293], [182, 294], [182, 297], [181, 298], [181, 300], [180, 301], [180, 304], [179, 305], [179, 308], [178, 309], [178, 312], [177, 313], [177, 315], [176, 316], [176, 319], [175, 320], [175, 323], [174, 324], [174, 327], [173, 328], [173, 330], [172, 331], [172, 334], [171, 335], [171, 338], [170, 339], [170, 342], [169, 343], [169, 345], [168, 346], [168, 349], [167, 350], [167, 353], [166, 354], [166, 357], [165, 358], [165, 361], [164, 362], [164, 365], [163, 366], [163, 368], [162, 369], [162, 372], [161, 373], [161, 376], [160, 377], [160, 380], [159, 381], [159, 384], [158, 385], [158, 387], [157, 388], [157, 391], [156, 392], [156, 395], [155, 396], [155, 399], [154, 400], [154, 405], [192, 405], [193, 404], [236, 404], [237, 403], [289, 403], [290, 402], [331, 402], [332, 401], [375, 401], [376, 400], [393, 400], [394, 401], [395, 400], [418, 400], [419, 399], [481, 399], [482, 398], [564, 398], [565, 397], [593, 397], [594, 396], [688, 396], [689, 395], [698, 395], [699, 396], [711, 396], [712, 395], [712, 390], [711, 389], [711, 386], [710, 385], [710, 383], [709, 382], [709, 379], [708, 378], [708, 376], [707, 375], [707, 372], [706, 371], [706, 369], [705, 368], [705, 365], [704, 364], [704, 361], [703, 360], [703, 357], [702, 356], [702, 353], [701, 352], [701, 349], [700, 348], [700, 345], [699, 344], [699, 342], [698, 341], [698, 338], [697, 337], [697, 334], [696, 333], [696, 331], [695, 330], [695, 327], [694, 326], [694, 323], [693, 322], [693, 319], [692, 318], [692, 315], [691, 314], [691, 311], [690, 310], [690, 307], [689, 306], [689, 303], [688, 302], [688, 299], [687, 298], [687, 295], [686, 294], [686, 291], [685, 290], [685, 287], [684, 286], [684, 282], [683, 281], [683, 279], [682, 278], [682, 275], [681, 274], [681, 271], [680, 270], [680, 267], [679, 266], [679, 264], [678, 263], [678, 260], [677, 259], [677, 255], [676, 254], [676, 252], [675, 251], [675, 248], [674, 247], [674, 244], [673, 243], [673, 240], [672, 239], [672, 237], [671, 236], [671, 232], [670, 231], [670, 228], [669, 227], [669, 226], [668, 225], [668, 224], [666, 222]], "holes": []}