{"cx": 432.7223205566406, "cy": 325.61553955078125, "length": 736.312744140625, "width": 179.8240203857422, "depth": 84.88069152832031, "rotation": -1.1457626819610596, "boundary": [[793, 229], [792, 230], [787, 230], [786, 231], [731, 231], [730, 232], [672, 232], [671, 233], [607, 233], [606, 234], [557, 234], [556, 235], [500, 235], [499, 236], [462, 236], [461, 237], [392, 237], [391, 238], [330, 238], [329, 239], [318, 239], [317, 238], [316, 239], [269, 239], [268, 240], [221, 240], [220, 241], [180, 241], [179, 242], [142, 242], [141, 243], [67, 243], [66, 244], [64, 244], [63, 245], [63, 251], [64, 252], [64, 255], [65, 256], [65, 260], [66, 261], [66, 264], [67, 265], [67, 268], [68, 269], [68, 272], [69, 273], [69, 276], [70, 277], [70, 279], [71, 280], [71, 284], [72, 285], [72, 288], [73, 289], [73, 292], [74, 293], [74, 296], [75, 297], [75, 300], [76, 301], [76, 304], [77, 305], [77, 308], [78, 309], [78, 313], [79, 314], [79, 316], [80, 317], [80, 321], [81, 322], [81, 325], [82, 326], [82, 329], [83, 330], [83, 333], [84, 334], [84, 337], [85, 338], [85, 341], [86, 342], [86, 345], [87, 346], [87, 350], [88, 351], [88, 354], [89, 355], [89, 358], [90, 359], [90, 362], [91, 363], [91, 366], [92, 367], [92, 370], [93, 371], [93, 375], [94, 376], [94, 379], [95, 380], [95, 383], [96, 384], [96, 386], [97, 387], [97, 390], [98, 391], [98, 395], [99, 396], [99, 399], [100, 400], [100, 403], [101, 404], [101, 407], [102, 408], [102, 411], [103, 412], [103, 415], [104, 416], [104, 417], [107, 420], [107, 422], [110, 422], [112, 420], [113, 420], [114, 419], [117, 419], [118, 418], [132, 418], [133, 417], [156, 417], [157, 416], [179, 416], [180, 415], [214, 415], [215, 414], [266, 414], [267, 413], [322, 413], [323, 412], [372, 412], [373, 411], [435, 411], [436, 410], [489, 410], [490, 409], [529, 409], [530, 408], [585, 408], [586, 407], [626, 407], [627, 406], [678, 406], [679, 405], [710, 405], [711, 404], [757, 404], [758, 403], [799, 403], [800, 402], [800, 401], [801, 400], [801, 385], [802, 384], [802, 382], [801, 381], [801, 364], [800, 363], [800, 362], [801, 361], [801, 357], [800, 356], [800, 350], [801, 349], [801, 328], [800, 327], [800, 324], [799, 323], [799, 313], [800, 312], [800, 289], [799, 288], [799, 271], [798, 270], [798, 265], [799, 264], [799, 259], [798, 258], [798, 244], [799, 243], [799, 242], [798, 241], [798, 239], [797, 238], [797, 235], [798, 234], [798, 230], [797, 230], [796, 229]], "holes": []}