{"cx": 408.1655578613281, "cy": 302.88604736328125, "length": 684.2067260742188, "width": 178.66795349121094, "depth": 85.60408020019531, "rotation": -1.213344931602478, "boundary": [[693, 208], [692, 209], [692, 211], [690, 213], [645, 213], [644, 214], [571, 214], [570, 215], [519, 215], [518, 216], [480, 216], [479, 217], [442, 217], [441, 218], [375, 218], [374, 219], [328, 219], [327, 220], [285, 220], [284, 221], [248, 221], [247, 222], [173, 222], [172, 223], [156, 223], [155, 222], [154, 222], [153, 221], [152, 221], [150, 219], [147, 222], [147, 223], [146, 224], [146, 225], [145, 226], [145, 227], [144, 228], [144, 229], [143, 230], [143, 231], [142, 232], [142, 233], [141, 234], [141, 235], [140, 236], [140, 238], [139, 239], [139, 240], [138, 241], [138, 242], [137, 243], [137, 244], [136, 245], [136, 247], [135, 248], [135, 249], [134, 250], [134, 251], [133, 252], [133, 253], [132, 254], [132, 256], [131, 257], [131, 258], [130, 259], [130, 260], [129, 261], [129, 262], [128, 263], [128, 264], [127, 265], [127, 267], [126, 268], [126, 269], [125, 270], [125, 271], [124, 272], [124, 273], [123, 274], [123, 275], [122, 276], [122, 277], [121, 278], [121, 280], [120, 281], [120, 282], [119, 283], [119, 284], [118, 285], [118, 286], [117, 287], [117, 289], [116, 290], [116, 291], [115, 292], [115, 293], [114, 294], [114, 295], [113, 296], [113, 298], [112, 299], [112, 300], [111, 301], [111, 302], [110, 303], [110, 304], [109, 305], [109, 306], [108, 307], [108, 308], [107, 309], [107, 311], [106, 312], [106, 313], [105, 314], [105, 315], [104, 316], [104, 317], [103, 318], [103, 320], [102, 321], [102, 322], [101, 323], [101, 324], [100, 325], [100, 326], [99, 327], [99, 328], [98, 329], [98, 330], [97, 331], [97, 333], [96, 334], [96, 335], [95, 336], [95, 337], [94, 338], [94, 339], [93, 340], [93, 341], [92, 342], [92, 343], [91, 344], [91, 346], [90, 347], [90, 348], [89, 349], [89, 350], [88, 351], [88, 352], [87, 353], [87, 355], [86, 356], [86, 357], [85, 358], [85, 359], [84, 360], [84, 361], [83, 362], [83, 363], [82, 364], [82, 366], [81, 367], [81, 368], [80, 369], [80, 370], [79, 371], [79, 372], [78, 373], [78, 374], [77, 375], [77, 376], [76, 377], [76, 378], [75, 379], [75, 380], [74, 381], [74, 383], [73, 384], [73, 385], [72, 386], [72, 388], [71, 389], [71, 390], [70, 391], [70, 392], [69, 393], [69, 395], [68, 396], [68, 398], [69, 399], [89, 399], [90, 398], [117, 398], [118, 397], [155, 397], [156, 396], [193, 396], [194, 395], [250, 395], [251, 394], [282, 394], [283, 393], [318, 393], [319, 392], [357, 392], [358, 391], [432, 391], [433, 390], [476, 390], [477, 389], [511, 389], [512, 388], [555, 388], [556, 387], [590, 387], [591, 386], [686, 386], [687, 385], [689, 385], [690, 386], [691, 385], [750, 385], [752, 383], [752, 381], [751, 380], [751, 378], [750, 377], [750, 374], [749, 373], [749, 370], [748, 369], [748, 367], [747, 366], [747, 364], [746, 363], [746, 361], [745, 360], [745, 357], [744, 356], [744, 353], [743, 352], [743, 349], [744, 348], [744, 345], [745, 344], [745, 342], [741, 342], [740, 341], [740, 340], [739, 339], [739, 338], [738, 337], [738, 333], [737, 332], [737, 331], [736, 330], [736, 328], [735, 327], [735, 325], [734, 324], [734, 321], [733, 320], [733, 318], [732, 317], [732, 315], [731, 314], [731, 312], [730, 311], [730, 308], [729, 307], [729, 305], [728, 304], [728, 302], [727, 301], [727, 299], [726, 298], [726, 295], [725, 294], [725, 292], [724, 291], [724, 289], [723, 288], [723, 286], [722, 285], [722, 283], [721, 282], [721, 279], [720, 278], [720, 276], [719, 275], [719, 272], [718, 271], [718, 269], [717, 268], [717, 265], [716, 264], [716, 262], [715, 261], [715, 259], [714, 258], [714, 256], [713, 255], [713, 252], [712, 251], [712, 248], [711, 247], [711, 246], [710, 245], [710, 242], [709, 241], [709, 238], [708, 237], [708, 235], [707, 234], [707, 232], [706, 231], [706, 228], [705, 227], [705, 225], [704, 224], [704, 222], [703, 221], [703, 218], [702, 217], [702, 216], [701, 215], [701, 214], [699, 212], [699, 211], [698, 210], [698, 209], [697, 208]], "holes": []}