{"cx": 414.5255126953125, "cy": 283.173583984375, "length": 181.2164764404297, "width": 600.485107421875, "depth": 87.11480712890625, "rotation": -88.8982925415039, "boundary": [[124, 187], [123, 188], [120, 188], [119, 189], [118, 189], [116, 191], [116, 196], [117, 197], [117, 251], [116, 252], [116, 302], [115, 303], [115, 341], [114, 342], [114, 363], [115, 364], [115, 365], [116, 366], [138, 366], [139, 367], [188, 367], [189, 368], [221, 368], [222, 369], [264, 369], [265, 370], [328, 370], [329, 371], [392, 371], [393, 372], [433, 372], [434, 373], [484, 373], [485, 374], [528, 374], [529, 375], [564, 375], [565, 376], [614, 376], [615, 377], [658, 377], [659, 378], [684, 378], [685, 379], [688, 379], [689, 378], [692, 378], [693, 379], [712, 379], [713, 378], [713, 376], [712, 375], [712, 373], [711, 372], [711, 370], [710, 369], [710, 367], [709, 366], [709, 363], [708, 362], [708, 361], [707, 360], [707, 354], [704, 351], [704, 348], [703, 347], [703, 344], [701, 342], [701, 340], [700, 339], [700, 337], [699, 336], [699, 335], [698, 334], [698, 333], [697, 332], [697, 330], [696, 329], [696, 328], [695, 327], [695, 324], [694, 323], [694, 321], [693, 320], [693, 318], [692, 317], [692, 315], [691, 314], [691, 312], [690, 311], [690, 310], [689, 309], [689, 307], [688, 306], [688, 304], [687, 303], [687, 300], [686, 299], [686, 298], [685, 297], [685, 295], [684, 294], [684, 292], [683, 291], [683, 290], [682, 289], [682, 288], [681, 287], [681, 285], [680, 284], [680, 282], [679, 281], [679, 279], [678, 278], [678, 276], [677, 275], [677, 273], [676, 272], [676, 270], [675, 269], [675, 267], [674, 266], [674, 265], [673, 264], [673, 261], [672, 260], [672, 259], [671, 258], [671, 257], [670, 256], [670, 253], [669, 252], [669, 251], [668, 250], [668, 249], [667, 248], [667, 246], [666, 245], [666, 242], [665, 241], [665, 239], [664, 238], [664, 236], [663, 235], [663, 234], [662, 233], [662, 232], [661, 231], [661, 228], [660, 227], [660, 225], [659, 224], [659, 222], [658, 221], [658, 220], [657, 219], [657, 216], [656, 215], [656, 212], [655, 211], [655, 208], [654, 207], [654, 206], [653, 205], [653, 204], [652, 203], [652, 202], [651, 201], [651, 199], [649, 199], [648, 198], [647, 198], [646, 197], [645, 197], [644, 198], [644, 200], [643, 201], [643, 202], [642, 203], [624, 203], [623, 202], [574, 202], [573, 201], [537, 201], [536, 200], [489, 200], [488, 199], [438, 199], [437, 198], [409, 198], [408, 197], [344, 197], [343, 196], [288, 196], [287, 195], [246, 195], [245, 194], [218, 194], [217, 193], [185, 193], [184, 192], [145, 192], [144, 191], [134, 191], [133, 190], [129, 190], [126, 187]], "holes": []}