{"cx": 400.4167785644531, "cy": 301.36285400390625, "length": 178.85643005371094, "width": 414.92620849609375, "depth": 82.91654968261719, "rotation": -88.39099884033203, "boundary": [[200, 207], [200, 208], [199, 209], [199, 212], [198, 213], [198, 224], [197, 225], [197, 242], [196, 243], [196, 267], [195, 268], [195, 294], [194, 295], [194, 312], [193, 313], [193, 318], [194, 319], [194, 329], [193, 330], [193, 349], [192, 350], [192, 367], [191, 368], [191, 370], [192, 371], [192, 382], [191, 383], [191, 384], [192, 384], [193, 385], [195, 385], [196, 384], [197, 384], [198, 383], [201, 383], [202, 382], [218, 382], [219, 383], [256, 383], [257, 384], [300, 384], [301, 385], [335, 385], [336, 386], [361, 386], [362, 387], [386, 387], [387, 388], [427, 388], [428, 389], [466, 389], [467, 390], [491, 390], [492, 391], [524, 391], [525, 392], [554, 392], [555, 393], [599, 393], [600, 392], [600, 391], [601, 390], [601, 384], [602, 383], [602, 370], [603, 369], [603, 349], [604, 348], [604, 331], [605, 330], [605, 313], [606, 312], [606, 310], [607, 309], [607, 301], [608, 300], [608, 251], [607, 250], [607, 234], [608, 233], [608, 226], [607, 225], [607, 220], [606, 219], [605, 219], [604, 218], [583, 218], [582, 217], [578, 217], [577, 218], [557, 218], [556, 217], [523, 217], [522, 216], [492, 216], [491, 215], [466, 215], [465, 214], [425, 214], [424, 213], [371, 213], [370, 212], [347, 212], [346, 211], [331, 211], [330, 210], [285, 210], [284, 209], [242, 209], [241, 208], [227, 208], [226, 207]], "holes": []}