{"cx": 441.0699462890625, "cy": 307.0634460449219, "length": 178.95396423339844, "width": 423.06011962890625, "depth": 84.1706314086914, "rotation": -88.98216247558594, "boundary": [[237, 214], [236, 215], [235, 215], [235, 216], [234, 217], [234, 220], [231, 223], [231, 224], [232, 225], [232, 229], [233, 230], [233, 237], [232, 238], [233, 239], [233, 273], [232, 274], [232, 280], [233, 281], [233, 282], [232, 283], [232, 285], [231, 286], [231, 292], [232, 293], [231, 294], [231, 306], [232, 307], [232, 314], [231, 315], [231, 366], [230, 367], [230, 379], [229, 380], [229, 381], [230, 382], [230, 389], [231, 390], [238, 390], [241, 393], [243, 393], [244, 392], [246, 392], [247, 391], [279, 391], [280, 392], [328, 392], [329, 393], [369, 393], [370, 394], [412, 394], [413, 395], [494, 395], [495, 396], [533, 396], [534, 397], [559, 397], [560, 398], [589, 398], [590, 399], [634, 399], [635, 400], [650, 400], [651, 399], [651, 396], [650, 395], [650, 392], [649, 391], [649, 390], [648, 389], [648, 387], [647, 386], [647, 383], [646, 382], [646, 379], [645, 378], [645, 377], [644, 376], [644, 375], [643, 374], [643, 372], [642, 371], [642, 370], [641, 369], [641, 366], [640, 365], [640, 364], [639, 363], [639, 362], [638, 361], [638, 359], [637, 358], [637, 356], [636, 355], [636, 352], [635, 351], [635, 349], [634, 348], [634, 346], [633, 345], [633, 342], [632, 341], [632, 340], [631, 339], [631, 337], [630, 336], [630, 333], [629, 332], [629, 331], [628, 330], [628, 328], [627, 327], [627, 324], [626, 323], [626, 321], [625, 320], [625, 319], [624, 318], [624, 316], [623, 315], [623, 313], [622, 312], [622, 310], [621, 309], [621, 307], [620, 306], [620, 304], [619, 303], [619, 301], [618, 300], [618, 299], [617, 298], [617, 296], [616, 295], [616, 293], [615, 292], [615, 290], [614, 289], [614, 287], [613, 286], [613, 284], [612, 283], [612, 281], [611, 280], [611, 278], [610, 277], [610, 275], [609, 274], [609, 272], [608, 271], [608, 270], [607, 269], [607, 267], [606, 266], [606, 264], [605, 263], [605, 262], [604, 261], [604, 259], [603, 258], [603, 256], [602, 255], [602, 252], [601, 251], [601, 249], [600, 248], [600, 247], [599, 246], [599, 243], [598, 242], [598, 240], [597, 239], [597, 237], [596, 236], [596, 234], [595, 233], [595, 232], [594, 231], [594, 229], [593, 228], [593, 227], [592, 226], [592, 225], [591, 225], [590, 224], [562, 224], [561, 223], [528, 223], [527, 222], [495, 222], [494, 221], [455, 221], [454, 220], [391, 220], [390, 219], [335, 219], [334, 218], [281, 218], [280, 217], [253, 217], [252, 216], [243, 216], [242, 215], [241, 215], [240, 214]], "holes": []}