{"cx": 448.0496520996094, "cy": 324.6893310546875, "length": 179.4027862548828, "width": 402.966552734375, "depth": 88.94984436035156, "rotation": -89.6860580444336, "boundary": [[252, 234], [251, 235], [250, 235], [249, 236], [249, 238], [248, 239], [248, 244], [247, 245], [247, 246], [248, 247], [248, 251], [249, 252], [249, 255], [248, 256], [248, 261], [249, 262], [249, 294], [248, 295], [248, 330], [249, 331], [249, 338], [248, 339], [248, 375], [247, 376], [247, 385], [248, 386], [248, 406], [249, 407], [249, 408], [250, 409], [280, 409], [281, 410], [434, 410], [435, 411], [503, 411], [504, 410], [539, 410], [540, 411], [543, 411], [544, 412], [546, 412], [547, 411], [550, 411], [551, 412], [555, 412], [557, 414], [558, 414], [559, 415], [567, 415], [568, 414], [574, 414], [576, 412], [577, 412], [577, 411], [579, 409], [579, 401], [585, 395], [585, 394], [586, 393], [586, 386], [589, 383], [589, 382], [590, 381], [590, 377], [591, 376], [591, 375], [592, 374], [592, 371], [593, 370], [593, 368], [594, 367], [594, 366], [595, 365], [596, 365], [599, 362], [599, 361], [600, 360], [600, 356], [601, 355], [601, 352], [605, 348], [605, 347], [606, 346], [606, 344], [607, 343], [607, 342], [610, 339], [610, 337], [613, 334], [613, 333], [614, 332], [614, 331], [615, 330], [615, 324], [617, 322], [617, 321], [618, 320], [618, 319], [619, 318], [619, 317], [620, 316], [620, 315], [621, 314], [621, 311], [622, 310], [622, 308], [623, 307], [623, 304], [624, 303], [624, 301], [625, 300], [625, 298], [626, 297], [626, 296], [627, 295], [627, 293], [628, 292], [628, 291], [629, 290], [629, 289], [630, 288], [630, 287], [631, 286], [631, 285], [632, 284], [632, 281], [633, 280], [633, 278], [634, 277], [634, 276], [635, 275], [635, 274], [636, 273], [636, 272], [637, 271], [637, 270], [640, 267], [641, 267], [641, 264], [642, 263], [642, 260], [643, 259], [643, 257], [644, 256], [644, 255], [646, 253], [646, 252], [647, 251], [647, 250], [648, 249], [648, 245], [649, 244], [649, 241], [650, 240], [650, 238], [649, 237], [634, 237], [633, 236], [430, 236], [429, 235], [269, 235], [268, 234]], "holes": []}