{"cx": 373.77154541015625, "cy": 332.5019836425781, "length": 612.0462036132812, "width": 186.90682983398438, "depth": 87.21216583251953, "rotation": -0.49391689896583557, "boundary": [[611, 237], [610, 238], [495, 238], [494, 239], [443, 239], [442, 240], [441, 239], [438, 239], [437, 240], [329, 240], [328, 241], [279, 241], [278, 242], [74, 242], [73, 243], [71, 243], [70, 244], [68, 244], [68, 245], [67, 246], [67, 247], [68, 248], [68, 251], [69, 252], [69, 254], [70, 255], [70, 258], [71, 259], [71, 263], [72, 264], [72, 266], [73, 267], [73, 269], [74, 270], [74, 272], [75, 273], [75, 277], [76, 278], [76, 280], [77, 281], [77, 285], [78, 286], [78, 288], [79, 289], [79, 291], [80, 292], [80, 294], [81, 295], [81, 298], [82, 299], [82, 304], [83, 305], [83, 307], [84, 308], [84, 310], [85, 311], [85, 313], [86, 314], [86, 316], [87, 317], [87, 321], [88, 322], [88, 324], [89, 325], [89, 328], [90, 329], [90, 331], [91, 332], [91, 334], [92, 335], [92, 338], [93, 339], [93, 342], [94, 343], [94, 347], [95, 348], [95, 350], [96, 351], [96, 354], [97, 355], [97, 358], [98, 359], [98, 361], [99, 362], [99, 367], [100, 368], [100, 370], [101, 371], [101, 373], [102, 374], [102, 375], [103, 376], [103, 379], [104, 380], [104, 382], [105, 383], [105, 386], [106, 387], [106, 389], [107, 390], [107, 394], [108, 395], [108, 398], [109, 399], [109, 402], [110, 403], [110, 406], [111, 407], [111, 409], [112, 410], [112, 413], [113, 414], [113, 416], [114, 417], [114, 421], [113, 422], [113, 425], [114, 426], [119, 426], [120, 427], [122, 425], [124, 425], [125, 426], [127, 426], [126, 425], [126, 424], [127, 423], [149, 423], [150, 422], [291, 422], [292, 421], [404, 421], [405, 420], [485, 420], [486, 419], [526, 419], [527, 418], [594, 418], [600, 424], [601, 424], [602, 423], [603, 423], [604, 422], [605, 422], [605, 421], [606, 420], [606, 419], [607, 418], [607, 415], [608, 414], [608, 412], [609, 411], [609, 410], [610, 409], [610, 408], [611, 407], [611, 406], [612, 405], [612, 403], [613, 402], [613, 400], [614, 399], [614, 397], [615, 396], [615, 395], [616, 394], [616, 392], [617, 391], [617, 389], [618, 388], [618, 387], [619, 386], [619, 384], [620, 383], [620, 382], [621, 381], [621, 380], [622, 379], [622, 377], [623, 376], [623, 375], [624, 374], [624, 372], [625, 371], [625, 370], [626, 369], [626, 367], [627, 366], [627, 364], [628, 363], [628, 362], [629, 361], [629, 359], [630, 358], [630, 357], [631, 356], [631, 355], [632, 354], [632, 353], [633, 352], [633, 350], [634, 349], [634, 348], [635, 347], [635, 345], [636, 344], [636, 343], [637, 342], [637, 340], [638, 339], [638, 338], [639, 337], [639, 335], [640, 334], [640, 333], [641, 332], [641, 330], [642, 329], [642, 328], [643, 327], [643, 325], [644, 324], [644, 323], [645, 322], [645, 321], [646, 320], [646, 318], [647, 317], [647, 316], [648, 315], [648, 314], [649, 313], [649, 311], [650, 310], [650, 309], [651, 308], [651, 307], [652, 306], [652, 304], [653, 303], [653, 302], [654, 301], [654, 299], [655, 298], [655, 297], [656, 296], [656, 295], [657, 294], [657, 293], [658, 292], [658, 290], [659, 289], [659, 287], [660, 286], [660, 285], [661, 284], [661, 282], [662, 281], [662, 280], [663, 279], [663, 277], [664, 276], [664, 275], [665, 274], [665, 273], [666, 272], [666, 270], [667, 269], [667, 267], [668, 266], [668, 265], [669, 264], [669, 262], [670, 261], [670, 260], [671, 259], [671, 258], [672, 257], [672, 255], [673, 254], [673, 253], [674, 252], [674, 251], [675, 250], [675, 249], [676, 248], [676, 245], [677, 244], [677, 243], [678, 242], [678, 240], [679, 239], [677, 237], [616, 237], [615, 238], [614, 238], [613, 237]], "holes": []}