{"cx": 432.40557861328125, "cy": 319.8304748535156, "length": 180.92787170410156, "width": 283.47857666015625, "depth": 79.64956665039062, "rotation": -83.51188659667969, "boundary": [[319, 216], [319, 218], [317, 220], [317, 225], [316, 226], [316, 229], [315, 230], [315, 236], [314, 237], [314, 242], [313, 243], [313, 247], [312, 248], [312, 252], [311, 253], [311, 256], [310, 257], [310, 262], [309, 263], [309, 266], [308, 267], [308, 271], [307, 272], [307, 276], [306, 277], [306, 280], [305, 281], [305, 285], [304, 286], [304, 289], [303, 290], [303, 293], [302, 294], [302, 299], [301, 300], [301, 303], [300, 304], [300, 307], [299, 308], [299, 313], [298, 314], [298, 317], [297, 318], [297, 322], [296, 323], [296, 327], [295, 328], [295, 332], [294, 333], [294, 337], [293, 338], [293, 341], [292, 342], [292, 345], [291, 346], [291, 351], [290, 352], [290, 355], [289, 356], [289, 359], [288, 360], [288, 364], [287, 365], [287, 369], [286, 370], [286, 373], [285, 374], [285, 378], [284, 379], [284, 382], [283, 383], [283, 387], [282, 388], [282, 393], [283, 393], [284, 394], [294, 394], [295, 395], [308, 395], [309, 396], [323, 396], [324, 397], [335, 397], [336, 398], [348, 398], [349, 399], [358, 399], [359, 400], [368, 400], [369, 401], [379, 401], [380, 402], [388, 402], [389, 403], [400, 403], [401, 404], [415, 404], [416, 405], [426, 405], [427, 406], [435, 406], [436, 407], [445, 407], [446, 408], [455, 408], [456, 409], [464, 409], [465, 410], [473, 410], [474, 411], [483, 411], [484, 412], [492, 412], [493, 413], [502, 413], [503, 414], [513, 414], [514, 415], [518, 415], [519, 414], [520, 414], [520, 413], [521, 412], [521, 411], [522, 410], [522, 409], [523, 408], [523, 406], [524, 405], [524, 403], [525, 402], [525, 401], [526, 400], [526, 398], [527, 397], [527, 395], [528, 394], [528, 393], [529, 392], [529, 391], [530, 390], [530, 388], [531, 387], [531, 385], [532, 384], [532, 382], [533, 381], [533, 380], [534, 379], [534, 377], [535, 376], [535, 374], [536, 373], [536, 371], [537, 370], [537, 369], [538, 368], [538, 366], [539, 365], [539, 363], [540, 362], [540, 361], [541, 360], [541, 358], [542, 357], [542, 355], [543, 354], [543, 353], [544, 352], [544, 350], [545, 349], [545, 348], [546, 347], [546, 345], [547, 344], [547, 343], [548, 342], [548, 341], [549, 340], [549, 338], [550, 337], [550, 336], [551, 335], [551, 333], [552, 332], [552, 330], [553, 329], [553, 328], [554, 327], [554, 325], [555, 324], [555, 322], [556, 321], [556, 319], [557, 318], [557, 317], [558, 316], [558, 315], [559, 314], [559, 312], [560, 311], [560, 309], [561, 308], [561, 307], [562, 306], [562, 304], [563, 303], [563, 301], [564, 300], [564, 298], [565, 297], [565, 296], [566, 295], [566, 293], [567, 292], [567, 290], [568, 289], [568, 287], [569, 286], [569, 285], [570, 284], [570, 282], [571, 281], [571, 280], [572, 279], [572, 277], [573, 276], [573, 275], [574, 274], [574, 272], [575, 271], [575, 269], [576, 268], [576, 267], [577, 266], [577, 264], [578, 263], [578, 262], [579, 261], [579, 259], [580, 258], [580, 256], [581, 255], [581, 254], [582, 253], [582, 251], [583, 250], [583, 248], [581, 246], [576, 246], [575, 245], [562, 245], [561, 244], [555, 244], [554, 243], [546, 243], [545, 242], [533, 242], [532, 241], [522, 241], [521, 240], [512, 240], [511, 239], [501, 239], [500, 238], [490, 238], [489, 237], [480, 237], [479, 236], [470, 236], [469, 235], [460, 235], [459, 234], [452, 234], [451, 233], [444, 233], [443, 232], [433, 232], [432, 231], [425, 231], [424, 230], [409, 230], [408, 229], [396, 229], [395, 228], [385, 228], [384, 227], [374, 227], [373, 226], [362, 226], [361, 225], [348, 225], [347, 224], [334, 224], [333, 223], [327, 223], [326, 222], [325, 222], [323, 220], [323, 219], [320, 216]], "holes": []}