{"cx": 419.92559814453125, "cy": 275.48284912109375, "length": 322.5928649902344, "width": 184.8201904296875, "depth": 85.69104766845703, "rotation": -1.0609116554260254, "boundary": [[492, 184], [491, 185], [401, 185], [400, 186], [261, 186], [260, 187], [258, 187], [257, 188], [257, 189], [258, 190], [258, 193], [259, 194], [259, 196], [260, 197], [260, 200], [261, 201], [261, 203], [262, 204], [262, 208], [263, 209], [263, 212], [264, 213], [264, 218], [265, 219], [265, 220], [266, 221], [266, 223], [267, 224], [267, 226], [268, 227], [268, 230], [269, 231], [269, 233], [270, 234], [270, 238], [271, 239], [271, 240], [272, 241], [272, 244], [273, 245], [273, 248], [274, 249], [274, 253], [275, 254], [275, 255], [276, 256], [276, 258], [277, 259], [277, 261], [278, 262], [278, 265], [279, 266], [279, 269], [280, 270], [280, 273], [281, 274], [281, 277], [282, 278], [282, 281], [283, 282], [283, 285], [284, 286], [284, 288], [285, 289], [285, 292], [286, 293], [286, 297], [287, 298], [287, 300], [288, 301], [288, 303], [289, 304], [289, 305], [290, 306], [290, 309], [291, 310], [291, 314], [292, 315], [292, 317], [293, 318], [293, 323], [294, 324], [294, 326], [295, 327], [295, 329], [296, 330], [296, 332], [297, 333], [297, 337], [298, 338], [298, 341], [299, 342], [299, 344], [300, 345], [300, 348], [301, 349], [301, 353], [302, 354], [302, 356], [303, 357], [303, 362], [301, 364], [301, 365], [302, 366], [302, 367], [304, 369], [305, 369], [306, 370], [307, 370], [308, 369], [309, 369], [312, 366], [313, 366], [314, 365], [316, 365], [317, 364], [429, 364], [430, 363], [499, 363], [500, 362], [580, 362], [581, 361], [581, 360], [582, 359], [582, 330], [581, 329], [581, 262], [580, 261], [580, 208], [579, 207], [579, 186], [577, 184]], "holes": []}