{"cx": 416.54876708984375, "cy": 329.5325927734375, "length": 328.7869873046875, "width": 85.65184020996094, "depth": 83.8578109741211, "rotation": -4.617712497711182, "boundary": [[550, 276], [549, 277], [535, 277], [534, 278], [524, 278], [523, 279], [515, 279], [514, 280], [503, 280], [502, 281], [497, 281], [496, 282], [495, 282], [494, 281], [493, 282], [479, 282], [478, 283], [472, 283], [471, 284], [457, 284], [456, 285], [447, 285], [446, 286], [434, 286], [433, 287], [428, 287], [427, 288], [407, 288], [406, 289], [392, 289], [391, 290], [384, 290], [383, 291], [369, 291], [368, 292], [361, 292], [360, 293], [347, 293], [346, 294], [335, 294], [334, 295], [318, 295], [317, 296], [308, 296], [307, 297], [294, 297], [293, 298], [275, 298], [274, 299], [267, 299], [266, 300], [253, 300], [252, 301], [251, 301], [251, 315], [252, 316], [252, 329], [253, 330], [253, 342], [254, 343], [254, 359], [255, 360], [255, 370], [256, 371], [256, 372], [257, 372], [259, 374], [260, 374], [262, 376], [263, 376], [264, 377], [273, 377], [274, 378], [275, 378], [276, 379], [282, 379], [283, 380], [287, 380], [288, 381], [292, 381], [293, 382], [296, 382], [297, 381], [306, 381], [307, 380], [317, 380], [318, 379], [329, 379], [330, 378], [342, 378], [343, 377], [354, 377], [355, 376], [367, 376], [368, 375], [379, 375], [380, 374], [395, 374], [396, 373], [408, 373], [409, 372], [421, 372], [422, 371], [433, 371], [434, 370], [444, 370], [445, 369], [456, 369], [457, 368], [470, 368], [471, 367], [484, 367], [485, 366], [497, 366], [498, 365], [509, 365], [510, 364], [519, 364], [520, 363], [533, 363], [534, 362], [544, 362], [545, 361], [558, 361], [559, 360], [566, 360], [567, 359], [577, 359], [578, 358], [582, 358], [583, 357], [583, 354], [582, 353], [582, 336], [581, 335], [581, 328], [580, 327], [580, 316], [579, 315], [579, 307], [578, 306], [578, 295], [577, 294], [577, 287], [576, 286], [576, 278], [575, 278], [574, 277], [573, 277], [572, 276]], "holes": []}