{"cx": 427.3924560546875, "cy": 296.5058288574219, "length": 738.4420166015625, "width": 176.21966552734375, "depth": 85.2427978515625, "rotation": -1.6410399675369263, "boundary": [[789, 198], [788, 199], [775, 199], [774, 200], [723, 200], [722, 201], [698, 201], [697, 202], [665, 202], [664, 203], [635, 203], [634, 204], [598, 204], [597, 205], [569, 205], [568, 206], [541, 206], [540, 207], [511, 207], [510, 208], [476, 208], [475, 209], [445, 209], [444, 210], [414, 210], [413, 211], [376, 211], [375, 212], [350, 212], [349, 213], [319, 213], [318, 214], [287, 214], [286, 215], [255, 215], [254, 216], [225, 216], [224, 217], [195, 217], [194, 218], [165, 218], [164, 219], [116, 219], [115, 220], [61, 220], [60, 219], [56, 219], [56, 226], [57, 227], [57, 229], [58, 230], [58, 232], [59, 233], [59, 234], [60, 235], [60, 236], [61, 237], [61, 239], [62, 240], [62, 242], [63, 243], [63, 245], [64, 246], [64, 247], [65, 248], [65, 249], [66, 250], [66, 252], [67, 253], [67, 258], [70, 261], [70, 263], [71, 264], [71, 265], [72, 266], [72, 267], [73, 268], [73, 270], [74, 271], [74, 273], [75, 274], [75, 275], [76, 276], [76, 278], [77, 279], [77, 280], [78, 281], [78, 283], [79, 284], [79, 286], [80, 287], [80, 288], [81, 289], [81, 291], [82, 292], [82, 295], [83, 296], [83, 297], [84, 298], [84, 299], [85, 300], [85, 301], [86, 302], [86, 304], [87, 305], [87, 306], [88, 307], [88, 309], [89, 310], [89, 312], [90, 313], [90, 314], [91, 315], [91, 317], [92, 318], [92, 319], [93, 320], [93, 322], [94, 323], [94, 325], [95, 326], [95, 327], [96, 328], [96, 330], [97, 331], [97, 332], [98, 333], [98, 335], [99, 336], [99, 337], [100, 338], [100, 341], [101, 342], [101, 343], [102, 344], [102, 346], [103, 347], [103, 349], [104, 350], [104, 351], [105, 352], [105, 353], [106, 354], [106, 355], [107, 356], [107, 358], [108, 359], [108, 361], [109, 362], [109, 366], [110, 367], [110, 368], [112, 370], [112, 372], [113, 373], [113, 375], [114, 376], [114, 377], [115, 378], [115, 379], [116, 380], [116, 382], [117, 383], [117, 385], [118, 386], [118, 388], [123, 393], [136, 393], [137, 392], [161, 392], [162, 391], [189, 391], [190, 390], [214, 390], [215, 389], [237, 389], [238, 388], [266, 388], [267, 387], [297, 387], [298, 386], [328, 386], [329, 385], [355, 385], [356, 384], [386, 384], [387, 383], [421, 383], [422, 382], [448, 382], [449, 381], [476, 381], [477, 380], [516, 380], [517, 379], [558, 379], [559, 378], [578, 378], [579, 377], [609, 377], [610, 376], [647, 376], [648, 375], [688, 375], [689, 374], [714, 374], [715, 373], [766, 373], [767, 372], [769, 372], [770, 371], [770, 369], [771, 368], [771, 367], [772, 366], [772, 362], [773, 361], [773, 359], [774, 358], [774, 357], [773, 356], [773, 355], [774, 354], [774, 347], [775, 346], [775, 341], [776, 340], [776, 329], [777, 328], [777, 325], [778, 324], [778, 321], [779, 320], [779, 312], [780, 311], [780, 306], [781, 305], [781, 299], [782, 298], [782, 291], [783, 290], [783, 284], [784, 283], [784, 277], [785, 276], [785, 270], [786, 269], [786, 264], [787, 263], [787, 254], [788, 253], [788, 249], [789, 248], [789, 241], [790, 240], [790, 233], [791, 232], [791, 226], [792, 225], [792, 216], [793, 215], [793, 208], [794, 207], [794, 200], [792, 198]], "holes": [[744.0, 364.5, 23.048959732055664, [[739, 363], [738, 364], [735, 364], [734, 365], [732, 365], [731, 364], [730, 364], [729, 365], [725, 365], [724, 364], [723, 365], [721, 365], [721, 366], [722, 366], [723, 367], [728, 367], [730, 369], [736, 369], [732, 369], [731, 368], [732, 367], [735, 367], [736, 366], [737, 366], [738, 367], [739, 367], [740, 368], [740, 369], [745, 369], [746, 368], [747, 369], [762, 369], [763, 368], [765, 368], [766, 367], [766, 365], [767, 364], [767, 363], [762, 363], [761, 364], [760, 364], [759, 363], [750, 363], [749, 364], [748, 363], [744, 363], [743, 364], [741, 364], [740, 363]]]]}