{"cx": 444.0912170410156, "cy": 304.1897888183594, "length": 175.66632080078125, "width": 498.1114196777344, "depth": 79.19552612304688, "rotation": -85.81065368652344, "boundary": [[203, 199], [202, 200], [202, 205], [203, 206], [203, 210], [204, 211], [204, 214], [205, 215], [205, 219], [206, 220], [206, 223], [207, 224], [207, 228], [208, 229], [208, 233], [209, 234], [209, 238], [210, 239], [210, 243], [211, 244], [211, 248], [212, 249], [212, 253], [213, 254], [213, 258], [214, 259], [214, 262], [215, 263], [215, 268], [216, 269], [216, 274], [217, 275], [217, 278], [218, 279], [218, 283], [219, 284], [219, 287], [220, 288], [220, 292], [221, 293], [221, 297], [222, 298], [222, 302], [223, 303], [223, 308], [224, 309], [224, 312], [225, 313], [225, 318], [226, 319], [226, 322], [227, 323], [227, 328], [228, 329], [228, 333], [229, 334], [229, 337], [230, 338], [230, 343], [231, 344], [231, 347], [232, 348], [232, 352], [233, 353], [233, 358], [234, 359], [234, 363], [235, 364], [235, 367], [236, 368], [236, 371], [237, 372], [237, 374], [239, 376], [241, 376], [242, 377], [254, 377], [255, 378], [268, 378], [269, 379], [282, 379], [283, 380], [293, 380], [294, 381], [305, 381], [306, 382], [319, 382], [320, 383], [333, 383], [334, 384], [344, 384], [345, 385], [384, 385], [385, 386], [397, 386], [398, 387], [410, 387], [411, 388], [422, 388], [423, 389], [431, 389], [432, 390], [439, 390], [440, 391], [460, 391], [461, 392], [477, 392], [478, 391], [494, 391], [495, 392], [511, 392], [512, 393], [529, 393], [530, 394], [542, 394], [543, 395], [554, 395], [555, 396], [564, 396], [565, 397], [574, 397], [575, 398], [584, 398], [585, 399], [596, 399], [597, 400], [606, 400], [607, 401], [614, 401], [615, 402], [623, 402], [624, 403], [629, 403], [630, 404], [642, 404], [643, 405], [656, 405], [657, 406], [668, 406], [669, 407], [674, 407], [675, 406], [683, 406], [684, 405], [684, 403], [685, 402], [685, 397], [686, 396], [686, 387], [687, 386], [687, 377], [688, 376], [688, 365], [689, 364], [689, 355], [690, 354], [690, 342], [691, 341], [691, 328], [692, 327], [692, 312], [693, 311], [693, 302], [694, 301], [694, 289], [695, 288], [695, 275], [696, 274], [696, 261], [697, 260], [697, 248], [698, 247], [698, 239], [697, 238], [697, 237], [696, 237], [695, 236], [693, 236], [692, 235], [675, 235], [674, 234], [663, 234], [662, 233], [645, 233], [644, 232], [634, 232], [633, 231], [620, 231], [619, 230], [607, 230], [606, 229], [594, 229], [593, 228], [583, 228], [582, 227], [573, 227], [572, 226], [563, 226], [562, 225], [552, 225], [551, 224], [539, 224], [538, 223], [525, 223], [524, 222], [508, 222], [507, 221], [494, 221], [493, 220], [476, 220], [475, 219], [461, 219], [460, 218], [450, 218], [449, 217], [438, 217], [437, 216], [424, 216], [423, 215], [412, 215], [411, 214], [400, 214], [399, 213], [386, 213], [385, 212], [370, 212], [369, 211], [355, 211], [354, 210], [341, 210], [340, 209], [330, 209], [329, 208], [316, 208], [315, 207], [304, 207], [303, 206], [291, 206], [290, 205], [276, 205], [275, 204], [263, 204], [262, 203], [251, 203], [250, 202], [238, 202], [237, 201], [225, 201], [224, 200], [211, 200], [210, 199]], "holes": []}