{"cx": 414.60638427734375, "cy": 284.11737060546875, "length": 179.26800537109375, "width": 560.4284057617188, "depth": 83.56233215332031, "rotation": -82.07568359375, "boundary": [[200, 165], [198, 167], [198, 168], [197, 169], [197, 170], [196, 171], [196, 172], [195, 173], [195, 174], [194, 175], [194, 176], [193, 177], [193, 179], [192, 180], [192, 181], [190, 183], [190, 184], [189, 185], [189, 188], [188, 189], [188, 190], [187, 191], [187, 192], [186, 193], [186, 194], [185, 195], [185, 197], [184, 198], [184, 199], [183, 200], [183, 201], [182, 202], [182, 203], [181, 204], [181, 205], [180, 206], [180, 208], [179, 209], [179, 210], [178, 211], [178, 212], [177, 213], [177, 214], [176, 215], [176, 217], [175, 218], [175, 219], [174, 220], [174, 221], [173, 222], [173, 223], [172, 224], [172, 225], [171, 226], [171, 227], [170, 228], [170, 229], [169, 230], [169, 232], [168, 233], [168, 234], [167, 235], [167, 236], [166, 237], [166, 238], [165, 239], [165, 240], [164, 241], [164, 243], [163, 244], [163, 245], [162, 246], [162, 247], [161, 248], [161, 249], [160, 250], [160, 252], [159, 253], [159, 255], [158, 256], [158, 257], [157, 258], [157, 259], [156, 260], [156, 261], [155, 262], [155, 264], [153, 266], [153, 268], [152, 269], [152, 270], [151, 271], [151, 273], [150, 274], [150, 275], [149, 276], [149, 277], [148, 278], [148, 279], [147, 280], [147, 282], [146, 283], [146, 284], [145, 285], [145, 286], [144, 287], [144, 288], [143, 289], [143, 290], [142, 291], [142, 292], [141, 293], [141, 294], [140, 295], [140, 296], [139, 297], [139, 299], [138, 300], [138, 301], [137, 302], [137, 303], [136, 304], [136, 305], [135, 306], [135, 307], [134, 308], [134, 309], [133, 310], [133, 312], [132, 313], [132, 314], [131, 315], [131, 316], [130, 317], [130, 318], [129, 319], [129, 320], [128, 321], [128, 322], [127, 323], [127, 324], [126, 325], [126, 332], [128, 334], [129, 334], [130, 335], [133, 332], [144, 332], [145, 333], [151, 333], [152, 334], [159, 334], [160, 335], [167, 335], [168, 336], [173, 336], [174, 337], [180, 337], [181, 338], [187, 338], [188, 339], [194, 339], [195, 340], [199, 340], [200, 341], [209, 341], [210, 342], [216, 342], [217, 343], [223, 343], [224, 344], [229, 344], [230, 345], [237, 345], [238, 346], [244, 346], [245, 347], [251, 347], [252, 348], [258, 348], [259, 349], [266, 349], [267, 350], [272, 350], [273, 351], [279, 351], [280, 352], [286, 352], [287, 353], [292, 353], [293, 354], [299, 354], [300, 355], [307, 355], [308, 356], [314, 356], [315, 357], [320, 357], [321, 358], [327, 358], [328, 359], [333, 359], [334, 360], [340, 360], [341, 361], [346, 361], [347, 362], [353, 362], [354, 363], [360, 363], [361, 364], [366, 364], [367, 365], [373, 365], [374, 366], [380, 366], [381, 367], [387, 367], [388, 368], [393, 368], [394, 369], [401, 369], [402, 370], [408, 370], [409, 371], [414, 371], [415, 372], [422, 372], [423, 373], [429, 373], [430, 374], [436, 374], [437, 375], [442, 375], [443, 376], [449, 376], [450, 377], [456, 377], [457, 378], [463, 378], [464, 379], [470, 379], [471, 380], [476, 380], [477, 381], [482, 381], [483, 382], [489, 382], [490, 383], [496, 383], [497, 384], [502, 384], [503, 385], [508, 385], [509, 386], [514, 386], [515, 387], [521, 387], [522, 388], [526, 388], [527, 389], [532, 389], [533, 390], [539, 390], [540, 391], [545, 391], [546, 392], [552, 392], [553, 393], [559, 393], [560, 394], [566, 394], [567, 395], [572, 395], [573, 396], [579, 396], [580, 397], [587, 397], [588, 398], [594, 398], [595, 399], [601, 399], [602, 400], [608, 400], [609, 401], [616, 401], [617, 402], [622, 402], [623, 403], [628, 403], [629, 404], [635, 404], [636, 405], [641, 405], [642, 406], [647, 406], [648, 407], [654, 407], [655, 408], [661, 408], [662, 409], [668, 409], [669, 410], [675, 410], [676, 411], [679, 411], [680, 410], [680, 406], [679, 405], [679, 402], [678, 401], [678, 398], [677, 397], [677, 392], [676, 391], [676, 388], [675, 387], [675, 383], [674, 382], [674, 379], [673, 378], [673, 376], [672, 375], [672, 370], [671, 369], [671, 365], [670, 364], [670, 360], [669, 359], [669, 356], [668, 355], [668, 350], [667, 349], [667, 345], [666, 344], [666, 340], [665, 339], [665, 334], [664, 333], [664, 330], [663, 329], [663, 325], [662, 324], [662, 319], [661, 318], [661, 314], [660, 313], [660, 308], [659, 307], [659, 304], [658, 303], [658, 299], [657, 298], [657, 295], [656, 294], [656, 291], [655, 290], [655, 287], [654, 286], [654, 282], [653, 281], [653, 277], [652, 276], [652, 273], [651, 272], [651, 268], [650, 267], [650, 262], [649, 261], [649, 257], [648, 256], [648, 252], [647, 251], [647, 248], [646, 247], [646, 243], [645, 242], [645, 238], [644, 237], [644, 234], [643, 233], [643, 231], [641, 229], [638, 229], [637, 228], [633, 228], [632, 227], [628, 227], [627, 226], [621, 226], [620, 225], [609, 225], [608, 224], [602, 224], [601, 223], [593, 223], [592, 222], [586, 222], [585, 221], [578, 221], [577, 220], [572, 220], [571, 219], [565, 219], [564, 218], [559, 218], [558, 217], [553, 217], [552, 216], [546, 216], [545, 215], [541, 215], [540, 214], [535, 214], [534, 213], [529, 213], [528, 212], [522, 212], [521, 211], [517, 211], [516, 210], [511, 210], [510, 209], [503, 209], [502, 208], [498, 208], [497, 207], [492, 207], [491, 206], [485, 206], [484, 205], [478, 205], [477, 204], [471, 204], [470, 203], [464, 203], [463, 202], [457, 202], [456, 201], [451, 201], [450, 200], [444, 200], [443, 199], [436, 199], [435, 198], [430, 198], [429, 197], [422, 197], [421, 196], [415, 196], [414, 195], [408, 195], [407, 194], [401, 194], [400, 193], [395, 193], [394, 192], [388, 192], [387, 191], [382, 191], [381, 190], [376, 190], [375, 189], [368, 189], [367, 188], [361, 188], [360, 187], [355, 187], [354, 186], [347, 186], [346, 185], [341, 185], [340, 184], [335, 184], [334, 183], [327, 183], [326, 182], [320, 182], [319, 181], [313, 181], [312, 180], [307, 180], [306, 179], [299, 179], [298, 178], [292, 178], [291, 177], [286, 177], [285, 176], [278, 176], [277, 175], [272, 175], [271, 174], [266, 174], [265, 173], [258, 173], [257, 172], [251, 172], [250, 171], [243, 171], [242, 170], [237, 170], [236, 169], [229, 169], [228, 168], [223, 168], [222, 167], [216, 167], [215, 166], [210, 166], [209, 165]], "holes": []}