{"cx": 411.990966796875, "cy": 285.6900329589844, "length": 179.93896484375, "width": 366.7748718261719, "depth": 84.7092056274414, "rotation": -87.27368927001953, "boundary": [[234, 188], [233, 189], [233, 193], [234, 194], [234, 198], [235, 199], [235, 201], [236, 202], [236, 206], [237, 207], [237, 209], [238, 210], [238, 212], [239, 213], [239, 216], [240, 217], [240, 220], [241, 221], [241, 222], [242, 223], [242, 225], [243, 226], [243, 228], [244, 229], [244, 231], [245, 232], [245, 234], [246, 235], [246, 238], [247, 239], [247, 242], [248, 243], [248, 245], [249, 246], [249, 248], [250, 249], [250, 251], [251, 252], [251, 256], [252, 257], [252, 259], [253, 260], [253, 263], [254, 264], [254, 266], [255, 267], [255, 269], [256, 270], [256, 272], [257, 273], [257, 276], [258, 277], [258, 279], [259, 280], [259, 282], [260, 283], [260, 285], [261, 286], [261, 289], [262, 290], [262, 293], [263, 294], [263, 296], [264, 297], [264, 299], [265, 300], [265, 302], [266, 303], [266, 306], [267, 307], [267, 309], [268, 310], [268, 313], [269, 314], [269, 316], [270, 317], [270, 319], [271, 320], [271, 322], [272, 323], [272, 325], [273, 326], [273, 330], [274, 331], [274, 332], [275, 333], [275, 335], [276, 336], [276, 343], [277, 344], [277, 347], [278, 348], [278, 349], [281, 352], [281, 353], [282, 354], [282, 355], [283, 356], [283, 359], [284, 360], [284, 363], [285, 364], [285, 366], [288, 369], [290, 369], [291, 370], [293, 368], [298, 368], [298, 367], [300, 365], [304, 365], [305, 366], [335, 366], [336, 367], [357, 367], [358, 368], [375, 368], [376, 369], [393, 369], [394, 370], [412, 370], [413, 371], [429, 371], [430, 372], [450, 372], [451, 373], [473, 373], [474, 374], [498, 374], [499, 375], [518, 375], [519, 376], [534, 376], [535, 377], [553, 377], [554, 378], [577, 378], [578, 379], [582, 379], [583, 380], [584, 379], [588, 379], [588, 378], [589, 377], [589, 354], [590, 353], [590, 343], [591, 342], [591, 337], [590, 336], [590, 330], [591, 329], [591, 321], [592, 320], [592, 280], [593, 279], [593, 265], [594, 264], [593, 263], [593, 251], [594, 250], [594, 249], [595, 248], [595, 242], [596, 241], [596, 238], [597, 237], [597, 236], [598, 235], [598, 234], [597, 233], [597, 232], [595, 230], [595, 217], [596, 216], [596, 209], [595, 208], [595, 207], [593, 205], [584, 205], [583, 204], [566, 204], [565, 203], [540, 203], [539, 202], [526, 202], [525, 201], [502, 201], [501, 200], [471, 200], [470, 199], [445, 199], [444, 198], [423, 198], [422, 197], [398, 197], [397, 196], [383, 196], [382, 195], [373, 195], [372, 194], [350, 194], [349, 193], [333, 193], [332, 192], [316, 192], [315, 191], [290, 191], [289, 190], [272, 190], [271, 189], [253, 189], [252, 188]], "holes": []}