{"cx": 443.548828125, "cy": 298.9877014160156, "length": 699.1427001953125, "width": 178.99371337890625, "depth": 84.99566650390625, "rotation": -0.08747440576553345, "boundary": [[765, 209], [764, 210], [709, 210], [708, 211], [602, 211], [601, 212], [460, 212], [459, 213], [391, 213], [390, 214], [361, 214], [360, 215], [104, 215], [103, 216], [103, 217], [102, 218], [102, 224], [101, 225], [101, 237], [100, 238], [100, 246], [99, 247], [99, 262], [96, 265], [96, 266], [95, 267], [95, 273], [94, 274], [94, 314], [95, 315], [95, 323], [96, 324], [96, 326], [97, 327], [97, 328], [98, 329], [98, 363], [99, 364], [99, 386], [101, 388], [102, 388], [103, 389], [106, 389], [107, 388], [297, 388], [298, 387], [380, 387], [381, 386], [452, 386], [453, 385], [587, 385], [588, 384], [591, 384], [592, 385], [604, 385], [605, 384], [606, 384], [607, 385], [639, 385], [640, 384], [641, 385], [644, 385], [645, 384], [646, 384], [647, 385], [648, 384], [721, 384], [722, 383], [739, 383], [740, 384], [741, 383], [744, 383], [745, 384], [747, 384], [748, 383], [750, 383], [751, 384], [755, 384], [757, 386], [757, 387], [759, 387], [760, 388], [761, 388], [762, 387], [762, 384], [763, 383], [763, 382], [764, 381], [764, 376], [765, 375], [765, 371], [766, 370], [766, 364], [767, 363], [767, 358], [768, 357], [768, 352], [769, 351], [769, 348], [770, 347], [770, 343], [771, 342], [771, 336], [772, 335], [772, 330], [773, 329], [773, 325], [774, 324], [774, 322], [775, 321], [778, 321], [775, 318], [775, 312], [776, 311], [776, 308], [777, 307], [777, 299], [778, 298], [778, 293], [779, 292], [779, 287], [780, 286], [780, 281], [781, 280], [781, 275], [782, 274], [782, 268], [783, 267], [783, 261], [784, 260], [784, 256], [785, 255], [785, 249], [786, 248], [786, 243], [787, 242], [787, 239], [788, 238], [788, 235], [789, 234], [789, 226], [790, 225], [790, 223], [793, 220], [792, 219], [792, 218], [791, 217], [791, 212], [789, 210], [783, 210], [782, 209]], "holes": []}