{"cx": 395.707275390625, "cy": 284.99224853515625, "length": 180.6852569580078, "width": 505.43048095703125, "depth": 88.79925537109375, "rotation": -85.69054412841797, "boundary": [[265, 186], [260, 191], [260, 192], [257, 195], [257, 196], [252, 201], [252, 202], [249, 205], [249, 206], [246, 209], [246, 210], [243, 213], [243, 214], [241, 216], [241, 217], [238, 220], [238, 221], [235, 224], [235, 225], [232, 228], [232, 229], [229, 232], [229, 233], [226, 236], [226, 237], [223, 240], [223, 241], [220, 244], [220, 245], [217, 248], [217, 249], [214, 252], [214, 253], [211, 256], [211, 257], [208, 260], [208, 261], [205, 264], [205, 265], [202, 268], [202, 269], [199, 272], [199, 273], [195, 277], [195, 278], [192, 281], [192, 282], [189, 285], [189, 286], [186, 289], [186, 290], [183, 293], [183, 294], [180, 297], [180, 298], [177, 301], [177, 302], [174, 305], [174, 306], [170, 310], [170, 311], [167, 314], [167, 315], [164, 318], [164, 319], [161, 322], [161, 323], [158, 326], [158, 327], [155, 330], [155, 331], [152, 334], [152, 335], [149, 338], [149, 339], [146, 342], [146, 343], [142, 347], [142, 348], [140, 350], [140, 351], [138, 353], [138, 354], [137, 355], [137, 356], [148, 356], [149, 357], [166, 357], [167, 358], [182, 358], [183, 359], [201, 359], [202, 360], [213, 360], [214, 361], [230, 361], [231, 362], [248, 362], [249, 363], [262, 363], [263, 364], [277, 364], [278, 365], [292, 365], [293, 366], [302, 366], [303, 367], [317, 367], [318, 368], [333, 368], [334, 369], [347, 369], [348, 370], [358, 370], [359, 371], [379, 371], [380, 372], [392, 372], [393, 373], [406, 373], [407, 374], [419, 374], [420, 375], [433, 375], [434, 376], [446, 376], [447, 377], [456, 377], [457, 378], [467, 378], [468, 379], [480, 379], [481, 380], [493, 380], [494, 381], [507, 381], [508, 382], [521, 382], [522, 383], [530, 383], [531, 384], [541, 384], [542, 385], [557, 385], [558, 386], [567, 386], [568, 387], [582, 387], [583, 388], [595, 388], [596, 389], [605, 389], [606, 390], [616, 390], [617, 391], [632, 391], [633, 392], [635, 392], [636, 393], [639, 393], [640, 394], [641, 393], [641, 389], [640, 388], [640, 382], [639, 381], [639, 377], [638, 376], [638, 372], [637, 371], [637, 366], [636, 365], [636, 361], [635, 360], [635, 355], [634, 354], [634, 349], [633, 348], [633, 344], [632, 343], [632, 339], [631, 338], [631, 334], [630, 333], [630, 328], [629, 327], [629, 323], [628, 322], [628, 318], [627, 317], [627, 313], [626, 312], [626, 307], [625, 306], [625, 302], [624, 301], [624, 297], [623, 296], [623, 292], [622, 291], [622, 287], [621, 286], [621, 281], [620, 280], [620, 276], [619, 275], [619, 271], [618, 270], [618, 266], [617, 265], [617, 260], [616, 259], [616, 255], [615, 254], [615, 249], [614, 248], [614, 244], [613, 243], [613, 239], [612, 238], [612, 234], [611, 233], [611, 229], [610, 228], [610, 225], [609, 224], [609, 217], [608, 216], [608, 214], [607, 213], [607, 212], [606, 211], [603, 211], [602, 210], [590, 210], [589, 209], [576, 209], [575, 208], [564, 208], [563, 207], [546, 207], [545, 206], [533, 206], [532, 205], [516, 205], [515, 204], [499, 204], [498, 203], [484, 203], [483, 202], [470, 202], [469, 201], [456, 201], [455, 200], [441, 200], [440, 199], [427, 199], [426, 198], [414, 198], [413, 197], [401, 197], [400, 196], [383, 196], [382, 195], [372, 195], [371, 194], [358, 194], [357, 193], [348, 193], [347, 192], [338, 192], [337, 191], [327, 191], [326, 190], [317, 190], [316, 189], [304, 189], [303, 188], [291, 188], [290, 187], [277, 187], [276, 186]], "holes": []}