{"cx": 423.44793701171875, "cy": 318.789794921875, "length": 169.59188842773438, "width": 431.131103515625, "depth": 81.8876724243164, "rotation": -88.16226196289062, "boundary": [[214, 230], [212, 232], [212, 240], [211, 241], [211, 261], [210, 262], [210, 296], [209, 297], [209, 319], [208, 320], [208, 345], [207, 346], [207, 373], [206, 374], [206, 395], [207, 396], [217, 396], [218, 397], [250, 397], [251, 398], [286, 398], [287, 399], [318, 399], [319, 400], [349, 400], [350, 401], [379, 401], [380, 402], [407, 402], [408, 403], [434, 403], [435, 404], [483, 404], [484, 405], [511, 405], [512, 406], [539, 406], [540, 407], [569, 407], [570, 408], [595, 408], [596, 409], [621, 409], [622, 410], [634, 410], [636, 408], [636, 386], [637, 385], [637, 331], [638, 330], [638, 309], [639, 308], [639, 306], [638, 305], [638, 298], [639, 297], [639, 260], [638, 259], [638, 258], [636, 256], [636, 254], [638, 252], [638, 249], [634, 245], [633, 245], [632, 244], [629, 244], [628, 243], [627, 243], [625, 241], [613, 241], [612, 240], [581, 240], [580, 239], [579, 239], [578, 240], [541, 240], [540, 239], [526, 239], [525, 240], [514, 240], [513, 239], [497, 239], [496, 238], [493, 238], [492, 239], [484, 239], [483, 238], [435, 238], [434, 237], [415, 237], [414, 236], [392, 236], [391, 235], [367, 235], [366, 234], [335, 234], [334, 233], [307, 233], [306, 232], [266, 232], [265, 231], [234, 231], [233, 230]], "holes": []}