{"cx": 415.8414001464844, "cy": 264.0841369628906, "length": 174.5942840576172, "width": 542.8857421875, "depth": 83.78002166748047, "rotation": -86.75593566894531, "boundary": [[203, 165], [201, 167], [201, 168], [200, 169], [200, 170], [199, 171], [199, 173], [198, 174], [198, 175], [197, 176], [197, 178], [196, 179], [196, 181], [195, 182], [195, 184], [194, 185], [194, 186], [193, 187], [193, 190], [192, 191], [192, 193], [191, 194], [191, 195], [190, 196], [190, 198], [189, 199], [189, 201], [188, 202], [188, 204], [187, 205], [187, 206], [186, 207], [186, 209], [185, 210], [185, 211], [184, 212], [184, 215], [183, 216], [183, 218], [182, 219], [182, 220], [181, 221], [181, 223], [180, 224], [180, 226], [179, 227], [179, 229], [178, 230], [178, 232], [177, 233], [177, 235], [176, 236], [176, 237], [175, 238], [175, 239], [174, 240], [174, 242], [173, 243], [173, 245], [172, 246], [172, 248], [171, 249], [171, 250], [170, 251], [170, 253], [169, 254], [169, 256], [168, 257], [168, 258], [167, 259], [167, 261], [166, 262], [166, 264], [165, 265], [165, 267], [164, 268], [164, 270], [163, 271], [163, 273], [162, 274], [162, 275], [161, 276], [161, 278], [160, 279], [160, 281], [159, 282], [159, 283], [158, 284], [158, 286], [157, 287], [157, 289], [156, 290], [156, 291], [155, 292], [155, 294], [154, 295], [154, 296], [153, 297], [153, 299], [152, 300], [152, 302], [151, 303], [151, 305], [150, 306], [150, 307], [149, 308], [149, 310], [148, 311], [148, 312], [147, 313], [147, 315], [146, 316], [146, 318], [145, 319], [145, 321], [144, 322], [144, 323], [143, 324], [143, 326], [142, 327], [142, 329], [141, 330], [141, 333], [140, 334], [140, 335], [141, 335], [142, 336], [143, 336], [144, 335], [151, 335], [152, 336], [172, 336], [173, 337], [187, 337], [188, 338], [203, 338], [204, 339], [225, 339], [226, 340], [248, 340], [249, 341], [261, 341], [262, 342], [276, 342], [277, 343], [296, 343], [297, 344], [313, 344], [314, 345], [329, 345], [330, 346], [345, 346], [346, 347], [360, 347], [361, 348], [375, 348], [376, 349], [388, 349], [389, 350], [408, 350], [409, 351], [429, 351], [430, 352], [447, 352], [448, 353], [472, 353], [473, 354], [492, 354], [493, 355], [509, 355], [510, 356], [523, 356], [524, 357], [544, 357], [545, 358], [563, 358], [564, 359], [580, 359], [581, 360], [597, 360], [598, 361], [617, 361], [618, 362], [633, 362], [634, 363], [651, 363], [652, 364], [670, 364], [671, 365], [682, 365], [682, 364], [681, 363], [681, 362], [679, 360], [679, 359], [677, 357], [677, 356], [676, 355], [676, 354], [674, 352], [674, 351], [673, 350], [673, 349], [671, 347], [671, 346], [669, 344], [669, 343], [668, 342], [668, 341], [666, 339], [666, 338], [663, 335], [663, 334], [662, 333], [662, 332], [660, 330], [660, 329], [658, 327], [658, 326], [656, 324], [656, 323], [655, 322], [655, 321], [654, 320], [654, 319], [652, 317], [652, 316], [649, 313], [649, 312], [647, 310], [647, 309], [646, 308], [646, 307], [645, 306], [645, 305], [643, 303], [643, 302], [641, 300], [641, 299], [639, 297], [639, 296], [638, 295], [638, 294], [637, 293], [637, 292], [635, 290], [635, 289], [633, 287], [633, 286], [632, 285], [632, 284], [630, 282], [630, 281], [629, 280], [629, 279], [626, 276], [626, 275], [624, 273], [624, 272], [622, 270], [622, 269], [620, 267], [620, 266], [618, 264], [618, 263], [616, 261], [616, 260], [615, 259], [615, 258], [613, 256], [613, 255], [611, 253], [611, 252], [609, 250], [609, 249], [607, 247], [607, 246], [606, 245], [606, 244], [604, 242], [604, 241], [603, 240], [603, 239], [601, 237], [601, 236], [599, 234], [599, 233], [597, 231], [597, 230], [596, 229], [596, 228], [594, 226], [594, 225], [592, 223], [592, 222], [590, 220], [590, 219], [589, 218], [589, 217], [587, 215], [587, 214], [585, 212], [585, 211], [584, 210], [584, 209], [582, 207], [582, 206], [580, 204], [580, 203], [579, 202], [579, 201], [577, 199], [577, 198], [576, 197], [576, 196], [574, 194], [574, 193], [571, 190], [571, 189], [568, 186], [564, 186], [563, 185], [539, 185], [538, 184], [523, 184], [522, 183], [507, 183], [506, 182], [489, 182], [488, 181], [465, 181], [464, 180], [444, 180], [443, 179], [423, 179], [422, 178], [406, 178], [405, 177], [391, 177], [390, 176], [376, 176], [375, 175], [362, 175], [361, 174], [346, 174], [345, 173], [331, 173], [330, 172], [311, 172], [310, 171], [293, 171], [292, 170], [276, 170], [275, 169], [261, 169], [260, 168], [246, 168], [245, 167], [229, 167], [228, 166], [211, 166], [210, 165]], "holes": []}