{"cx": 420.70672607421875, "cy": 305.77569580078125, "length": 178.82452392578125, "width": 536.3346557617188, "depth": 85.5027847290039, "rotation": -88.12596130371094, "boundary": [[195, 211], [194, 212], [193, 212], [192, 213], [190, 213], [189, 214], [189, 218], [188, 219], [188, 223], [187, 224], [187, 227], [186, 228], [186, 230], [185, 231], [185, 234], [184, 235], [184, 239], [183, 240], [183, 243], [182, 244], [182, 247], [181, 248], [181, 252], [180, 253], [180, 256], [179, 257], [179, 260], [178, 261], [178, 263], [177, 264], [177, 268], [176, 269], [176, 272], [175, 273], [175, 277], [174, 278], [174, 281], [173, 282], [173, 285], [172, 286], [172, 289], [171, 290], [171, 293], [170, 294], [170, 297], [169, 298], [169, 302], [168, 303], [168, 306], [167, 307], [167, 310], [166, 311], [166, 314], [165, 315], [165, 319], [164, 320], [164, 323], [163, 324], [163, 327], [162, 328], [162, 332], [161, 333], [161, 335], [160, 336], [160, 339], [159, 340], [159, 344], [158, 345], [158, 348], [157, 349], [157, 351], [156, 352], [156, 355], [155, 356], [155, 359], [154, 360], [154, 365], [153, 366], [153, 369], [152, 370], [152, 374], [151, 375], [151, 378], [150, 379], [150, 385], [151, 386], [168, 386], [169, 387], [213, 387], [214, 388], [247, 388], [248, 389], [280, 389], [281, 390], [317, 390], [318, 391], [342, 391], [343, 392], [377, 392], [378, 393], [410, 393], [411, 394], [436, 394], [437, 395], [470, 395], [471, 396], [497, 396], [498, 397], [526, 397], [527, 398], [548, 398], [549, 399], [577, 399], [578, 400], [602, 400], [603, 401], [631, 401], [632, 402], [657, 402], [658, 403], [685, 403], [685, 399], [686, 398], [684, 396], [684, 394], [683, 393], [683, 392], [682, 391], [682, 388], [681, 387], [681, 386], [680, 385], [680, 382], [679, 381], [679, 379], [678, 378], [678, 376], [677, 375], [677, 373], [676, 372], [676, 371], [675, 370], [675, 367], [674, 366], [674, 365], [673, 364], [673, 361], [672, 360], [672, 357], [671, 356], [671, 355], [670, 354], [670, 351], [669, 350], [669, 349], [668, 348], [668, 345], [667, 344], [667, 342], [666, 341], [666, 339], [665, 338], [665, 335], [664, 334], [664, 332], [663, 331], [663, 329], [662, 328], [662, 326], [661, 325], [661, 323], [660, 322], [660, 320], [659, 319], [659, 315], [658, 314], [658, 313], [657, 312], [657, 310], [656, 309], [656, 307], [655, 306], [655, 303], [654, 302], [654, 300], [653, 299], [653, 298], [652, 297], [652, 295], [651, 294], [651, 291], [650, 290], [650, 287], [649, 286], [649, 284], [648, 283], [648, 282], [647, 281], [647, 279], [646, 278], [646, 276], [645, 275], [645, 273], [644, 272], [644, 269], [643, 268], [643, 267], [642, 266], [642, 263], [641, 262], [641, 260], [640, 259], [640, 256], [639, 255], [639, 253], [638, 252], [638, 250], [637, 249], [637, 247], [636, 246], [636, 244], [635, 243], [635, 241], [634, 240], [634, 237], [633, 236], [633, 234], [632, 233], [632, 232], [633, 231], [631, 229], [631, 225], [626, 225], [625, 224], [625, 223], [624, 223], [624, 224], [623, 225], [623, 227], [622, 228], [596, 228], [595, 227], [565, 227], [564, 226], [543, 226], [542, 225], [513, 225], [512, 224], [489, 224], [488, 223], [459, 223], [458, 222], [429, 222], [428, 221], [399, 221], [398, 220], [369, 220], [368, 219], [341, 219], [340, 218], [307, 218], [306, 217], [266, 217], [265, 216], [239, 216], [238, 215], [206, 215], [205, 214], [199, 214], [198, 213], [198, 212], [197, 211]], "holes": []}