{"cx": 440.7801513671875, "cy": 296.263671875, "length": 178.27345275878906, "width": 531.235595703125, "depth": 82.79524993896484, "rotation": -88.83763122558594, "boundary": [[178, 202], [177, 203], [177, 209], [178, 210], [178, 213], [179, 214], [179, 218], [180, 219], [180, 222], [181, 223], [181, 226], [182, 227], [182, 229], [183, 230], [183, 233], [184, 234], [184, 237], [185, 238], [185, 241], [186, 242], [186, 244], [187, 245], [187, 248], [188, 249], [188, 252], [189, 253], [189, 256], [190, 257], [190, 260], [191, 261], [191, 264], [192, 265], [192, 270], [193, 271], [193, 272], [194, 273], [194, 276], [195, 277], [195, 280], [196, 281], [196, 284], [197, 285], [197, 288], [198, 289], [198, 292], [199, 293], [199, 298], [200, 299], [200, 301], [201, 302], [201, 304], [202, 305], [202, 307], [203, 308], [203, 311], [204, 312], [204, 316], [205, 317], [205, 320], [206, 321], [206, 325], [205, 326], [205, 327], [208, 330], [208, 332], [209, 333], [209, 336], [210, 337], [210, 340], [211, 341], [211, 344], [212, 345], [212, 348], [213, 349], [213, 352], [214, 353], [214, 356], [215, 357], [215, 360], [216, 361], [216, 363], [217, 364], [217, 370], [219, 372], [219, 374], [220, 375], [220, 376], [221, 377], [221, 378], [222, 379], [222, 380], [223, 381], [226, 381], [228, 379], [228, 378], [230, 376], [257, 376], [258, 377], [297, 377], [298, 378], [328, 378], [329, 379], [392, 379], [393, 380], [442, 380], [443, 381], [494, 381], [495, 382], [542, 382], [543, 383], [580, 383], [581, 384], [606, 384], [607, 385], [623, 385], [624, 386], [642, 386], [643, 385], [643, 384], [644, 383], [644, 382], [645, 381], [645, 380], [646, 379], [646, 378], [647, 377], [647, 375], [648, 374], [648, 373], [649, 372], [649, 370], [650, 369], [650, 367], [651, 366], [651, 365], [652, 364], [652, 362], [653, 361], [653, 360], [654, 359], [654, 357], [655, 356], [655, 355], [656, 354], [656, 352], [657, 351], [657, 350], [658, 349], [658, 346], [659, 345], [659, 344], [660, 343], [660, 342], [661, 341], [661, 340], [662, 339], [662, 337], [663, 336], [663, 334], [664, 333], [664, 331], [665, 330], [665, 328], [666, 327], [666, 326], [668, 324], [668, 322], [669, 321], [669, 320], [670, 319], [670, 316], [671, 315], [671, 314], [672, 313], [672, 311], [673, 310], [673, 308], [674, 307], [674, 305], [675, 304], [675, 303], [676, 302], [676, 301], [677, 300], [677, 298], [678, 297], [678, 296], [679, 295], [679, 293], [680, 292], [680, 290], [681, 289], [681, 288], [682, 287], [682, 285], [683, 284], [683, 283], [684, 282], [684, 280], [685, 279], [685, 277], [686, 276], [686, 274], [687, 273], [687, 272], [688, 271], [688, 269], [689, 268], [689, 267], [691, 265], [691, 264], [692, 263], [692, 262], [693, 261], [693, 258], [694, 257], [694, 255], [695, 254], [695, 251], [696, 250], [696, 249], [697, 248], [697, 246], [698, 245], [698, 244], [699, 243], [699, 242], [700, 241], [700, 240], [701, 239], [701, 237], [702, 236], [702, 234], [703, 233], [703, 231], [704, 230], [704, 229], [705, 228], [705, 226], [707, 224], [707, 221], [708, 220], [708, 216], [706, 216], [705, 215], [665, 215], [664, 214], [639, 214], [638, 213], [618, 213], [617, 212], [597, 212], [596, 211], [576, 211], [575, 210], [535, 210], [534, 209], [483, 209], [482, 208], [413, 208], [412, 207], [375, 207], [374, 206], [312, 206], [311, 205], [278, 205], [277, 204], [227, 204], [226, 203], [190, 203], [189, 202]], "holes": []}