{"cx": 440.79608154296875, "cy": 304.5115966796875, "length": 694.9990844726562, "width": 173.4826202392578, "depth": 84.96300506591797, "rotation": -0.2068430632352829, "boundary": [[703, 217], [702, 218], [599, 218], [598, 219], [476, 219], [475, 218], [377, 218], [376, 219], [273, 219], [272, 220], [113, 220], [112, 219], [100, 219], [99, 220], [95, 220], [94, 221], [93, 221], [93, 223], [94, 224], [94, 225], [95, 226], [95, 227], [96, 228], [96, 229], [97, 230], [97, 231], [99, 233], [99, 234], [100, 235], [100, 236], [101, 237], [101, 238], [102, 239], [102, 240], [103, 241], [103, 242], [104, 243], [104, 244], [106, 246], [106, 247], [107, 248], [107, 249], [108, 250], [108, 251], [109, 252], [109, 253], [110, 254], [110, 255], [111, 256], [111, 257], [112, 258], [112, 259], [113, 260], [113, 261], [115, 263], [115, 264], [116, 265], [116, 266], [118, 268], [118, 269], [119, 270], [119, 271], [120, 272], [120, 273], [121, 274], [121, 275], [122, 276], [122, 277], [123, 278], [123, 279], [124, 280], [124, 281], [126, 283], [126, 284], [127, 285], [127, 286], [128, 287], [128, 288], [129, 289], [129, 290], [130, 291], [130, 292], [131, 293], [131, 294], [132, 295], [132, 296], [134, 298], [134, 299], [135, 300], [135, 301], [136, 302], [136, 303], [137, 304], [137, 305], [138, 306], [138, 307], [140, 309], [140, 310], [141, 311], [141, 312], [142, 313], [142, 314], [143, 315], [143, 316], [145, 318], [145, 319], [146, 320], [146, 321], [147, 322], [147, 323], [148, 324], [148, 325], [149, 326], [149, 327], [150, 328], [150, 329], [152, 331], [152, 332], [154, 334], [154, 335], [155, 336], [155, 337], [156, 338], [156, 339], [157, 340], [157, 341], [158, 342], [158, 343], [159, 344], [159, 345], [161, 347], [161, 348], [163, 350], [163, 351], [164, 352], [164, 353], [165, 354], [165, 355], [166, 356], [166, 357], [167, 358], [167, 359], [169, 361], [169, 362], [170, 363], [170, 364], [171, 365], [171, 366], [172, 367], [172, 368], [174, 370], [174, 371], [175, 372], [175, 373], [176, 374], [176, 375], [177, 376], [177, 377], [178, 378], [178, 379], [179, 380], [179, 381], [180, 382], [180, 383], [182, 385], [182, 386], [183, 387], [183, 388], [184, 389], [184, 390], [185, 391], [188, 391], [189, 392], [234, 392], [235, 391], [376, 391], [377, 390], [659, 390], [660, 389], [710, 389], [711, 388], [713, 388], [715, 386], [715, 385], [716, 384], [716, 383], [717, 382], [717, 381], [718, 380], [718, 379], [720, 377], [720, 376], [723, 373], [723, 372], [724, 371], [724, 370], [726, 368], [726, 367], [727, 366], [727, 365], [728, 364], [728, 363], [730, 361], [730, 360], [731, 359], [731, 358], [732, 357], [732, 355], [733, 354], [733, 353], [734, 352], [734, 350], [735, 349], [735, 347], [736, 346], [736, 345], [737, 344], [737, 343], [738, 342], [738, 340], [739, 339], [739, 338], [740, 337], [740, 336], [741, 335], [741, 334], [742, 333], [742, 332], [743, 331], [743, 330], [744, 329], [744, 328], [745, 327], [745, 326], [746, 325], [746, 324], [747, 323], [747, 321], [748, 320], [748, 319], [749, 318], [749, 316], [750, 315], [750, 314], [751, 313], [751, 312], [752, 311], [752, 310], [753, 309], [753, 308], [754, 307], [754, 305], [755, 304], [755, 303], [756, 302], [756, 301], [757, 300], [757, 298], [758, 297], [758, 296], [759, 295], [759, 293], [760, 292], [760, 291], [761, 290], [761, 288], [762, 287], [762, 286], [763, 285], [763, 284], [764, 283], [764, 282], [765, 281], [765, 279], [766, 278], [766, 277], [767, 276], [767, 275], [768, 274], [768, 273], [769, 272], [769, 270], [770, 269], [770, 268], [771, 267], [771, 265], [772, 264], [772, 263], [773, 262], [773, 260], [774, 259], [774, 258], [775, 257], [775, 256], [776, 255], [776, 254], [777, 253], [777, 251], [778, 250], [778, 248], [779, 247], [779, 245], [780, 244], [780, 243], [781, 242], [781, 241], [782, 240], [782, 238], [783, 237], [783, 236], [784, 235], [784, 227], [785, 226], [785, 225], [788, 222], [786, 220], [785, 220], [784, 219], [781, 219], [780, 218], [775, 218], [774, 217]], "holes": []}