{"cx": 451.72674560546875, "cy": 331.6966247558594, "length": 182.92013549804688, "width": 496.1968994140625, "depth": 86.0, "rotation": -89.48150634765625, "boundary": [[646, 242], [643, 245], [643, 248], [641, 250], [634, 250], [633, 249], [523, 249], [522, 248], [405, 248], [404, 247], [403, 247], [402, 248], [396, 248], [395, 247], [243, 247], [242, 246], [207, 246], [206, 247], [206, 257], [205, 258], [205, 297], [204, 298], [204, 317], [205, 318], [205, 326], [204, 327], [204, 330], [205, 331], [205, 345], [204, 346], [204, 365], [205, 366], [205, 376], [204, 377], [204, 399], [203, 400], [203, 408], [204, 409], [203, 410], [203, 411], [204, 412], [204, 413], [203, 414], [204, 415], [204, 418], [205, 419], [205, 420], [212, 420], [213, 421], [387, 421], [388, 422], [449, 422], [450, 423], [573, 423], [574, 424], [654, 424], [655, 425], [698, 425], [699, 424], [699, 422], [698, 421], [698, 416], [697, 415], [697, 413], [696, 412], [696, 410], [695, 409], [695, 405], [694, 404], [694, 402], [693, 401], [693, 398], [692, 397], [692, 394], [691, 393], [691, 391], [690, 390], [690, 387], [689, 386], [689, 383], [688, 382], [688, 380], [687, 379], [687, 376], [686, 375], [686, 372], [685, 371], [685, 368], [684, 367], [684, 365], [683, 364], [683, 361], [682, 360], [682, 358], [681, 357], [681, 355], [680, 354], [680, 350], [679, 349], [679, 347], [678, 346], [678, 343], [677, 342], [677, 339], [676, 338], [676, 335], [675, 334], [675, 332], [674, 331], [674, 329], [673, 328], [673, 325], [672, 324], [672, 321], [671, 320], [671, 317], [670, 316], [670, 314], [669, 313], [669, 310], [668, 309], [668, 306], [667, 305], [667, 303], [666, 302], [666, 298], [665, 297], [665, 294], [664, 293], [664, 291], [663, 290], [663, 285], [662, 284], [662, 283], [661, 282], [661, 280], [660, 279], [660, 274], [659, 273], [659, 271], [658, 270], [658, 261], [657, 260], [657, 258], [656, 257], [656, 256], [655, 255], [655, 254], [654, 253], [654, 252], [653, 251], [653, 249], [652, 248], [652, 247], [651, 246], [651, 245], [650, 244], [649, 244], [647, 242]], "holes": []}