{"cx": 440.5399169921875, "cy": 307.1643371582031, "length": 555.256591796875, "width": 176.29641723632812, "depth": 82.05428314208984, "rotation": -1.9636577367782593, "boundary": [[702, 210], [701, 211], [673, 211], [672, 212], [648, 212], [647, 213], [617, 213], [616, 214], [593, 214], [592, 215], [572, 215], [571, 216], [527, 216], [526, 217], [503, 217], [502, 218], [481, 218], [480, 219], [451, 219], [450, 220], [435, 220], [434, 221], [418, 221], [417, 222], [392, 222], [391, 223], [339, 223], [338, 224], [311, 224], [310, 225], [284, 225], [283, 226], [261, 226], [260, 227], [227, 227], [226, 228], [194, 228], [193, 229], [182, 229], [181, 230], [181, 231], [180, 232], [180, 242], [179, 243], [179, 252], [178, 253], [178, 265], [177, 266], [177, 277], [176, 278], [176, 288], [175, 289], [175, 300], [174, 301], [174, 310], [173, 311], [173, 322], [172, 323], [172, 334], [171, 335], [171, 346], [170, 347], [170, 360], [169, 361], [169, 371], [168, 372], [168, 382], [167, 383], [167, 394], [166, 395], [166, 402], [167, 403], [169, 403], [170, 404], [171, 404], [172, 403], [186, 403], [187, 402], [207, 402], [208, 401], [233, 401], [234, 400], [261, 400], [262, 399], [289, 399], [290, 398], [311, 398], [312, 397], [339, 397], [340, 396], [366, 396], [367, 395], [417, 395], [418, 394], [433, 394], [434, 393], [447, 393], [448, 392], [474, 392], [475, 391], [506, 391], [507, 390], [531, 390], [532, 389], [573, 389], [574, 388], [589, 388], [590, 389], [591, 389], [592, 390], [597, 390], [601, 386], [602, 386], [603, 385], [603, 384], [605, 382], [605, 381], [608, 378], [608, 377], [609, 376], [609, 375], [610, 374], [610, 373], [612, 371], [612, 370], [614, 368], [614, 367], [615, 366], [615, 365], [617, 363], [617, 362], [619, 360], [619, 359], [621, 357], [621, 356], [623, 354], [623, 353], [624, 352], [624, 351], [626, 349], [626, 348], [628, 346], [628, 345], [630, 343], [630, 342], [632, 340], [632, 339], [634, 337], [634, 336], [636, 334], [636, 333], [637, 332], [637, 331], [640, 328], [640, 327], [641, 326], [641, 325], [644, 322], [644, 321], [645, 320], [645, 319], [647, 317], [647, 316], [649, 314], [649, 313], [651, 311], [651, 310], [653, 308], [653, 307], [655, 305], [655, 304], [657, 302], [657, 301], [659, 299], [659, 298], [661, 296], [661, 295], [663, 293], [663, 292], [664, 291], [664, 290], [666, 288], [666, 287], [668, 285], [668, 284], [670, 282], [670, 281], [672, 279], [672, 278], [675, 275], [675, 274], [677, 272], [677, 271], [679, 269], [679, 268], [680, 267], [680, 266], [682, 264], [682, 263], [684, 261], [684, 260], [686, 258], [686, 257], [688, 255], [688, 254], [689, 253], [689, 252], [691, 250], [691, 249], [693, 247], [693, 246], [695, 244], [695, 243], [697, 241], [697, 240], [699, 238], [699, 237], [701, 235], [701, 234], [703, 232], [703, 231], [705, 229], [705, 228], [707, 226], [707, 225], [709, 223], [709, 222], [711, 220], [711, 219], [713, 217], [713, 216], [714, 215], [714, 214], [715, 213], [715, 210]], "holes": []}