{"cx": 410.48077392578125, "cy": 290.2405700683594, "length": 175.4866943359375, "width": 552.4981689453125, "depth": 84.9705810546875, "rotation": -85.43159484863281, "boundary": [[142, 182], [142, 187], [143, 188], [143, 190], [144, 191], [144, 193], [145, 194], [145, 195], [146, 196], [146, 198], [147, 199], [147, 200], [148, 201], [148, 203], [149, 204], [149, 206], [150, 207], [150, 208], [151, 209], [151, 211], [152, 212], [152, 214], [153, 215], [153, 216], [154, 217], [154, 219], [155, 220], [155, 222], [156, 223], [156, 224], [157, 225], [157, 227], [158, 228], [158, 230], [159, 231], [159, 233], [160, 234], [160, 235], [161, 236], [161, 238], [162, 239], [162, 240], [163, 241], [163, 243], [164, 244], [164, 246], [165, 247], [165, 248], [166, 249], [166, 251], [167, 252], [167, 253], [168, 254], [168, 256], [169, 257], [169, 259], [170, 260], [170, 262], [171, 263], [171, 265], [172, 266], [172, 267], [173, 268], [173, 270], [174, 271], [174, 273], [175, 274], [175, 275], [176, 276], [176, 278], [177, 279], [177, 280], [178, 281], [178, 283], [179, 284], [179, 286], [180, 287], [180, 289], [181, 290], [181, 291], [182, 292], [182, 294], [183, 295], [183, 296], [184, 297], [184, 299], [185, 300], [185, 302], [186, 303], [186, 304], [187, 305], [187, 307], [188, 308], [188, 310], [189, 311], [189, 312], [190, 313], [190, 315], [191, 316], [191, 318], [192, 319], [192, 320], [193, 321], [193, 323], [194, 324], [194, 326], [195, 327], [195, 329], [196, 330], [196, 331], [197, 332], [197, 334], [198, 335], [198, 337], [199, 338], [199, 339], [200, 340], [200, 342], [201, 343], [201, 345], [202, 346], [202, 347], [203, 348], [203, 350], [204, 351], [204, 352], [205, 353], [205, 355], [206, 356], [206, 357], [207, 358], [207, 359], [209, 361], [210, 361], [211, 362], [220, 362], [221, 363], [233, 363], [234, 364], [244, 364], [245, 365], [256, 365], [257, 366], [270, 366], [271, 367], [283, 367], [284, 368], [295, 368], [296, 369], [309, 369], [310, 370], [322, 370], [323, 371], [337, 371], [338, 372], [353, 372], [354, 373], [368, 373], [369, 374], [381, 374], [382, 375], [394, 375], [395, 376], [406, 376], [407, 377], [418, 377], [419, 378], [430, 378], [431, 379], [439, 379], [440, 380], [450, 380], [451, 381], [464, 381], [465, 382], [473, 382], [474, 383], [487, 383], [488, 384], [498, 384], [499, 385], [507, 385], [508, 386], [520, 386], [521, 387], [534, 387], [535, 388], [545, 388], [546, 389], [557, 389], [558, 390], [572, 390], [573, 391], [585, 391], [586, 392], [598, 392], [599, 393], [611, 393], [612, 394], [624, 394], [625, 395], [634, 395], [635, 396], [646, 396], [647, 397], [659, 397], [660, 398], [669, 398], [670, 399], [678, 399], [679, 398], [678, 397], [678, 394], [677, 393], [677, 392], [676, 391], [676, 389], [675, 388], [675, 386], [674, 385], [674, 383], [673, 382], [673, 381], [672, 380], [672, 379], [671, 378], [671, 376], [670, 375], [670, 373], [669, 372], [669, 371], [668, 370], [668, 368], [667, 367], [667, 365], [666, 364], [666, 363], [665, 362], [665, 360], [664, 359], [664, 358], [663, 357], [663, 355], [662, 354], [662, 352], [661, 351], [661, 350], [660, 349], [660, 347], [659, 346], [659, 345], [658, 344], [658, 342], [657, 341], [657, 339], [656, 338], [656, 337], [655, 336], [655, 334], [654, 333], [654, 332], [653, 331], [653, 329], [652, 328], [652, 326], [651, 325], [651, 324], [650, 323], [650, 321], [649, 320], [649, 319], [648, 318], [648, 316], [647, 315], [647, 314], [646, 313], [646, 311], [645, 310], [645, 309], [644, 308], [644, 306], [643, 305], [643, 304], [642, 303], [642, 301], [641, 300], [641, 299], [640, 298], [640, 296], [639, 295], [639, 294], [638, 293], [638, 291], [637, 290], [637, 288], [636, 287], [636, 286], [635, 285], [635, 283], [634, 282], [634, 281], [633, 280], [633, 278], [632, 277], [632, 275], [631, 274], [631, 272], [630, 271], [630, 269], [629, 268], [629, 267], [628, 266], [628, 264], [627, 263], [627, 261], [626, 260], [626, 258], [625, 257], [625, 255], [624, 254], [624, 253], [623, 252], [623, 250], [622, 249], [622, 247], [621, 246], [621, 245], [620, 244], [620, 242], [619, 241], [619, 240], [618, 239], [618, 238], [617, 237], [617, 235], [616, 234], [616, 233], [615, 232], [615, 230], [614, 229], [614, 227], [613, 226], [613, 225], [612, 224], [612, 223], [611, 222], [611, 221], [608, 218], [607, 218], [606, 219], [604, 219], [603, 220], [601, 220], [600, 219], [587, 219], [586, 218], [575, 218], [574, 217], [563, 217], [562, 216], [550, 216], [549, 215], [539, 215], [538, 214], [528, 214], [527, 213], [515, 213], [514, 212], [505, 212], [504, 211], [494, 211], [493, 210], [483, 210], [482, 209], [473, 209], [472, 208], [462, 208], [461, 207], [450, 207], [449, 206], [438, 206], [437, 205], [428, 205], [427, 204], [415, 204], [414, 203], [402, 203], [401, 202], [392, 202], [391, 201], [376, 201], [375, 200], [360, 200], [359, 199], [345, 199], [344, 198], [333, 198], [332, 197], [320, 197], [319, 196], [306, 196], [305, 195], [294, 195], [293, 194], [281, 194], [280, 193], [269, 193], [268, 192], [255, 192], [254, 191], [243, 191], [242, 190], [232, 190], [231, 189], [221, 189], [220, 188], [210, 188], [209, 187], [199, 187], [198, 186], [187, 186], [186, 185], [176, 185], [175, 184], [163, 184], [162, 183], [151, 183], [150, 182]], "holes": []}