{"cx": 437.40875244140625, "cy": 288.32928466796875, "length": 647.4454956054688, "width": 183.62274169921875, "depth": 92.24105072021484, "rotation": -0.5700884461402893, "boundary": [[489, 196], [483, 202], [482, 202], [480, 204], [476, 204], [475, 205], [382, 205], [381, 206], [312, 206], [311, 207], [133, 207], [132, 206], [124, 206], [123, 205], [122, 205], [121, 204], [120, 204], [119, 205], [115, 205], [115, 212], [114, 213], [114, 217], [113, 218], [113, 221], [114, 222], [114, 225], [115, 226], [115, 234], [114, 235], [114, 240], [115, 241], [115, 276], [116, 277], [116, 378], [117, 379], [117, 381], [118, 382], [119, 382], [120, 383], [122, 383], [123, 382], [246, 382], [247, 381], [249, 381], [250, 382], [251, 382], [252, 381], [331, 381], [332, 380], [380, 380], [381, 379], [466, 379], [467, 378], [510, 378], [511, 377], [511, 371], [510, 370], [510, 364], [511, 363], [511, 359], [512, 358], [513, 359], [513, 363], [514, 364], [514, 366], [515, 367], [515, 372], [516, 373], [516, 374], [518, 376], [518, 377], [520, 377], [521, 378], [528, 378], [529, 377], [530, 378], [531, 377], [545, 377], [546, 378], [653, 378], [654, 377], [710, 377], [711, 376], [760, 376], [762, 374], [761, 373], [761, 371], [760, 370], [760, 368], [759, 367], [759, 366], [758, 365], [758, 363], [757, 362], [757, 357], [758, 356], [758, 355], [756, 355], [754, 353], [754, 352], [753, 351], [753, 350], [752, 349], [752, 348], [751, 347], [751, 346], [750, 345], [750, 342], [749, 341], [749, 340], [748, 339], [748, 338], [747, 337], [747, 336], [746, 335], [746, 333], [745, 332], [745, 331], [744, 330], [744, 329], [743, 328], [743, 324], [742, 323], [742, 322], [741, 321], [742, 320], [742, 319], [739, 316], [739, 315], [737, 313], [737, 312], [736, 311], [736, 310], [735, 309], [735, 307], [734, 306], [734, 305], [733, 304], [733, 303], [732, 302], [732, 300], [731, 299], [731, 297], [730, 296], [730, 294], [729, 293], [729, 292], [728, 291], [728, 290], [727, 289], [727, 288], [726, 287], [726, 286], [724, 284], [724, 281], [723, 280], [723, 279], [722, 278], [722, 277], [720, 275], [720, 274], [719, 273], [719, 268], [720, 267], [720, 265], [719, 264], [719, 263], [716, 260], [716, 259], [717, 258], [713, 254], [713, 252], [711, 250], [711, 249], [710, 248], [710, 246], [709, 245], [709, 244], [708, 243], [708, 241], [707, 240], [707, 239], [708, 238], [708, 236], [706, 234], [705, 234], [703, 232], [703, 230], [701, 228], [701, 223], [702, 222], [702, 220], [701, 220], [700, 219], [700, 217], [699, 216], [699, 215], [704, 210], [704, 209], [705, 208], [705, 207], [706, 206], [706, 205], [707, 204], [707, 203], [690, 203], [688, 201], [687, 201], [685, 199], [684, 199], [683, 200], [680, 200], [679, 201], [678, 201], [677, 202], [676, 202], [675, 203], [647, 203], [646, 204], [499, 204], [498, 203], [494, 203], [493, 202], [492, 202], [491, 201], [490, 201], [489, 200], [489, 198], [490, 197], [490, 196]], "holes": []}