{
    "camera_matrix": [
        [
            2024.353827910987,
            0.0,
            596.2263831771521
        ],
        [
            0.0,
            2009.7847641514843,
            372.9543373387615
        ],
        [
            0.0,
            0.0,
            1.0
        ]
    ],
    "dist_coeff": [
        [
            -0.45539734640013835,
            1.767200253494775,
            0.006907147901349965,
            0.0027220933974109597,
            -7.794068752569862
        ]
    ]
}