{
    "camera_matrix": [
        [
            2145.8501719661135,
            0.0,
            450.56980467088727
        ],
        [
            0.0,
            2162.6983804612532,
            377.4448721530448
        ],
        [
            0.0,
            0.0,
            1.0
        ]
    ],
    "dist_coeff": [
        [
            -0.34964804489941076,
            -0.35142548928935563,
            -0.0013610969279646927,
            0.004221392244067811,
            4.652393232290323
        ]
    ]
}