{"cx": 424.4999694824219, "cy": 330.5, "length": 402.99993896484375, "width": 198.99996948242188, "depth": 95.99998474121094, "rotation": 0.0, "boundary": [[256, 231], [255, 232], [251, 232], [250, 233], [231, 233], [230, 234], [229, 234], [226, 237], [226, 238], [225, 239], [225, 240], [224, 241], [224, 386], [223, 387], [223, 397], [224, 398], [224, 419], [225, 420], [225, 422], [227, 424], [227, 425], [228, 425], [229, 426], [230, 426], [231, 427], [233, 427], [234, 428], [378, 428], [379, 429], [382, 429], [383, 430], [388, 430], [389, 429], [392, 429], [393, 428], [450, 428], [451, 429], [467, 429], [468, 428], [521, 428], [522, 429], [582, 429], [583, 430], [592, 430], [593, 429], [614, 429], [615, 428], [617, 428], [618, 427], [619, 427], [620, 426], [621, 426], [622, 425], [622, 424], [623, 423], [623, 422], [624, 421], [624, 410], [625, 409], [625, 403], [624, 402], [624, 397], [625, 396], [625, 375], [624, 374], [624, 367], [625, 366], [625, 343], [624, 342], [624, 331], [625, 330], [625, 324], [624, 323], [624, 314], [625, 313], [625, 285], [624, 284], [624, 279], [625, 278], [625, 272], [626, 271], [626, 267], [625, 266], [625, 246], [624, 245], [624, 240], [623, 239], [623, 238], [619, 234], [618, 234], [617, 233], [514, 233], [513, 232], [468, 232], [467, 231], [459, 231], [458, 232], [451, 232], [450, 233], [420, 233], [419, 232], [382, 232], [381, 233], [378, 233], [377, 232], [340, 232], [339, 233], [334, 233], [333, 232], [281, 232], [280, 233], [273, 233], [272, 232], [265, 232], [264, 231]], "holes": []}