{"cx": 430.37445068359375, "cy": 344.0023193359375, "length": 410.947509765625, "width": 182.72186279296875, "depth": 86.59183502197266, "rotation": -1.065845012664795, "boundary": [[580, 251], [579, 252], [540, 252], [539, 253], [484, 253], [483, 254], [475, 254], [474, 253], [470, 253], [469, 252], [464, 252], [463, 253], [459, 253], [458, 254], [432, 254], [431, 255], [380, 255], [379, 256], [378, 255], [377, 256], [320, 256], [319, 257], [266, 257], [265, 256], [259, 256], [258, 257], [253, 257], [252, 258], [234, 258], [233, 259], [230, 259], [229, 260], [228, 260], [226, 262], [226, 264], [225, 265], [225, 297], [226, 298], [226, 320], [227, 321], [227, 352], [228, 353], [228, 397], [227, 398], [227, 402], [226, 403], [226, 405], [227, 406], [227, 410], [228, 411], [228, 412], [229, 413], [229, 428], [230, 429], [230, 431], [231, 432], [231, 433], [235, 437], [238, 437], [239, 438], [258, 438], [259, 437], [260, 438], [262, 438], [263, 437], [266, 437], [267, 436], [268, 437], [300, 437], [301, 436], [350, 436], [351, 435], [352, 435], [352, 433], [353, 432], [357, 432], [358, 433], [358, 435], [367, 435], [369, 433], [370, 434], [370, 435], [387, 435], [388, 436], [397, 436], [398, 435], [408, 435], [409, 434], [423, 434], [426, 431], [430, 431], [433, 434], [470, 434], [471, 433], [476, 433], [477, 434], [480, 434], [481, 433], [527, 433], [528, 432], [530, 432], [531, 433], [547, 433], [548, 432], [578, 432], [579, 431], [585, 431], [586, 432], [612, 432], [613, 431], [625, 431], [626, 430], [629, 430], [630, 429], [632, 429], [634, 427], [635, 427], [635, 425], [636, 424], [636, 420], [637, 419], [636, 418], [637, 417], [637, 404], [636, 403], [636, 384], [635, 383], [635, 377], [636, 376], [635, 375], [635, 355], [634, 354], [634, 334], [633, 333], [633, 330], [634, 329], [634, 328], [633, 327], [633, 323], [634, 322], [634, 311], [633, 310], [633, 299], [632, 298], [632, 295], [633, 294], [633, 275], [632, 274], [632, 260], [631, 259], [631, 258], [630, 257], [630, 256], [628, 254], [628, 253], [627, 253], [626, 252], [624, 252], [623, 251]], "holes": []}