{"cx": 414.4317321777344, "cy": 323.8721923828125, "length": 202.46600341796875, "width": 407.6103210449219, "depth": 93.50257110595703, "rotation": -87.15181732177734, "boundary": [[225, 217], [223, 219], [222, 219], [221, 220], [221, 221], [220, 222], [220, 223], [219, 224], [219, 234], [218, 235], [218, 240], [217, 241], [217, 243], [216, 244], [216, 245], [215, 246], [215, 250], [214, 251], [214, 252], [215, 253], [215, 256], [216, 257], [216, 260], [217, 261], [217, 276], [216, 277], [216, 299], [215, 300], [215, 322], [214, 323], [214, 355], [213, 356], [213, 375], [212, 376], [212, 405], [217, 410], [218, 410], [219, 411], [221, 411], [222, 412], [228, 412], [229, 413], [236, 413], [237, 414], [239, 414], [240, 415], [242, 415], [243, 416], [251, 416], [252, 415], [254, 415], [255, 414], [274, 414], [275, 415], [296, 415], [297, 416], [317, 416], [318, 417], [339, 417], [340, 418], [354, 418], [355, 419], [372, 419], [373, 420], [391, 420], [392, 421], [408, 421], [409, 422], [425, 422], [426, 423], [439, 423], [440, 424], [442, 424], [443, 425], [444, 425], [445, 426], [449, 426], [450, 427], [451, 426], [455, 426], [456, 425], [460, 425], [461, 424], [465, 424], [466, 425], [506, 425], [507, 426], [519, 426], [520, 427], [533, 427], [534, 428], [551, 428], [552, 429], [566, 429], [567, 430], [579, 430], [580, 431], [590, 431], [591, 432], [605, 432], [606, 431], [607, 431], [610, 428], [610, 427], [611, 426], [611, 421], [612, 420], [612, 407], [613, 406], [613, 402], [614, 401], [614, 395], [615, 394], [615, 393], [614, 392], [614, 389], [613, 388], [613, 363], [614, 362], [614, 337], [615, 336], [615, 318], [616, 317], [616, 300], [617, 299], [617, 276], [618, 275], [618, 256], [619, 255], [619, 245], [618, 244], [618, 242], [617, 241], [617, 240], [613, 236], [611, 236], [610, 235], [595, 235], [594, 234], [593, 234], [592, 233], [591, 233], [590, 232], [586, 232], [585, 231], [581, 231], [580, 232], [577, 232], [576, 233], [552, 233], [551, 232], [536, 232], [535, 231], [515, 231], [514, 230], [494, 230], [493, 229], [467, 229], [466, 228], [455, 228], [454, 227], [437, 227], [436, 226], [411, 226], [410, 225], [397, 225], [396, 224], [390, 224], [389, 223], [387, 223], [386, 222], [385, 222], [384, 221], [376, 221], [375, 222], [373, 222], [372, 223], [357, 223], [356, 222], [334, 222], [333, 221], [316, 221], [315, 220], [290, 220], [289, 219], [275, 219], [274, 218], [249, 218], [248, 217]], "holes": []}