{"cx": 419.9999694824219, "cy": 316.0, "length": 409.99993896484375, "width": 183.99996948242188, "depth": 88.12931823730469, "rotation": 0.0, "boundary": [[251, 224], [250, 225], [247, 225], [246, 226], [243, 226], [242, 225], [234, 225], [233, 226], [226, 226], [225, 227], [223, 227], [222, 228], [221, 228], [220, 229], [220, 230], [218, 232], [218, 313], [217, 314], [217, 366], [216, 367], [216, 368], [215, 369], [215, 377], [216, 378], [216, 379], [217, 380], [217, 399], [218, 400], [218, 401], [222, 405], [224, 405], [225, 406], [373, 406], [374, 407], [377, 407], [378, 408], [383, 408], [384, 407], [386, 407], [387, 406], [574, 406], [575, 407], [580, 407], [581, 408], [589, 408], [590, 407], [592, 407], [593, 406], [615, 406], [616, 405], [618, 405], [619, 404], [621, 404], [622, 403], [622, 402], [624, 400], [624, 381], [625, 380], [625, 374], [624, 373], [624, 349], [625, 348], [625, 341], [624, 340], [624, 331], [625, 330], [625, 322], [624, 321], [624, 316], [625, 315], [625, 303], [624, 302], [624, 295], [625, 294], [625, 286], [624, 285], [624, 264], [625, 263], [625, 257], [624, 256], [624, 241], [625, 240], [625, 239], [624, 238], [624, 232], [623, 231], [623, 230], [620, 227], [619, 227], [618, 226], [614, 226], [613, 225], [585, 225], [584, 226], [573, 226], [572, 225], [569, 225], [568, 226], [567, 225], [561, 225], [560, 226], [530, 226], [529, 225], [528, 225], [527, 226], [519, 226], [518, 225], [509, 225], [508, 226], [505, 226], [504, 225], [502, 225], [501, 226], [499, 226], [498, 225], [492, 225], [491, 226], [485, 226], [484, 225], [478, 225], [477, 226], [476, 225], [473, 225], [472, 226], [469, 226], [468, 225], [464, 225], [463, 224], [454, 224], [453, 225], [452, 225], [453, 226], [454, 226], [455, 227], [455, 228], [453, 230], [446, 230], [445, 229], [444, 229], [443, 228], [445, 226], [444, 226], [443, 225], [436, 225], [435, 226], [432, 226], [431, 225], [428, 225], [427, 226], [422, 226], [421, 227], [423, 227], [424, 228], [423, 229], [419, 229], [418, 228], [419, 227], [419, 226], [402, 226], [401, 225], [398, 225], [397, 226], [396, 225], [395, 226], [394, 226], [393, 225], [387, 225], [386, 226], [385, 225], [384, 226], [289, 226], [287, 228], [285, 228], [284, 229], [283, 228], [282, 228], [281, 227], [281, 226], [265, 226], [264, 225], [257, 225], [256, 224]], "holes": []}