{"cx": 382.3154602050781, "cy": 312.713134765625, "length": 199.02877807617188, "width": 401.8933410644531, "depth": 93.43621826171875, "rotation": -82.51911926269531, "boundary": [[203, 191], [202, 192], [201, 192], [200, 193], [199, 193], [199, 194], [196, 197], [196, 199], [195, 200], [195, 203], [194, 204], [194, 210], [193, 211], [193, 218], [192, 219], [192, 228], [191, 229], [191, 235], [190, 236], [190, 246], [189, 247], [189, 251], [188, 252], [188, 258], [187, 259], [187, 267], [186, 268], [186, 278], [185, 279], [185, 283], [184, 284], [184, 291], [183, 292], [183, 299], [182, 300], [182, 308], [181, 309], [181, 316], [180, 317], [180, 324], [179, 325], [179, 330], [178, 331], [178, 337], [177, 338], [177, 344], [176, 345], [176, 352], [175, 353], [175, 362], [174, 363], [174, 377], [175, 378], [175, 380], [179, 384], [180, 384], [181, 385], [183, 385], [184, 386], [189, 386], [190, 387], [197, 387], [198, 388], [204, 388], [205, 389], [211, 389], [212, 390], [219, 390], [220, 391], [229, 391], [230, 392], [236, 392], [237, 393], [245, 393], [246, 394], [251, 394], [252, 395], [259, 395], [260, 396], [269, 396], [270, 397], [275, 397], [276, 398], [283, 398], [284, 399], [292, 399], [293, 400], [299, 400], [300, 401], [306, 401], [307, 402], [314, 402], [315, 403], [321, 403], [322, 404], [326, 404], [327, 405], [329, 405], [330, 406], [335, 406], [336, 407], [337, 407], [338, 406], [344, 406], [345, 407], [352, 407], [353, 408], [360, 408], [361, 409], [370, 409], [371, 410], [376, 410], [377, 411], [384, 411], [385, 412], [392, 412], [393, 413], [401, 413], [402, 414], [409, 414], [410, 415], [416, 415], [417, 416], [423, 416], [424, 417], [433, 417], [434, 418], [441, 418], [442, 419], [447, 419], [448, 420], [455, 420], [456, 421], [462, 421], [463, 422], [469, 422], [470, 423], [478, 423], [479, 424], [485, 424], [486, 425], [493, 425], [494, 426], [503, 426], [504, 427], [511, 427], [512, 428], [518, 428], [519, 429], [524, 429], [525, 430], [527, 430], [528, 431], [530, 431], [531, 432], [548, 432], [549, 433], [564, 433], [566, 431], [567, 431], [567, 430], [569, 428], [569, 426], [570, 425], [570, 418], [571, 417], [571, 412], [572, 411], [572, 405], [573, 404], [573, 394], [574, 393], [574, 386], [575, 385], [575, 379], [576, 378], [576, 371], [577, 370], [577, 364], [578, 363], [578, 354], [579, 353], [579, 345], [580, 344], [580, 335], [581, 334], [581, 329], [582, 328], [582, 324], [583, 323], [583, 315], [584, 314], [584, 307], [585, 306], [585, 299], [586, 298], [586, 291], [587, 290], [587, 286], [588, 285], [588, 282], [589, 281], [589, 267], [590, 266], [590, 257], [591, 256], [591, 248], [590, 247], [590, 245], [588, 243], [588, 242], [587, 242], [586, 241], [585, 241], [584, 240], [581, 240], [580, 239], [576, 239], [575, 238], [565, 238], [564, 237], [559, 237], [558, 236], [550, 236], [549, 235], [543, 235], [542, 234], [535, 234], [534, 233], [528, 233], [527, 232], [519, 232], [518, 231], [513, 231], [512, 230], [506, 230], [505, 229], [497, 229], [496, 228], [488, 228], [487, 227], [482, 227], [481, 226], [475, 226], [474, 225], [467, 225], [466, 224], [458, 224], [457, 223], [451, 223], [450, 222], [444, 222], [443, 221], [439, 221], [438, 220], [434, 220], [433, 219], [420, 219], [419, 218], [413, 218], [412, 217], [407, 217], [406, 216], [400, 216], [399, 215], [391, 215], [390, 214], [384, 214], [383, 213], [375, 213], [374, 212], [368, 212], [367, 211], [360, 211], [359, 210], [354, 210], [353, 209], [342, 209], [341, 208], [336, 208], [335, 207], [331, 207], [330, 206], [322, 206], [321, 205], [315, 205], [314, 204], [307, 204], [306, 203], [301, 203], [300, 202], [293, 202], [292, 201], [285, 201], [284, 200], [277, 200], [276, 199], [269, 199], [268, 198], [262, 198], [261, 197], [253, 197], [252, 196], [244, 196], [243, 195], [240, 195], [239, 194], [236, 194], [235, 193], [227, 193], [226, 192], [215, 192], [214, 191]], "holes": []}