{"cx": 401.9529113769531, "cy": 286.9375, "length": 435.9926452636719, "width": 90.41342163085938, "depth": 181.99996948242188, "rotation": -3.317781448364258, "boundary": [[581, 232], [580, 233], [555, 233], [554, 234], [541, 234], [540, 235], [524, 235], [523, 236], [506, 236], [505, 237], [488, 237], [487, 238], [469, 238], [468, 239], [449, 239], [448, 240], [433, 240], [432, 241], [417, 241], [416, 242], [396, 242], [395, 243], [381, 243], [380, 244], [365, 244], [364, 245], [346, 245], [345, 246], [327, 246], [326, 247], [310, 247], [309, 248], [295, 248], [294, 249], [280, 249], [279, 250], [260, 250], [259, 251], [243, 251], [242, 252], [228, 252], [227, 253], [212, 253], [211, 254], [202, 254], [201, 255], [198, 255], [197, 256], [196, 256], [195, 257], [194, 257], [193, 258], [192, 258], [191, 259], [190, 259], [189, 260], [188, 260], [187, 261], [186, 261], [185, 262], [185, 270], [186, 271], [185, 272], [185, 279], [184, 280], [184, 294], [185, 295], [185, 307], [186, 308], [186, 321], [187, 322], [187, 339], [188, 340], [188, 341], [190, 343], [213, 343], [214, 342], [220, 342], [221, 341], [226, 341], [227, 340], [238, 340], [239, 339], [259, 339], [260, 338], [274, 338], [275, 337], [295, 337], [296, 336], [302, 336], [303, 337], [311, 337], [312, 336], [332, 336], [333, 335], [354, 335], [355, 334], [369, 334], [370, 333], [384, 333], [385, 332], [399, 332], [400, 331], [406, 331], [407, 330], [414, 330], [415, 329], [425, 329], [426, 328], [450, 328], [451, 327], [463, 327], [464, 326], [484, 326], [485, 325], [486, 326], [487, 325], [505, 325], [506, 324], [525, 324], [526, 323], [535, 323], [536, 322], [550, 322], [551, 321], [552, 321], [551, 320], [552, 319], [554, 319], [555, 320], [555, 321], [564, 321], [565, 320], [595, 320], [596, 319], [608, 319], [609, 318], [621, 318], [622, 317], [622, 316], [621, 315], [621, 306], [620, 305], [620, 292], [619, 291], [619, 281], [618, 280], [618, 264], [617, 263], [617, 250], [616, 249], [616, 238], [615, 237], [615, 236], [608, 236], [607, 235], [606, 235], [605, 234], [603, 234], [602, 233], [600, 233], [599, 232]], "holes": []}