{"cx": 450.12567138671875, "cy": 333.2476806640625, "length": 393.36236572265625, "width": 200.37881469726562, "depth": 97.63319396972656, "rotation": -56.01710891723633, "boundary": [[477, 135], [478, 136], [476, 138], [475, 138], [474, 137], [475, 136], [471, 136], [470, 137], [469, 137], [465, 141], [465, 142], [464, 143], [463, 143], [457, 149], [457, 150], [455, 152], [455, 153], [453, 155], [453, 156], [451, 158], [451, 159], [450, 160], [450, 161], [449, 162], [449, 163], [448, 164], [448, 165], [445, 168], [445, 169], [440, 174], [440, 175], [439, 176], [439, 177], [438, 178], [437, 178], [436, 179], [436, 180], [434, 182], [434, 183], [432, 185], [432, 186], [431, 187], [431, 188], [428, 191], [428, 192], [425, 195], [425, 196], [423, 198], [423, 199], [422, 200], [422, 201], [421, 202], [421, 203], [419, 205], [419, 206], [418, 207], [418, 208], [415, 211], [415, 212], [409, 218], [409, 219], [408, 220], [408, 223], [405, 226], [405, 227], [403, 229], [403, 230], [401, 232], [401, 233], [399, 235], [399, 236], [397, 238], [397, 239], [395, 241], [395, 242], [394, 243], [394, 244], [391, 247], [391, 248], [389, 250], [389, 251], [379, 261], [378, 261], [378, 262], [377, 263], [377, 267], [376, 268], [376, 270], [375, 271], [375, 272], [374, 273], [374, 274], [371, 277], [371, 278], [370, 279], [370, 280], [368, 282], [368, 283], [366, 285], [366, 286], [363, 289], [363, 290], [361, 292], [361, 293], [356, 298], [356, 299], [355, 300], [355, 301], [354, 302], [354, 303], [353, 304], [353, 305], [350, 308], [349, 308], [349, 310], [348, 311], [348, 312], [346, 314], [346, 315], [345, 316], [345, 317], [344, 318], [344, 319], [340, 323], [340, 324], [335, 329], [335, 330], [334, 331], [334, 332], [333, 333], [333, 334], [332, 335], [332, 336], [331, 337], [331, 338], [329, 340], [329, 341], [327, 343], [327, 344], [324, 347], [324, 348], [320, 352], [320, 353], [318, 355], [318, 356], [316, 358], [316, 359], [315, 360], [315, 361], [313, 363], [313, 364], [312, 365], [312, 366], [309, 369], [309, 370], [307, 372], [307, 373], [306, 374], [306, 375], [305, 376], [305, 377], [301, 381], [301, 382], [300, 383], [300, 384], [298, 386], [298, 387], [296, 389], [296, 390], [294, 392], [294, 393], [292, 395], [292, 396], [290, 398], [290, 399], [288, 401], [288, 402], [283, 407], [282, 407], [281, 408], [280, 408], [278, 410], [278, 411], [277, 412], [277, 413], [276, 414], [276, 415], [275, 416], [275, 418], [274, 419], [274, 422], [272, 424], [272, 425], [270, 427], [270, 428], [268, 430], [268, 431], [266, 433], [266, 434], [265, 435], [265, 443], [266, 444], [266, 445], [267, 446], [267, 447], [268, 447], [269, 448], [270, 448], [272, 450], [273, 450], [274, 451], [275, 451], [277, 453], [278, 453], [279, 454], [281, 454], [282, 455], [283, 455], [284, 456], [285, 456], [286, 457], [287, 457], [289, 459], [290, 459], [291, 460], [292, 460], [293, 461], [294, 461], [295, 462], [296, 462], [297, 463], [298, 463], [300, 465], [301, 465], [302, 466], [303, 466], [304, 467], [305, 467], [306, 468], [307, 468], [308, 469], [309, 469], [311, 471], [312, 471], [313, 472], [314, 472], [315, 473], [316, 473], [317, 474], [318, 474], [320, 476], [321, 476], [322, 477], [323, 477], [324, 478], [325, 478], [326, 479], [327, 479], [329, 481], [330, 481], [331, 482], [332, 482], [333, 483], [334, 483], [335, 484], [336, 484], [337, 485], [338, 485], [340, 487], [342, 487], [344, 489], [345, 489], [346, 490], [347, 490], [348, 491], [349, 491], [350, 492], [351, 492], [353, 494], [354, 494], [355, 495], [356, 495], [357, 496], [358, 496], [359, 497], [360, 497], [361, 498], [362, 498], [363, 499], [364, 499], [365, 500], [366, 500], [368, 502], [369, 502], [370, 503], [371, 503], [372, 504], [373, 504], [374, 505], [375, 505], [377, 507], [378, 507], [379, 508], [380, 508], [381, 509], [382, 509], [383, 510], [384, 510], [386, 512], [387, 512], [389, 514], [391, 514], [398, 521], [399, 521], [400, 522], [402, 522], [403, 523], [406, 523], [407, 524], [408, 524], [409, 525], [410, 525], [411, 526], [412, 526], [413, 527], [414, 527], [415, 528], [416, 528], [418, 530], [420, 530], [421, 531], [422, 531], [423, 532], [425, 532], [426, 533], [428, 533], [429, 534], [433, 534], [434, 533], [435, 533], [439, 529], [439, 528], [441, 526], [441, 525], [442, 524], [442, 523], [444, 521], [444, 520], [446, 518], [446, 517], [449, 514], [449, 512], [450, 511], [450, 510], [451, 509], [451, 508], [452, 507], [452, 506], [456, 502], [456, 501], [458, 499], [458, 498], [463, 493], [463, 492], [464, 491], [464, 490], [466, 488], [466, 487], [468, 485], [468, 484], [470, 482], [470, 481], [472, 479], [472, 478], [474, 476], [474, 475], [475, 474], [475, 473], [479, 469], [479, 468], [480, 467], [480, 466], [483, 463], [483, 462], [484, 461], [484, 460], [487, 457], [487, 456], [488, 455], [488, 453], [490, 451], [490, 450], [495, 445], [495, 444], [496, 443], [496, 442], [499, 439], [499, 438], [501, 436], [501, 435], [503, 433], [503, 432], [506, 429], [506, 428], [508, 426], [508, 424], [511, 421], [511, 420], [513, 418], [513, 417], [517, 413], [517, 412], [518, 411], [518, 410], [520, 408], [520, 407], [522, 405], [522, 404], [524, 402], [524, 401], [525, 400], [525, 399], [529, 395], [529, 393], [531, 391], [531, 390], [533, 388], [533, 387], [536, 384], [536, 383], [538, 381], [538, 380], [541, 377], [541, 376], [542, 375], [542, 374], [545, 371], [545, 369], [549, 365], [549, 364], [550, 363], [550, 362], [553, 359], [553, 358], [555, 356], [555, 355], [558, 352], [558, 351], [560, 349], [560, 348], [561, 347], [561, 346], [563, 344], [563, 343], [564, 342], [564, 340], [565, 339], [565, 338], [566, 337], [566, 336], [573, 329], [573, 327], [576, 324], [576, 323], [579, 320], [579, 319], [580, 318], [580, 317], [583, 314], [583, 313], [586, 310], [586, 309], [588, 307], [588, 306], [591, 303], [591, 302], [593, 300], [593, 299], [595, 297], [595, 296], [596, 295], [596, 293], [601, 288], [601, 287], [602, 286], [602, 285], [603, 284], [603, 283], [605, 281], [605, 280], [608, 277], [608, 276], [612, 272], [612, 270], [615, 267], [615, 266], [616, 265], [616, 264], [621, 259], [621, 258], [623, 256], [623, 255], [625, 253], [625, 251], [627, 249], [627, 248], [628, 247], [628, 246], [631, 243], [631, 242], [634, 239], [634, 238], [636, 236], [636, 235], [637, 234], [637, 233], [638, 232], [638, 231], [639, 230], [639, 225], [634, 220], [633, 220], [631, 218], [629, 218], [628, 217], [627, 217], [626, 216], [625, 216], [623, 214], [622, 214], [621, 213], [620, 213], [619, 212], [618, 212], [617, 211], [616, 211], [615, 210], [614, 210], [612, 208], [611, 208], [610, 207], [609, 207], [608, 206], [607, 206], [606, 205], [604, 205], [601, 202], [600, 202], [599, 201], [598, 201], [597, 200], [596, 200], [595, 199], [593, 199], [591, 197], [590, 197], [589, 196], [588, 196], [586, 194], [585, 194], [584, 193], [583, 193], [582, 192], [581, 192], [579, 190], [578, 190], [577, 189], [576, 189], [575, 188], [574, 188], [573, 187], [572, 187], [570, 185], [569, 185], [568, 184], [566, 184], [564, 182], [563, 182], [562, 181], [561, 181], [560, 180], [559, 180], [558, 179], [557, 179], [556, 178], [555, 179], [554, 179], [549, 174], [548, 174], [547, 173], [546, 173], [545, 172], [544, 172], [542, 170], [540, 170], [539, 169], [538, 169], [537, 170], [536, 169], [536, 167], [535, 166], [534, 166], [533, 165], [532, 165], [531, 164], [529, 164], [527, 162], [526, 162], [525, 161], [523, 161], [521, 159], [520, 159], [518, 157], [517, 157], [516, 156], [515, 156], [514, 155], [513, 155], [512, 154], [511, 154], [510, 153], [509, 153], [503, 147], [502, 147], [501, 146], [496, 146], [494, 144], [490, 144], [489, 145], [487, 145], [486, 144], [484, 144], [483, 143], [481, 143], [480, 142], [480, 140], [481, 139], [482, 139], [483, 138], [483, 137], [482, 136], [481, 136], [480, 135]], "holes": []}