{"cx": 412.4999694824219, "cy": 317.5, "length": 400.99993896484375, "width": 198.99996948242188, "depth": 96.34383392333984, "rotation": 0.0, "boundary": [[248, 218], [247, 219], [228, 219], [227, 220], [220, 220], [219, 221], [218, 221], [217, 222], [216, 222], [214, 224], [214, 225], [213, 226], [213, 241], [212, 242], [212, 253], [213, 254], [213, 373], [212, 374], [212, 386], [213, 387], [213, 403], [214, 404], [214, 408], [215, 409], [215, 410], [218, 413], [219, 413], [220, 414], [221, 414], [222, 415], [366, 415], [367, 416], [369, 416], [370, 417], [378, 417], [379, 416], [381, 416], [382, 415], [566, 415], [567, 416], [570, 416], [571, 417], [579, 417], [580, 416], [583, 416], [584, 415], [604, 415], [605, 414], [607, 414], [608, 413], [609, 413], [611, 411], [611, 410], [612, 409], [612, 407], [613, 406], [613, 396], [612, 395], [612, 389], [613, 388], [613, 297], [612, 296], [612, 288], [613, 287], [613, 229], [612, 228], [612, 225], [608, 221], [607, 221], [606, 220], [603, 220], [602, 219], [574, 219], [573, 220], [459, 220], [458, 219], [455, 219], [454, 218], [447, 218], [446, 219], [443, 219], [442, 220], [419, 220], [418, 219], [396, 219], [395, 220], [378, 220], [377, 219], [372, 219], [371, 220], [350, 220], [349, 219], [339, 219], [338, 220], [333, 220], [332, 219], [327, 219], [326, 220], [257, 220], [256, 219], [251, 219], [250, 218]], "holes": []}