{"cx": 424.08660888671875, "cy": 322.4371643066406, "length": 401.6059875488281, "width": 198.42861938476562, "depth": 97.81723022460938, "rotation": -2.2679548263549805, "boundary": [[606, 216], [605, 217], [584, 217], [583, 218], [568, 218], [567, 219], [540, 219], [539, 220], [518, 220], [517, 221], [491, 221], [490, 222], [453, 222], [452, 223], [445, 223], [444, 224], [416, 224], [415, 225], [400, 225], [399, 226], [367, 226], [366, 227], [340, 227], [339, 228], [322, 228], [321, 229], [297, 229], [296, 230], [251, 230], [250, 231], [239, 231], [238, 232], [229, 232], [228, 233], [226, 233], [222, 237], [222, 238], [221, 239], [221, 257], [222, 258], [222, 279], [223, 280], [223, 309], [224, 310], [224, 327], [225, 328], [225, 347], [226, 348], [226, 376], [227, 377], [227, 386], [226, 387], [226, 395], [227, 396], [227, 403], [228, 404], [228, 417], [229, 418], [229, 420], [230, 421], [230, 422], [233, 425], [234, 425], [235, 426], [237, 426], [238, 427], [248, 427], [249, 426], [267, 426], [268, 425], [298, 425], [299, 424], [318, 424], [319, 423], [343, 423], [344, 422], [371, 422], [372, 421], [381, 421], [382, 422], [385, 422], [386, 423], [392, 423], [393, 422], [396, 422], [397, 421], [400, 421], [401, 420], [422, 420], [423, 419], [447, 419], [448, 418], [467, 418], [468, 417], [490, 417], [491, 416], [520, 416], [521, 415], [543, 415], [544, 414], [571, 414], [572, 413], [579, 413], [580, 414], [585, 414], [586, 415], [593, 415], [594, 414], [596, 414], [597, 413], [601, 413], [602, 412], [615, 412], [616, 411], [620, 411], [621, 410], [622, 410], [627, 405], [627, 402], [628, 401], [628, 397], [627, 396], [627, 377], [626, 376], [626, 361], [625, 360], [625, 334], [624, 333], [624, 309], [623, 308], [623, 281], [622, 280], [622, 266], [621, 265], [621, 259], [622, 258], [622, 248], [621, 247], [621, 233], [620, 232], [620, 225], [619, 224], [619, 222], [618, 221], [618, 220], [616, 218], [615, 218], [614, 217], [609, 217], [608, 216]], "holes": []}