{"cx": 415.6123962402344, "cy": 345.5198669433594, "length": 402.4140930175781, "width": 199.4500274658203, "depth": 96.55047607421875, "rotation": -1.2825270891189575, "boundary": [[599, 242], [598, 243], [550, 243], [549, 244], [508, 244], [507, 245], [477, 245], [476, 246], [460, 246], [459, 245], [450, 245], [449, 246], [440, 246], [439, 247], [398, 247], [397, 248], [361, 248], [360, 249], [327, 249], [326, 250], [323, 250], [322, 249], [307, 249], [306, 250], [282, 250], [281, 251], [248, 251], [247, 252], [225, 252], [224, 253], [221, 253], [220, 254], [219, 254], [218, 255], [217, 255], [216, 256], [216, 257], [215, 258], [215, 259], [214, 260], [214, 292], [215, 293], [215, 303], [214, 304], [214, 309], [215, 310], [215, 344], [216, 345], [216, 419], [217, 420], [217, 425], [218, 426], [218, 440], [219, 441], [219, 442], [220, 443], [220, 444], [224, 448], [226, 448], [227, 449], [249, 449], [250, 448], [280, 448], [281, 447], [315, 447], [316, 446], [356, 446], [357, 445], [371, 445], [372, 446], [383, 446], [384, 445], [388, 445], [389, 444], [413, 444], [414, 443], [455, 443], [456, 442], [488, 442], [489, 441], [519, 441], [520, 440], [560, 440], [561, 439], [571, 439], [572, 440], [578, 440], [579, 441], [580, 441], [581, 440], [586, 440], [587, 439], [603, 439], [604, 438], [608, 438], [609, 437], [611, 437], [616, 432], [616, 431], [617, 430], [617, 428], [618, 427], [618, 412], [617, 411], [617, 369], [616, 368], [616, 312], [615, 311], [615, 262], [614, 261], [614, 251], [613, 250], [613, 248], [609, 244], [608, 244], [607, 243], [604, 243], [603, 242]], "holes": []}