{"cx": 442.94940185546875, "cy": 336.4920654296875, "length": 184.24151611328125, "width": 410.39166259765625, "depth": 102.00724029541016, "rotation": -89.16968536376953, "boundary": [[274, 242], [273, 243], [267, 243], [266, 244], [266, 246], [264, 248], [263, 248], [262, 247], [262, 246], [263, 245], [264, 245], [264, 244], [263, 243], [258, 243], [257, 244], [250, 244], [249, 245], [247, 245], [246, 246], [245, 246], [242, 249], [242, 252], [241, 253], [241, 307], [240, 308], [240, 381], [239, 382], [239, 384], [238, 385], [238, 386], [237, 387], [237, 395], [238, 396], [238, 398], [239, 399], [239, 417], [240, 418], [240, 420], [243, 423], [245, 423], [246, 424], [259, 424], [260, 425], [261, 424], [294, 424], [295, 425], [368, 425], [369, 426], [395, 426], [396, 427], [399, 427], [400, 428], [405, 428], [406, 427], [408, 427], [409, 426], [435, 426], [436, 427], [510, 427], [511, 428], [589, 428], [590, 429], [600, 429], [601, 430], [612, 430], [613, 429], [638, 429], [639, 428], [641, 428], [642, 427], [643, 427], [643, 426], [644, 425], [644, 424], [645, 423], [645, 422], [646, 421], [646, 418], [647, 417], [647, 403], [646, 402], [646, 393], [647, 392], [647, 316], [648, 315], [648, 259], [647, 258], [647, 255], [646, 254], [646, 253], [642, 249], [640, 249], [639, 248], [626, 248], [625, 247], [620, 247], [620, 248], [619, 249], [617, 247], [612, 247], [611, 248], [598, 248], [597, 247], [557, 247], [557, 248], [558, 249], [557, 250], [556, 250], [554, 248], [555, 247], [541, 247], [541, 248], [542, 248], [544, 250], [543, 251], [535, 251], [534, 250], [531, 250], [530, 249], [531, 248], [534, 248], [534, 247], [526, 247], [528, 249], [528, 253], [527, 254], [526, 254], [525, 255], [524, 254], [522, 254], [520, 252], [520, 247], [518, 247], [517, 246], [513, 246], [512, 247], [506, 247], [505, 246], [488, 246], [487, 245], [476, 245], [475, 246], [418, 246], [417, 245], [414, 245], [413, 246], [412, 246], [411, 245], [396, 245], [397, 246], [398, 246], [399, 247], [399, 248], [397, 250], [397, 251], [396, 252], [390, 252], [389, 251], [388, 251], [387, 250], [387, 249], [385, 247], [386, 246], [386, 245], [370, 245], [370, 246], [373, 246], [374, 247], [373, 248], [369, 248], [368, 249], [362, 249], [361, 250], [354, 250], [353, 249], [352, 249], [351, 248], [351, 247], [353, 245], [349, 245], [348, 244], [347, 244], [346, 245], [337, 245], [336, 244], [335, 244], [334, 245], [333, 245], [332, 244], [330, 244], [329, 245], [328, 245], [328, 246], [326, 248], [323, 248], [322, 249], [320, 249], [319, 250], [315, 250], [314, 249], [314, 248], [313, 247], [313, 246], [315, 244], [297, 244], [297, 245], [298, 246], [298, 247], [297, 248], [296, 248], [295, 249], [293, 249], [292, 250], [291, 249], [290, 249], [289, 248], [287, 248], [286, 247], [285, 247], [284, 246], [284, 245], [283, 245], [282, 244], [282, 243], [281, 243], [280, 242]], "holes": []}