{"cx": 436.6741943359375, "cy": 320.002685546875, "length": 199.20440673828125, "width": 401.5750732421875, "depth": 93.93209838867188, "rotation": -89.13194274902344, "boundary": [[273, 218], [272, 219], [246, 219], [245, 220], [244, 220], [240, 224], [240, 225], [239, 226], [239, 228], [238, 229], [238, 257], [237, 258], [237, 259], [238, 260], [238, 279], [237, 280], [237, 353], [236, 354], [236, 376], [235, 377], [235, 382], [236, 383], [236, 405], [237, 406], [237, 408], [238, 409], [238, 410], [241, 413], [242, 413], [243, 414], [246, 414], [247, 415], [279, 415], [280, 416], [285, 416], [286, 415], [294, 415], [295, 416], [351, 416], [352, 417], [390, 417], [391, 418], [395, 418], [396, 419], [399, 419], [400, 418], [404, 418], [405, 417], [412, 417], [413, 418], [474, 418], [475, 419], [524, 419], [525, 420], [587, 420], [588, 421], [593, 421], [594, 422], [603, 422], [604, 421], [626, 421], [627, 420], [629, 420], [630, 419], [631, 419], [634, 416], [634, 415], [635, 414], [635, 412], [636, 411], [636, 353], [637, 352], [637, 272], [638, 271], [638, 234], [637, 233], [637, 231], [632, 226], [630, 226], [629, 225], [584, 225], [583, 224], [546, 224], [545, 223], [484, 223], [483, 222], [478, 222], [477, 221], [473, 221], [472, 222], [416, 222], [415, 221], [364, 221], [363, 220], [302, 220], [301, 219], [276, 219], [275, 218]], "holes": []}