{"cx": 454.33685302734375, "cy": 363.4739990234375, "length": 207.302001953125, "width": 403.1035461425781, "depth": 110.32789611816406, "rotation": -43.4816780090332, "boundary": [[396, 168], [395, 169], [394, 169], [393, 170], [392, 170], [389, 173], [388, 173], [385, 176], [384, 176], [382, 178], [381, 178], [380, 179], [379, 179], [378, 180], [376, 180], [375, 181], [374, 181], [367, 188], [367, 189], [363, 193], [362, 193], [362, 194], [361, 195], [360, 195], [358, 197], [357, 197], [353, 201], [352, 201], [350, 203], [349, 203], [346, 206], [345, 206], [341, 210], [340, 210], [337, 213], [336, 213], [333, 216], [332, 216], [329, 219], [328, 219], [324, 223], [323, 223], [321, 225], [320, 225], [317, 228], [316, 228], [314, 230], [313, 230], [308, 235], [307, 235], [304, 238], [303, 238], [301, 240], [300, 240], [297, 243], [296, 243], [292, 247], [291, 247], [288, 250], [287, 250], [285, 252], [284, 252], [281, 255], [280, 255], [277, 258], [276, 258], [273, 261], [272, 261], [270, 263], [269, 263], [265, 267], [264, 267], [261, 270], [260, 270], [254, 276], [254, 277], [253, 278], [253, 287], [254, 288], [254, 290], [256, 292], [256, 293], [258, 295], [258, 296], [260, 298], [260, 302], [261, 303], [262, 303], [263, 304], [263, 305], [266, 308], [266, 310], [267, 311], [267, 313], [268, 314], [268, 316], [270, 318], [270, 319], [272, 321], [273, 321], [275, 323], [275, 325], [276, 324], [277, 324], [278, 325], [278, 326], [279, 326], [280, 327], [279, 328], [280, 328], [287, 335], [287, 336], [288, 336], [290, 338], [290, 339], [291, 340], [293, 340], [294, 341], [294, 343], [295, 343], [296, 344], [297, 344], [298, 345], [300, 345], [301, 346], [301, 347], [303, 347], [306, 350], [307, 350], [312, 355], [314, 355], [315, 356], [315, 357], [319, 361], [319, 362], [320, 362], [322, 364], [322, 365], [323, 365], [324, 366], [324, 367], [325, 368], [326, 368], [336, 378], [336, 379], [339, 382], [340, 382], [342, 384], [342, 385], [344, 387], [344, 388], [345, 388], [346, 389], [345, 390], [347, 392], [348, 392], [349, 393], [349, 394], [350, 395], [350, 396], [351, 396], [354, 399], [354, 400], [355, 401], [355, 402], [358, 405], [358, 406], [359, 407], [359, 408], [362, 411], [362, 412], [366, 416], [366, 417], [367, 417], [368, 418], [368, 419], [375, 426], [374, 427], [376, 429], [377, 429], [380, 432], [380, 433], [381, 433], [383, 435], [383, 436], [385, 436], [386, 437], [385, 438], [386, 439], [387, 439], [389, 441], [389, 442], [390, 442], [392, 444], [392, 445], [395, 445], [396, 446], [396, 448], [397, 448], [398, 449], [399, 449], [403, 453], [403, 454], [405, 456], [406, 455], [410, 459], [410, 461], [411, 462], [411, 463], [412, 464], [413, 464], [415, 466], [415, 467], [417, 469], [417, 470], [419, 472], [419, 473], [426, 480], [427, 480], [428, 481], [429, 481], [430, 482], [431, 482], [432, 483], [432, 484], [433, 485], [433, 486], [435, 488], [436, 488], [438, 490], [439, 490], [441, 492], [441, 494], [442, 495], [441, 496], [444, 499], [447, 499], [448, 500], [448, 501], [450, 503], [452, 503], [453, 504], [453, 508], [455, 510], [455, 511], [456, 511], [458, 513], [458, 514], [461, 517], [462, 517], [467, 522], [467, 523], [468, 524], [469, 524], [473, 528], [473, 529], [474, 530], [475, 530], [476, 531], [476, 533], [479, 536], [477, 538], [478, 539], [480, 539], [481, 540], [487, 540], [488, 541], [492, 541], [493, 542], [497, 542], [499, 544], [500, 544], [502, 546], [503, 546], [508, 551], [509, 551], [510, 552], [511, 552], [512, 553], [521, 553], [522, 552], [523, 552], [524, 551], [525, 551], [527, 549], [527, 548], [528, 547], [529, 547], [530, 546], [531, 546], [534, 543], [535, 543], [537, 541], [538, 541], [539, 540], [540, 540], [542, 538], [543, 538], [545, 536], [546, 536], [549, 533], [549, 532], [550, 531], [551, 531], [552, 530], [552, 529], [553, 528], [554, 528], [558, 524], [559, 524], [561, 522], [564, 522], [569, 517], [570, 517], [571, 516], [572, 516], [574, 514], [575, 514], [578, 511], [579, 511], [583, 507], [583, 506], [584, 505], [585, 505], [586, 504], [587, 504], [591, 500], [591, 499], [592, 498], [592, 497], [594, 495], [596, 495], [598, 493], [599, 493], [600, 492], [601, 492], [608, 485], [609, 485], [610, 484], [611, 484], [616, 479], [617, 479], [619, 477], [620, 477], [621, 476], [622, 476], [623, 475], [624, 475], [625, 474], [628, 474], [633, 469], [633, 468], [637, 464], [639, 464], [639, 463], [643, 459], [644, 459], [645, 458], [646, 458], [647, 457], [648, 457], [655, 450], [656, 450], [661, 445], [661, 444], [662, 443], [662, 435], [661, 434], [661, 433], [659, 431], [658, 431], [657, 430], [657, 429], [654, 426], [654, 425], [650, 421], [650, 420], [647, 417], [647, 416], [642, 411], [641, 411], [640, 410], [639, 410], [624, 395], [624, 394], [623, 394], [621, 392], [621, 391], [606, 376], [606, 375], [600, 369], [599, 369], [597, 367], [597, 366], [581, 350], [581, 349], [559, 327], [558, 327], [557, 326], [557, 325], [555, 323], [555, 322], [551, 318], [551, 317], [550, 316], [549, 316], [542, 309], [542, 308], [527, 293], [527, 292], [524, 289], [523, 289], [522, 288], [522, 287], [521, 287], [518, 284], [518, 283], [516, 281], [516, 280], [515, 279], [515, 278], [512, 275], [512, 274], [509, 271], [508, 271], [506, 269], [505, 269], [482, 246], [482, 245], [464, 227], [464, 226], [462, 224], [461, 224], [454, 217], [454, 216], [451, 213], [450, 213], [446, 209], [446, 208], [442, 204], [442, 203], [414, 175], [414, 174], [412, 172], [411, 172], [409, 170], [408, 170], [407, 169], [406, 169], [405, 168]], "holes": []}