{"cx": 449.8446960449219, "cy": 306.9400634765625, "length": 441.76220703125, "width": 188.4242706298828, "depth": 121.0, "rotation": -1.5601997375488281, "boundary": [[555, 210], [554, 211], [512, 211], [511, 212], [499, 212], [498, 213], [494, 213], [493, 212], [492, 212], [491, 213], [453, 213], [452, 214], [428, 214], [427, 215], [411, 215], [410, 216], [393, 216], [392, 217], [370, 217], [369, 218], [297, 218], [296, 219], [269, 219], [268, 218], [255, 218], [254, 219], [242, 219], [241, 220], [235, 220], [234, 221], [232, 221], [231, 222], [230, 222], [229, 223], [229, 269], [230, 270], [230, 273], [229, 274], [229, 279], [230, 280], [230, 295], [229, 296], [229, 298], [230, 299], [230, 301], [229, 302], [229, 304], [230, 305], [230, 334], [231, 335], [231, 336], [230, 337], [230, 348], [231, 349], [231, 365], [232, 366], [232, 383], [233, 384], [233, 389], [234, 390], [234, 395], [237, 398], [237, 399], [240, 402], [246, 402], [247, 403], [271, 403], [272, 404], [276, 404], [277, 403], [282, 403], [283, 404], [305, 404], [306, 403], [312, 403], [313, 402], [364, 402], [365, 401], [386, 401], [387, 402], [420, 402], [421, 401], [444, 401], [445, 400], [457, 400], [458, 399], [480, 399], [481, 398], [494, 398], [495, 397], [513, 397], [514, 396], [531, 396], [532, 395], [553, 395], [554, 394], [568, 394], [569, 393], [574, 393], [575, 392], [576, 392], [577, 391], [584, 391], [585, 390], [596, 390], [597, 389], [604, 389], [605, 388], [612, 388], [613, 387], [617, 387], [618, 386], [621, 386], [622, 385], [624, 385], [625, 384], [626, 384], [627, 383], [628, 383], [630, 381], [631, 381], [634, 378], [635, 378], [636, 377], [637, 377], [638, 376], [641, 376], [642, 375], [648, 375], [649, 374], [651, 374], [652, 373], [654, 373], [655, 372], [656, 372], [660, 368], [660, 367], [661, 366], [661, 360], [666, 355], [666, 346], [667, 345], [667, 338], [668, 337], [668, 334], [669, 333], [669, 331], [670, 330], [670, 324], [671, 323], [671, 314], [670, 313], [670, 291], [669, 290], [669, 288], [670, 287], [670, 286], [669, 285], [669, 279], [668, 278], [668, 254], [667, 253], [667, 249], [666, 248], [666, 247], [662, 243], [662, 242], [661, 241], [661, 239], [660, 238], [660, 236], [658, 234], [658, 233], [656, 231], [655, 231], [654, 230], [653, 230], [652, 229], [652, 228], [650, 226], [650, 225], [649, 224], [648, 224], [647, 223], [644, 223], [643, 222], [639, 222], [638, 221], [635, 221], [634, 220], [619, 220], [618, 219], [608, 219], [607, 218], [605, 218], [604, 217], [602, 217], [601, 216], [600, 216], [599, 215], [594, 215], [593, 214], [586, 214], [585, 213], [577, 213], [578, 214], [583, 214], [584, 215], [586, 215], [587, 216], [592, 216], [593, 217], [594, 216], [597, 216], [598, 217], [599, 217], [600, 218], [599, 219], [597, 219], [596, 220], [586, 220], [585, 219], [584, 219], [583, 218], [580, 218], [579, 217], [577, 217], [576, 216], [575, 216], [571, 212], [571, 211], [569, 211], [568, 210]], "holes": []}