{"cx": 430.4007568359375, "cy": 325.83587646484375, "length": 402.53729248046875, "width": 198.32411193847656, "depth": 93.92046356201172, "rotation": -1.7961432933807373, "boundary": [[590, 222], [589, 223], [546, 223], [545, 224], [525, 224], [524, 225], [491, 225], [490, 226], [456, 226], [455, 227], [430, 227], [429, 228], [398, 228], [397, 229], [374, 229], [373, 230], [335, 230], [334, 231], [293, 231], [292, 232], [259, 232], [258, 233], [250, 233], [249, 234], [236, 234], [235, 235], [233, 235], [232, 236], [231, 236], [229, 238], [229, 239], [228, 240], [228, 243], [227, 244], [227, 261], [228, 262], [228, 288], [229, 289], [229, 308], [230, 309], [230, 338], [231, 339], [231, 360], [232, 361], [232, 378], [233, 379], [233, 387], [232, 388], [232, 397], [233, 398], [233, 402], [234, 403], [234, 416], [235, 417], [235, 421], [236, 422], [236, 423], [237, 424], [237, 425], [240, 428], [241, 428], [242, 429], [288, 429], [289, 428], [308, 428], [309, 427], [339, 427], [340, 426], [372, 426], [373, 425], [389, 425], [390, 426], [400, 426], [401, 425], [404, 425], [405, 424], [424, 424], [425, 423], [466, 423], [467, 422], [502, 422], [503, 421], [521, 421], [522, 420], [551, 420], [552, 419], [575, 419], [576, 418], [588, 418], [589, 419], [602, 419], [603, 418], [608, 418], [609, 417], [622, 417], [623, 416], [627, 416], [628, 415], [629, 415], [633, 411], [633, 409], [634, 408], [634, 397], [633, 396], [633, 382], [632, 381], [632, 358], [631, 357], [631, 333], [630, 332], [630, 327], [631, 326], [631, 324], [630, 323], [630, 294], [629, 293], [629, 281], [628, 280], [628, 253], [627, 252], [627, 232], [626, 231], [626, 228], [625, 227], [625, 226], [622, 223], [621, 223], [620, 222]], "holes": []}