{"cx": 438.0164794921875, "cy": 340.060302734375, "length": 401.560302734375, "width": 197.1035614013672, "depth": 94.50465393066406, "rotation": -0.8896145224571228, "boundary": [[613, 239], [612, 240], [567, 240], [566, 241], [520, 241], [519, 242], [481, 242], [480, 241], [470, 241], [469, 242], [466, 242], [465, 243], [419, 243], [418, 244], [364, 244], [363, 245], [304, 245], [303, 246], [280, 246], [279, 245], [268, 245], [267, 246], [251, 246], [250, 247], [244, 247], [243, 248], [241, 248], [238, 251], [238, 252], [237, 253], [237, 255], [236, 256], [236, 262], [237, 263], [237, 302], [238, 303], [238, 345], [239, 346], [239, 384], [240, 385], [240, 398], [239, 399], [239, 410], [240, 411], [240, 429], [241, 430], [241, 434], [242, 435], [242, 436], [243, 437], [243, 438], [244, 439], [245, 439], [246, 440], [247, 440], [248, 441], [285, 441], [286, 440], [342, 440], [343, 439], [409, 439], [410, 438], [443, 438], [444, 437], [498, 437], [499, 436], [542, 436], [543, 435], [596, 435], [597, 436], [607, 436], [608, 435], [614, 435], [615, 434], [632, 434], [633, 433], [634, 433], [639, 428], [639, 426], [640, 425], [640, 416], [639, 415], [639, 362], [638, 361], [638, 324], [637, 323], [637, 267], [636, 266], [636, 247], [635, 246], [635, 245], [634, 244], [634, 243], [632, 241], [631, 241], [630, 240], [628, 240], [627, 239]], "holes": []}