{"cx": 426.42449951171875, "cy": 337.010498046875, "length": 412.0194091796875, "width": 183.33761596679688, "depth": 91.18651580810547, "rotation": -0.5589655041694641, "boundary": [[461, 245], [460, 246], [457, 246], [456, 247], [308, 247], [307, 248], [264, 248], [263, 247], [256, 247], [255, 248], [234, 248], [233, 249], [230, 249], [229, 250], [227, 250], [223, 254], [223, 255], [222, 256], [222, 309], [223, 310], [223, 372], [224, 373], [224, 386], [223, 387], [223, 390], [222, 391], [222, 393], [221, 394], [221, 398], [222, 399], [222, 401], [223, 402], [223, 408], [224, 409], [223, 410], [224, 411], [224, 421], [225, 422], [225, 423], [226, 424], [226, 425], [228, 427], [229, 427], [230, 428], [232, 428], [233, 429], [281, 429], [282, 428], [382, 428], [383, 429], [394, 429], [395, 428], [399, 428], [400, 427], [469, 427], [470, 426], [542, 426], [543, 425], [569, 425], [569, 422], [570, 421], [570, 419], [569, 419], [568, 418], [568, 416], [569, 415], [572, 415], [573, 414], [574, 414], [576, 416], [577, 416], [578, 417], [578, 418], [577, 419], [577, 420], [578, 421], [578, 422], [576, 424], [576, 425], [584, 425], [585, 426], [588, 426], [589, 427], [598, 427], [599, 426], [607, 426], [608, 425], [609, 426], [615, 426], [616, 425], [624, 425], [625, 424], [626, 424], [627, 423], [627, 422], [628, 421], [631, 421], [631, 419], [632, 418], [632, 398], [633, 397], [633, 394], [632, 393], [632, 367], [631, 366], [628, 366], [627, 365], [627, 364], [628, 363], [630, 363], [631, 364], [631, 361], [632, 360], [632, 338], [631, 337], [631, 330], [632, 329], [632, 321], [631, 320], [631, 255], [630, 254], [630, 252], [629, 251], [629, 250], [628, 249], [628, 248], [626, 246], [623, 246], [622, 245], [580, 245], [579, 246], [496, 246], [495, 247], [475, 247], [474, 246], [469, 246], [468, 245]], "holes": []}