{"cx": 456.63800048828125, "cy": 324.7456970214844, "length": 449.0677795410156, "width": 183.5269012451172, "depth": 153.9310302734375, "rotation": -2.05063533782959, "boundary": [[607, 228], [606, 229], [596, 229], [595, 230], [580, 230], [579, 229], [578, 230], [572, 230], [571, 231], [545, 231], [544, 232], [507, 232], [506, 233], [497, 233], [496, 234], [468, 234], [467, 235], [444, 235], [443, 236], [424, 236], [423, 237], [418, 237], [417, 236], [399, 236], [398, 237], [393, 237], [392, 236], [388, 236], [387, 237], [369, 237], [368, 238], [333, 238], [332, 239], [318, 239], [317, 240], [303, 240], [302, 241], [274, 241], [273, 240], [259, 240], [258, 241], [248, 241], [247, 242], [244, 242], [243, 243], [237, 243], [236, 244], [233, 244], [231, 246], [231, 248], [230, 249], [230, 270], [231, 271], [231, 278], [233, 280], [233, 281], [234, 282], [234, 284], [235, 285], [235, 287], [236, 288], [236, 289], [237, 290], [237, 291], [238, 292], [238, 293], [239, 294], [239, 295], [240, 296], [240, 297], [241, 298], [241, 299], [242, 300], [242, 301], [243, 302], [244, 302], [246, 304], [246, 305], [248, 307], [248, 308], [251, 311], [251, 312], [252, 313], [252, 315], [253, 316], [253, 335], [254, 336], [254, 359], [253, 360], [253, 368], [252, 369], [252, 370], [251, 371], [251, 376], [250, 377], [250, 383], [248, 385], [248, 392], [247, 393], [247, 399], [246, 400], [246, 407], [245, 408], [245, 409], [243, 411], [243, 418], [244, 419], [244, 420], [245, 421], [246, 421], [247, 422], [250, 422], [251, 423], [277, 423], [278, 422], [282, 422], [283, 421], [285, 421], [287, 419], [289, 419], [291, 421], [305, 421], [305, 420], [304, 419], [305, 418], [306, 418], [306, 416], [307, 415], [307, 414], [309, 412], [311, 412], [312, 411], [314, 411], [316, 413], [315, 414], [315, 416], [312, 419], [309, 419], [308, 420], [308, 421], [312, 421], [313, 420], [326, 420], [327, 419], [342, 419], [343, 418], [372, 418], [373, 417], [387, 417], [388, 416], [399, 416], [400, 415], [437, 415], [438, 414], [455, 414], [455, 413], [456, 412], [457, 412], [458, 411], [461, 411], [463, 413], [463, 414], [479, 414], [480, 413], [518, 413], [519, 412], [562, 412], [563, 411], [566, 411], [566, 410], [567, 409], [570, 409], [571, 410], [573, 410], [574, 411], [600, 411], [601, 410], [635, 410], [636, 409], [668, 409], [669, 408], [671, 408], [672, 407], [673, 407], [674, 406], [675, 406], [676, 405], [676, 404], [677, 403], [677, 402], [678, 401], [678, 399], [679, 398], [679, 394], [680, 393], [680, 391], [681, 390], [681, 351], [680, 350], [680, 338], [681, 337], [681, 326], [680, 325], [680, 288], [679, 287], [679, 269], [678, 268], [678, 252], [677, 251], [677, 249], [676, 248], [676, 247], [675, 246], [675, 245], [674, 244], [674, 234], [673, 233], [673, 232], [672, 231], [672, 230], [671, 229], [670, 229], [669, 228]], "holes": []}