{"cx": 414.98565673828125, "cy": 338.97576904296875, "length": 198.4449462890625, "width": 402.2017822265625, "depth": 101.24581146240234, "rotation": -88.63200378417969, "boundary": [[228, 236], [227, 237], [222, 237], [221, 238], [220, 238], [218, 240], [218, 241], [217, 242], [217, 247], [216, 248], [216, 295], [215, 296], [215, 348], [214, 349], [214, 387], [213, 388], [213, 423], [214, 424], [214, 426], [216, 428], [216, 429], [217, 430], [218, 430], [219, 431], [220, 431], [221, 432], [248, 432], [249, 433], [307, 433], [308, 434], [348, 434], [349, 435], [366, 435], [367, 436], [370, 436], [371, 437], [380, 437], [381, 436], [384, 436], [385, 435], [393, 435], [394, 436], [445, 436], [446, 437], [477, 437], [478, 438], [530, 438], [531, 439], [563, 439], [564, 440], [568, 440], [569, 441], [572, 441], [573, 442], [579, 442], [580, 441], [583, 441], [584, 440], [606, 440], [607, 439], [608, 439], [609, 438], [610, 438], [612, 436], [612, 435], [613, 434], [613, 429], [614, 428], [614, 427], [613, 426], [613, 419], [614, 418], [614, 386], [615, 385], [615, 346], [616, 345], [616, 335], [615, 334], [615, 325], [616, 324], [616, 289], [617, 288], [617, 256], [616, 255], [616, 250], [612, 246], [611, 246], [610, 245], [595, 245], [594, 244], [543, 244], [542, 243], [482, 243], [481, 242], [462, 242], [461, 241], [407, 241], [406, 240], [374, 240], [373, 239], [319, 239], [318, 238], [284, 238], [283, 237], [260, 237], [259, 236]], "holes": []}