{"cx": 421.2922668457031, "cy": 317.812255859375, "length": 208.027587890625, "width": 398.80322265625, "depth": 98.81623840332031, "rotation": -41.77547836303711, "boundary": [[371, 120], [370, 121], [368, 121], [367, 122], [366, 122], [365, 123], [364, 123], [363, 124], [362, 124], [359, 127], [358, 127], [358, 128], [357, 129], [356, 129], [352, 133], [351, 133], [348, 136], [347, 136], [345, 138], [344, 138], [340, 142], [339, 142], [336, 145], [335, 145], [333, 147], [332, 147], [330, 149], [330, 150], [327, 153], [326, 153], [325, 154], [324, 154], [323, 155], [322, 155], [320, 157], [319, 157], [316, 160], [315, 160], [312, 163], [311, 163], [309, 165], [308, 165], [305, 168], [304, 168], [301, 171], [300, 171], [298, 173], [297, 173], [295, 175], [294, 175], [292, 177], [291, 177], [287, 181], [286, 181], [283, 184], [282, 184], [279, 187], [278, 187], [275, 190], [274, 190], [270, 194], [269, 194], [267, 196], [266, 196], [263, 199], [262, 199], [261, 200], [260, 200], [256, 204], [255, 204], [254, 205], [253, 205], [252, 206], [250, 206], [248, 208], [247, 208], [245, 210], [244, 210], [241, 213], [241, 214], [239, 216], [238, 216], [236, 218], [235, 218], [232, 221], [231, 221], [228, 224], [227, 224], [224, 227], [224, 228], [223, 229], [223, 234], [224, 235], [224, 240], [225, 241], [225, 242], [226, 243], [226, 245], [227, 246], [227, 247], [228, 248], [228, 249], [230, 251], [230, 253], [231, 253], [232, 254], [232, 256], [234, 258], [234, 259], [236, 261], [235, 262], [237, 262], [238, 263], [238, 264], [240, 266], [240, 267], [241, 267], [242, 268], [242, 269], [243, 269], [244, 270], [244, 271], [245, 271], [247, 273], [248, 273], [250, 275], [251, 275], [252, 276], [252, 277], [253, 277], [254, 278], [254, 280], [255, 281], [255, 282], [258, 285], [258, 286], [261, 289], [261, 290], [262, 289], [266, 293], [266, 294], [267, 295], [267, 296], [268, 297], [268, 298], [269, 298], [275, 304], [275, 305], [276, 306], [277, 306], [278, 305], [280, 307], [279, 308], [283, 308], [284, 309], [283, 310], [284, 310], [285, 311], [286, 310], [288, 312], [288, 315], [290, 315], [295, 320], [295, 322], [296, 322], [297, 323], [297, 324], [299, 324], [300, 325], [300, 326], [307, 333], [307, 334], [314, 341], [314, 342], [315, 343], [315, 344], [323, 352], [324, 352], [330, 358], [330, 359], [331, 360], [332, 360], [334, 362], [334, 363], [348, 377], [348, 378], [349, 378], [355, 384], [355, 385], [358, 388], [358, 390], [365, 397], [365, 398], [366, 399], [365, 400], [368, 403], [368, 405], [369, 406], [369, 407], [370, 406], [371, 407], [371, 409], [370, 410], [371, 410], [372, 411], [372, 415], [373, 416], [373, 417], [374, 418], [374, 421], [375, 422], [378, 422], [379, 421], [380, 421], [381, 422], [381, 423], [383, 423], [384, 424], [384, 425], [385, 426], [386, 425], [387, 426], [387, 427], [388, 427], [392, 431], [392, 433], [393, 434], [394, 434], [399, 439], [399, 440], [401, 440], [402, 441], [402, 442], [405, 445], [406, 445], [407, 446], [407, 448], [408, 449], [409, 449], [412, 452], [413, 452], [414, 453], [414, 454], [415, 454], [416, 455], [416, 457], [419, 460], [419, 462], [420, 462], [421, 463], [421, 464], [422, 464], [425, 467], [426, 467], [430, 471], [430, 472], [432, 474], [432, 475], [433, 476], [433, 477], [435, 479], [435, 480], [437, 482], [437, 483], [439, 485], [439, 486], [441, 486], [443, 488], [443, 491], [444, 492], [443, 493], [442, 493], [442, 494], [441, 495], [441, 496], [445, 496], [446, 497], [449, 497], [450, 498], [454, 498], [455, 499], [459, 499], [460, 500], [463, 500], [464, 501], [465, 501], [468, 504], [469, 504], [470, 505], [470, 506], [471, 506], [472, 507], [473, 507], [474, 508], [482, 508], [483, 507], [484, 507], [485, 506], [487, 506], [489, 504], [490, 504], [496, 498], [497, 498], [498, 497], [499, 497], [503, 493], [504, 493], [507, 490], [508, 490], [509, 489], [510, 489], [514, 485], [515, 485], [517, 483], [518, 483], [520, 481], [521, 481], [526, 476], [527, 476], [530, 473], [531, 473], [535, 469], [536, 469], [537, 468], [538, 468], [541, 465], [542, 465], [546, 461], [547, 461], [549, 459], [550, 459], [552, 457], [553, 457], [555, 455], [556, 455], [560, 451], [561, 451], [563, 449], [564, 449], [567, 446], [568, 446], [570, 444], [571, 444], [574, 441], [575, 441], [576, 440], [577, 440], [580, 437], [581, 437], [585, 433], [586, 433], [590, 429], [591, 429], [592, 428], [593, 428], [595, 426], [596, 426], [600, 422], [601, 422], [602, 421], [603, 421], [604, 420], [605, 420], [612, 413], [613, 413], [617, 409], [618, 409], [622, 405], [623, 405], [625, 403], [625, 402], [627, 400], [627, 399], [628, 398], [628, 396], [627, 395], [627, 393], [624, 390], [624, 389], [619, 384], [619, 383], [602, 366], [602, 365], [591, 354], [591, 353], [583, 345], [583, 344], [573, 334], [573, 333], [572, 333], [571, 332], [571, 331], [562, 322], [562, 321], [554, 313], [554, 312], [543, 301], [542, 302], [541, 301], [541, 298], [535, 292], [535, 291], [517, 273], [517, 272], [510, 265], [510, 264], [500, 254], [500, 253], [499, 253], [489, 243], [489, 242], [483, 236], [483, 235], [478, 230], [478, 229], [466, 217], [466, 216], [459, 209], [459, 208], [447, 196], [447, 195], [437, 185], [437, 184], [430, 177], [430, 176], [415, 161], [415, 160], [408, 153], [408, 152], [401, 145], [401, 144], [385, 128], [385, 127], [381, 123], [380, 123], [378, 121], [376, 121], [375, 120]], "holes": []}