{"cx": 464.476806640625, "cy": 320.006103515625, "length": 449.9463195800781, "width": 204.61407470703125, "depth": 98.92427062988281, "rotation": -0.6662000417709351, "boundary": [[610, 216], [609, 217], [605, 217], [604, 218], [598, 218], [597, 219], [596, 218], [587, 218], [586, 217], [584, 217], [583, 218], [572, 218], [571, 217], [570, 217], [569, 218], [559, 218], [558, 217], [552, 217], [552, 218], [551, 219], [550, 219], [549, 218], [530, 218], [529, 219], [527, 219], [526, 218], [525, 218], [524, 219], [521, 219], [520, 220], [519, 220], [518, 219], [504, 219], [503, 220], [487, 220], [486, 221], [484, 221], [483, 220], [449, 220], [448, 219], [443, 219], [442, 218], [438, 218], [437, 219], [432, 219], [431, 220], [413, 220], [412, 221], [411, 221], [410, 220], [409, 221], [397, 221], [396, 220], [395, 220], [394, 221], [391, 221], [390, 220], [386, 220], [385, 221], [357, 221], [356, 222], [354, 222], [353, 221], [329, 221], [328, 222], [327, 222], [326, 221], [324, 221], [323, 222], [313, 222], [312, 223], [310, 223], [309, 222], [294, 222], [293, 223], [292, 223], [291, 222], [290, 223], [289, 222], [288, 222], [287, 223], [285, 223], [284, 222], [280, 222], [279, 223], [278, 223], [276, 225], [275, 225], [273, 227], [273, 228], [264, 237], [265, 238], [264, 239], [262, 239], [261, 240], [260, 240], [259, 241], [254, 241], [253, 242], [247, 242], [246, 243], [245, 243], [243, 245], [243, 246], [242, 247], [242, 249], [241, 250], [241, 267], [240, 268], [240, 270], [239, 271], [239, 278], [240, 279], [240, 280], [241, 281], [241, 291], [242, 292], [242, 293], [241, 294], [241, 295], [242, 296], [242, 339], [243, 340], [243, 353], [242, 354], [242, 363], [243, 364], [243, 414], [244, 415], [244, 417], [247, 420], [248, 420], [249, 421], [250, 421], [251, 422], [272, 422], [273, 423], [276, 423], [277, 424], [285, 424], [286, 423], [288, 423], [289, 422], [318, 422], [319, 421], [397, 421], [398, 420], [478, 420], [479, 421], [482, 421], [483, 422], [492, 422], [493, 421], [495, 421], [496, 420], [517, 420], [518, 419], [523, 419], [524, 420], [527, 420], [528, 419], [544, 419], [545, 420], [549, 420], [550, 419], [641, 419], [642, 418], [645, 418], [646, 417], [647, 417], [648, 416], [648, 415], [649, 414], [649, 413], [650, 412], [650, 411], [651, 410], [651, 409], [652, 408], [652, 396], [653, 395], [653, 393], [654, 392], [654, 387], [655, 386], [655, 382], [654, 381], [654, 379], [653, 378], [653, 377], [652, 376], [652, 351], [651, 350], [651, 347], [652, 346], [652, 343], [651, 342], [651, 340], [652, 339], [652, 332], [651, 331], [652, 330], [652, 319], [651, 318], [651, 295], [650, 294], [649, 294], [648, 293], [648, 292], [649, 291], [650, 291], [650, 286], [649, 285], [649, 280], [650, 279], [650, 246], [649, 245], [649, 244], [648, 243], [648, 242], [646, 240], [645, 240], [644, 239], [643, 239], [642, 238], [628, 238], [627, 237], [626, 238], [622, 238], [621, 237], [618, 237], [617, 236], [609, 236], [608, 237], [605, 237], [604, 238], [602, 238], [600, 240], [596, 240], [594, 242], [592, 242], [590, 240], [590, 239], [589, 239], [588, 238], [587, 238], [586, 239], [585, 239], [584, 238], [580, 238], [580, 240], [579, 241], [576, 238], [572, 238], [571, 239], [572, 239], [573, 240], [571, 242], [571, 243], [570, 244], [569, 244], [569, 246], [568, 247], [567, 246], [561, 246], [560, 245], [557, 245], [556, 244], [552, 244], [551, 245], [550, 245], [549, 246], [548, 246], [547, 247], [545, 245], [544, 245], [543, 244], [543, 243], [542, 242], [543, 241], [543, 239], [542, 239], [541, 238], [540, 238], [538, 240], [533, 240], [532, 239], [531, 239], [530, 240], [529, 239], [512, 239], [511, 238], [510, 238], [509, 239], [475, 239], [476, 240], [477, 240], [478, 241], [475, 244], [470, 244], [469, 243], [470, 242], [474, 242], [473, 242], [472, 241], [471, 242], [468, 239], [466, 239], [465, 238], [464, 239], [461, 239], [460, 240], [458, 240], [456, 242], [450, 242], [449, 243], [448, 242], [446, 242], [445, 241], [446, 240], [445, 239], [435, 239], [434, 240], [422, 240], [421, 239], [415, 239], [413, 237], [400, 237], [399, 238], [398, 238], [397, 239], [396, 239], [395, 240], [391, 240], [391, 241], [390, 242], [388, 240], [386, 240], [383, 243], [382, 243], [381, 242], [381, 241], [380, 241], [382, 243], [381, 244], [378, 244], [377, 245], [376, 244], [375, 245], [374, 245], [373, 244], [373, 243], [371, 243], [371, 244], [372, 244], [373, 245], [372, 246], [370, 246], [369, 247], [368, 246], [368, 244], [365, 244], [363, 242], [364, 241], [364, 240], [355, 240], [355, 241], [356, 241], [357, 242], [356, 243], [354, 243], [353, 244], [351, 244], [350, 245], [346, 245], [345, 244], [345, 242], [346, 241], [335, 241], [334, 240], [324, 240], [323, 241], [320, 241], [320, 242], [319, 243], [318, 242], [316, 242], [315, 241], [312, 241], [312, 242], [311, 243], [310, 243], [309, 244], [310, 244], [311, 245], [311, 246], [309, 248], [306, 248], [305, 247], [305, 245], [302, 242], [299, 242], [298, 241], [273, 241], [272, 240], [269, 240], [268, 239], [266, 239], [265, 238], [265, 237], [266, 236], [267, 236], [268, 235], [270, 235], [272, 233], [274, 233], [275, 232], [279, 232], [280, 231], [285, 231], [286, 230], [287, 231], [288, 230], [289, 230], [290, 231], [291, 231], [292, 230], [293, 231], [296, 231], [297, 232], [298, 231], [299, 231], [300, 232], [311, 232], [312, 231], [320, 231], [321, 230], [343, 230], [344, 231], [349, 231], [350, 230], [352, 230], [354, 232], [355, 232], [356, 231], [368, 231], [369, 230], [372, 230], [373, 231], [378, 231], [379, 230], [380, 230], [381, 231], [388, 231], [389, 230], [393, 230], [394, 231], [395, 231], [396, 230], [398, 230], [399, 229], [409, 229], [410, 230], [412, 230], [413, 231], [415, 231], [416, 230], [418, 230], [419, 229], [421, 229], [422, 228], [427, 228], [428, 229], [446, 229], [447, 230], [450, 230], [451, 231], [452, 231], [453, 230], [455, 230], [456, 229], [459, 229], [460, 230], [466, 230], [467, 229], [475, 229], [476, 230], [478, 230], [479, 229], [480, 229], [481, 230], [495, 230], [496, 229], [498, 229], [499, 228], [503, 228], [504, 229], [507, 229], [508, 228], [512, 228], [513, 229], [521, 229], [522, 228], [533, 228], [534, 229], [535, 228], [538, 228], [539, 227], [540, 227], [541, 228], [546, 228], [547, 229], [548, 228], [557, 228], [558, 229], [560, 229], [561, 228], [568, 228], [569, 227], [572, 227], [573, 228], [585, 228], [586, 229], [587, 229], [588, 228], [591, 228], [592, 227], [593, 228], [594, 228], [595, 227], [596, 227], [597, 228], [598, 227], [615, 227], [616, 228], [619, 228], [620, 229], [624, 229], [624, 224], [626, 222], [627, 223], [628, 223], [629, 224], [630, 224], [631, 225], [636, 225], [637, 226], [638, 225], [639, 226], [645, 226], [646, 227], [647, 227], [648, 226], [650, 228], [653, 228], [655, 230], [657, 230], [658, 231], [659, 231], [660, 232], [661, 232], [663, 234], [664, 234], [667, 237], [666, 238], [666, 240], [668, 242], [668, 243], [666, 245], [668, 245], [669, 244], [669, 242], [670, 241], [671, 242], [671, 243], [672, 244], [672, 246], [670, 248], [671, 249], [671, 250], [672, 251], [672, 252], [671, 253], [671, 256], [672, 257], [672, 263], [673, 262], [673, 261], [674, 260], [675, 261], [675, 268], [674, 269], [673, 268], [673, 271], [674, 272], [674, 273], [675, 274], [675, 280], [676, 281], [676, 294], [677, 295], [677, 302], [678, 301], [679, 301], [680, 302], [679, 303], [679, 310], [678, 311], [677, 310], [677, 304], [677, 307], [676, 308], [676, 328], [675, 329], [675, 338], [675, 335], [676, 334], [677, 335], [677, 341], [678, 342], [677, 343], [677, 348], [678, 349], [678, 350], [679, 349], [680, 350], [680, 351], [679, 352], [679, 360], [678, 361], [678, 365], [679, 366], [678, 367], [678, 372], [677, 373], [677, 377], [676, 378], [676, 382], [675, 383], [674, 382], [674, 381], [674, 382], [675, 383], [675, 384], [674, 385], [673, 384], [672, 385], [671, 384], [672, 385], [672, 387], [671, 388], [672, 