{"cx": 400.5301513671875, "cy": 300.9993896484375, "length": 402.60711669921875, "width": 199.70843505859375, "depth": 106.29977416992188, "rotation": -1.1515189409255981, "boundary": [[556, 198], [555, 199], [553, 199], [552, 200], [548, 200], [547, 201], [490, 201], [489, 202], [438, 202], [437, 203], [386, 203], [385, 204], [371, 204], [370, 203], [367, 203], [366, 202], [357, 202], [356, 203], [354, 203], [353, 204], [333, 204], [332, 205], [276, 205], [275, 206], [223, 206], [222, 207], [211, 207], [210, 208], [208, 208], [207, 209], [206, 209], [205, 210], [204, 210], [203, 211], [203, 212], [202, 213], [202, 214], [201, 215], [201, 222], [200, 223], [200, 235], [199, 236], [199, 239], [198, 240], [198, 242], [199, 243], [199, 246], [200, 247], [200, 250], [201, 251], [201, 276], [202, 277], [202, 330], [203, 331], [203, 377], [204, 378], [204, 393], [205, 394], [205, 396], [210, 401], [211, 401], [212, 402], [217, 402], [218, 403], [233, 403], [234, 404], [244, 404], [245, 403], [247, 403], [248, 402], [263, 402], [264, 401], [308, 401], [309, 400], [350, 400], [351, 399], [388, 399], [389, 398], [433, 398], [434, 399], [436, 399], [437, 400], [444, 400], [445, 399], [447, 399], [448, 398], [450, 398], [451, 397], [470, 397], [471, 396], [541, 396], [542, 395], [549, 395], [550, 396], [551, 395], [562, 395], [563, 394], [567, 394], [568, 395], [577, 395], [578, 394], [592, 394], [593, 393], [595, 393], [597, 391], [598, 391], [599, 390], [599, 389], [600, 388], [600, 386], [601, 385], [601, 379], [600, 378], [600, 371], [601, 370], [601, 366], [602, 365], [602, 362], [603, 361], [603, 357], [602, 356], [602, 354], [601, 353], [601, 351], [600, 350], [600, 337], [599, 336], [599, 326], [600, 325], [600, 319], [599, 318], [599, 269], [598, 268], [598, 223], [597, 222], [597, 209], [596, 208], [596, 206], [595, 205], [595, 204], [593, 202], [592, 202], [591, 201], [587, 201], [586, 200], [568, 200], [567, 199], [564, 199], [563, 198]], "holes": []}