{"cx": 411.9731140136719, "cy": 320.0382080078125, "length": 200.08311462402344, "width": 399.1199645996094, "depth": 101.88642883300781, "rotation": -88.5159912109375, "boundary": [[251, 216], [250, 217], [248, 217], [247, 218], [228, 218], [227, 219], [225, 219], [224, 220], [223, 220], [221, 222], [220, 222], [219, 223], [219, 224], [217, 226], [217, 229], [216, 230], [216, 257], [215, 258], [215, 290], [214, 291], [214, 321], [213, 322], [213, 357], [212, 358], [212, 371], [211, 372], [211, 385], [212, 386], [212, 400], [211, 401], [211, 404], [212, 405], [212, 408], [213, 409], [213, 410], [214, 411], [215, 411], [217, 413], [219, 413], [220, 414], [236, 414], [237, 415], [274, 415], [275, 416], [320, 416], [321, 417], [355, 417], [356, 418], [368, 418], [369, 419], [374, 419], [375, 418], [395, 418], [396, 419], [438, 419], [439, 420], [472, 420], [473, 421], [507, 421], [508, 422], [545, 422], [546, 423], [590, 423], [591, 424], [595, 424], [596, 423], [601, 423], [602, 422], [603, 422], [606, 419], [606, 418], [607, 417], [607, 396], [608, 395], [608, 393], [607, 392], [607, 388], [608, 387], [608, 373], [609, 372], [609, 333], [610, 332], [610, 311], [611, 310], [611, 305], [610, 304], [610, 303], [611, 302], [611, 276], [612, 275], [612, 267], [613, 266], [613, 261], [612, 260], [612, 241], [613, 240], [613, 238], [612, 237], [612, 236], [611, 235], [611, 234], [610, 234], [608, 232], [607, 232], [606, 231], [605, 231], [604, 230], [602, 230], [601, 229], [599, 229], [598, 228], [581, 228], [580, 227], [550, 227], [549, 226], [516, 226], [515, 225], [473, 225], [472, 224], [461, 224], [460, 223], [457, 223], [456, 222], [453, 222], [452, 221], [449, 221], [448, 222], [442, 222], [441, 223], [409, 223], [408, 222], [366, 222], [365, 221], [338, 221], [337, 220], [322, 220], [321, 219], [317, 219], [316, 220], [309, 220], [308, 219], [273, 219], [272, 218], [263, 218], [262, 217], [260, 217], [259, 216]], "holes": []}