{"cx": 410.2313232421875, "cy": 328.935791015625, "length": 412.29766845703125, "width": 206.8343505859375, "depth": 140.84873962402344, "rotation": -0.5906571745872498, "boundary": [[557, 224], [556, 225], [542, 225], [541, 226], [533, 226], [532, 225], [523, 225], [522, 226], [449, 226], [448, 227], [447, 227], [446, 226], [445, 227], [366, 227], [365, 226], [363, 226], [362, 227], [308, 227], [307, 228], [270, 228], [269, 229], [241, 229], [240, 230], [238, 230], [235, 233], [234, 233], [233, 234], [231, 234], [225, 240], [225, 241], [216, 250], [216, 252], [215, 253], [215, 256], [214, 257], [214, 277], [213, 278], [213, 283], [212, 284], [212, 286], [211, 287], [211, 288], [210, 289], [210, 291], [208, 293], [208, 294], [207, 295], [207, 296], [206, 297], [206, 304], [205, 305], [205, 306], [206, 307], [206, 308], [207, 309], [207, 314], [206, 315], [206, 316], [205, 317], [205, 319], [204, 320], [204, 322], [205, 323], [205, 324], [208, 327], [209, 327], [213, 331], [213, 332], [215, 334], [215, 335], [218, 338], [219, 338], [220, 339], [221, 339], [222, 340], [225, 340], [226, 341], [232, 341], [233, 340], [237, 340], [238, 341], [239, 341], [240, 342], [241, 342], [242, 343], [243, 343], [244, 344], [246, 344], [247, 345], [248, 345], [255, 352], [256, 352], [257, 353], [258, 353], [259, 354], [260, 354], [261, 355], [262, 355], [263, 356], [264, 356], [265, 357], [266, 357], [267, 358], [268, 358], [269, 359], [271, 359], [272, 360], [273, 360], [274, 361], [275, 361], [276, 362], [277, 362], [279, 364], [280, 364], [289, 373], [289, 374], [292, 377], [292, 378], [294, 380], [295, 380], [297, 382], [297, 383], [298, 384], [298, 386], [299, 387], [299, 394], [304, 399], [305, 399], [307, 401], [307, 402], [308, 403], [308, 405], [309, 406], [309, 407], [311, 409], [311, 410], [314, 413], [314, 414], [321, 421], [322, 421], [324, 423], [324, 424], [326, 426], [326, 428], [327, 429], [327, 430], [330, 433], [340, 433], [341, 432], [346, 432], [347, 431], [366, 431], [367, 432], [372, 432], [373, 431], [380, 431], [381, 430], [385, 430], [386, 429], [405, 429], [406, 430], [409, 430], [410, 431], [451, 431], [452, 430], [457, 430], [458, 429], [459, 429], [460, 428], [468, 428], [469, 429], [471, 429], [472, 430], [477, 430], [478, 431], [479, 431], [480, 430], [484, 430], [485, 431], [496, 431], [497, 430], [502, 430], [503, 431], [515, 431], [516, 430], [521, 430], [522, 431], [542, 431], [543, 430], [569, 430], [570, 429], [574, 429], [575, 430], [577, 430], [578, 429], [584, 429], [585, 430], [593, 430], [594, 429], [601, 429], [602, 428], [605, 428], [606, 427], [610, 427], [611, 426], [612, 426], [614, 424], [614, 421], [615, 420], [615, 418], [616, 417], [616, 410], [615, 409], [615, 405], [614, 404], [614, 386], [615, 385], [615, 376], [614, 375], [614, 363], [615, 362], [615, 359], [614, 358], [614, 345], [615, 344], [615, 335], [616, 334], [616, 333], [615, 332], [615, 326], [614, 325], [614, 297], [615, 296], [615, 294], [616, 293], [616, 291], [615, 290], [615, 286], [614, 285], [614, 265], [613, 264], [613, 234], [612, 233], [612, 232], [608, 228], [607, 228], [604, 225], [602, 225], [601, 224]], "holes": []}