{"cx": 423.9293212890625, "cy": 317.5028991699219, "length": 396.4949951171875, "width": 198.6490020751953, "depth": 94.31922149658203, "rotation": -0.2893701493740082, "boundary": [[459, 218], [458, 219], [456, 219], [455, 220], [454, 220], [453, 221], [400, 221], [399, 222], [276, 222], [275, 221], [274, 221], [273, 220], [271, 220], [270, 219], [262, 219], [261, 220], [259, 220], [258, 221], [255, 221], [254, 222], [239, 222], [238, 223], [235, 223], [234, 224], [233, 224], [229, 228], [229, 229], [228, 230], [228, 233], [227, 234], [227, 254], [228, 255], [228, 372], [227, 373], [227, 377], [226, 378], [226, 381], [227, 382], [227, 386], [228, 387], [228, 407], [229, 408], [229, 411], [230, 412], [230, 413], [232, 415], [233, 415], [234, 416], [236, 416], [237, 417], [302, 417], [303, 416], [382, 416], [383, 417], [390, 417], [391, 416], [455, 416], [456, 415], [585, 415], [586, 416], [588, 416], [589, 415], [610, 415], [611, 414], [615, 414], [616, 413], [617, 413], [618, 412], [619, 412], [620, 411], [620, 410], [621, 409], [621, 408], [622, 407], [622, 383], [621, 382], [621, 283], [622, 282], [621, 281], [621, 233], [620, 232], [620, 228], [619, 227], [619, 226], [617, 224], [616, 224], [615, 223], [614, 223], [613, 222], [611, 222], [610, 221], [606, 221], [605, 220], [592, 220], [591, 221], [470, 221], [469, 220], [467, 220], [466, 219], [464, 219], [463, 218]], "holes": []}