{"cx": 440.93536376953125, "cy": 330.152099609375, "length": 438.72113037109375, "width": 206.1526336669922, "depth": 139.0, "rotation": -0.8327288627624512, "boundary": [[583, 225], [582, 226], [550, 226], [549, 227], [496, 227], [495, 228], [427, 228], [426, 229], [390, 229], [389, 230], [339, 230], [338, 231], [273, 231], [272, 230], [239, 230], [238, 231], [231, 231], [230, 232], [227, 232], [226, 233], [226, 234], [225, 235], [225, 246], [224, 247], [224, 261], [223, 262], [223, 307], [222, 308], [222, 361], [223, 362], [223, 393], [224, 394], [224, 397], [225, 398], [225, 405], [226, 406], [226, 413], [227, 414], [227, 425], [228, 426], [228, 432], [229, 433], [232, 433], [233, 434], [237, 434], [238, 435], [240, 435], [241, 436], [251, 436], [252, 435], [306, 435], [307, 434], [330, 434], [331, 433], [338, 433], [339, 432], [343, 432], [344, 433], [356, 433], [357, 432], [368, 432], [369, 433], [375, 433], [376, 432], [389, 432], [390, 431], [394, 431], [395, 432], [402, 432], [403, 431], [412, 431], [413, 432], [420, 432], [421, 431], [437, 431], [438, 432], [440, 432], [441, 431], [449, 431], [450, 430], [455, 430], [456, 431], [482, 431], [483, 430], [488, 430], [489, 431], [495, 431], [496, 430], [591, 430], [592, 431], [595, 431], [596, 430], [599, 430], [600, 429], [603, 429], [604, 428], [612, 428], [613, 429], [619, 429], [620, 430], [640, 430], [641, 429], [645, 429], [646, 428], [650, 428], [651, 427], [654, 427], [655, 426], [657, 426], [658, 425], [658, 424], [659, 423], [659, 417], [660, 416], [660, 402], [661, 401], [661, 389], [660, 388], [661, 387], [661, 377], [660, 376], [660, 348], [659, 347], [659, 334], [658, 333], [658, 325], [657, 324], [657, 316], [656, 315], [656, 310], [655, 309], [655, 301], [654, 300], [654, 294], [653, 293], [653, 285], [652, 284], [652, 277], [651, 276], [651, 269], [650, 268], [650, 259], [649, 258], [649, 246], [648, 245], [648, 239], [647, 238], [647, 237], [646, 236], [646, 235], [644, 233], [644, 232], [643, 231], [643, 230], [640, 227], [639, 227], [638, 226], [594, 226], [593, 225]], "holes": [[427.0, 423.0, 17.46434783935547, [[425, 412], [424, 413], [423, 413], [419, 417], [419, 418], [417, 420], [416, 420], [410, 426], [410, 427], [444, 427], [444, 424], [443, 423], [443, 422], [442, 421], [442, 419], [443, 418], [443, 416], [442, 416], [442, 417], [441, 418], [439, 418], [438, 417], [438, 416], [437, 416], [433, 420], [431, 420], [429, 418], [429, 415], [426, 412]]], [538.0, 411.5, 8.321758270263672, [[535, 404], [533, 406], [533, 407], [532, 408], [532, 410], [531, 411], [531, 416], [532, 417], [536, 417], [537, 416], [539, 416], [540, 417], [541, 417], [541, 416], [542, 415], [542, 413], [543, 412], [543, 411], [544, 410], [544, 409], [545, 408], [545, 407], [544, 407], [543, 406], [541, 406], [540, 405], [539, 405], [538, 404]]]]}