{"cx": 454.9688415527344, "cy": 308.98504638671875, "length": 398.0554504394531, "width": 198.98651123046875, "depth": 97.1806640625, "rotation": -0.8859466314315796, "boundary": [[486, 209], [485, 210], [483, 210], [482, 211], [481, 211], [480, 212], [450, 212], [449, 213], [405, 213], [404, 214], [323, 214], [322, 215], [303, 215], [302, 214], [301, 214], [300, 213], [298, 213], [297, 212], [292, 212], [291, 213], [288, 213], [287, 214], [285, 214], [284, 215], [270, 215], [269, 216], [266, 216], [265, 217], [264, 217], [263, 218], [262, 218], [261, 219], [260, 219], [258, 221], [258, 222], [257, 223], [257, 281], [258, 282], [258, 356], [259, 357], [259, 363], [258, 364], [258, 368], [257, 369], [257, 379], [258, 380], [258, 382], [259, 383], [259, 400], [260, 401], [260, 404], [261, 405], [261, 406], [264, 409], [265, 409], [266, 410], [308, 410], [309, 409], [332, 409], [333, 408], [341, 408], [342, 409], [348, 409], [349, 408], [414, 408], [415, 409], [422, 409], [423, 408], [425, 408], [426, 407], [447, 407], [448, 406], [496, 406], [497, 405], [498, 406], [508, 406], [509, 405], [563, 405], [564, 404], [613, 404], [614, 405], [622, 405], [623, 404], [626, 404], [627, 403], [647, 403], [648, 402], [649, 402], [650, 401], [651, 401], [652, 400], [652, 399], [653, 398], [653, 397], [654, 396], [654, 380], [653, 379], [653, 336], [652, 335], [652, 334], [653, 333], [653, 332], [652, 331], [652, 295], [651, 294], [651, 252], [652, 251], [652, 248], [653, 247], [653, 243], [652, 242], [652, 239], [651, 238], [651, 234], [650, 233], [650, 218], [649, 217], [649, 215], [646, 212], [645, 212], [644, 211], [642, 211], [641, 210], [579, 210], [578, 211], [519, 211], [518, 212], [500, 212], [499, 211], [497, 211], [496, 210], [494, 210], [493, 209]], "holes": []}