{"cx": 433.970947265625, "cy": 294.183349609375, "length": 433.9876403808594, "width": 201.6515655517578, "depth": 140.76744079589844, "rotation": -0.8384149670600891, "boundary": [[526, 192], [525, 193], [493, 193], [492, 194], [477, 194], [476, 193], [468, 193], [467, 194], [452, 194], [451, 195], [433, 195], [432, 194], [427, 194], [426, 195], [397, 195], [396, 196], [377, 196], [376, 197], [350, 197], [349, 198], [315, 198], [314, 199], [289, 199], [288, 198], [287, 198], [286, 199], [280, 199], [279, 198], [276, 198], [275, 197], [272, 197], [271, 198], [270, 198], [269, 199], [232, 199], [231, 200], [221, 200], [219, 202], [219, 208], [218, 209], [218, 218], [217, 219], [217, 225], [216, 226], [216, 229], [217, 230], [217, 231], [218, 232], [218, 257], [219, 258], [219, 265], [220, 266], [220, 267], [219, 268], [219, 275], [218, 276], [218, 285], [219, 286], [219, 298], [218, 299], [218, 310], [219, 311], [219, 321], [220, 322], [220, 333], [219, 334], [219, 346], [220, 347], [220, 348], [221, 349], [221, 351], [222, 352], [222, 360], [223, 361], [223, 367], [224, 368], [224, 386], [225, 387], [225, 391], [226, 392], [226, 393], [228, 395], [229, 395], [230, 396], [231, 396], [232, 397], [281, 397], [282, 396], [313, 396], [314, 395], [341, 395], [342, 396], [367, 396], [368, 395], [403, 395], [404, 394], [446, 394], [447, 393], [483, 393], [484, 392], [550, 392], [551, 391], [557, 391], [558, 392], [560, 392], [561, 393], [572, 393], [573, 392], [574, 392], [575, 391], [576, 391], [577, 390], [589, 390], [590, 389], [619, 389], [620, 388], [631, 388], [632, 387], [633, 387], [634, 386], [635, 386], [635, 385], [637, 383], [637, 381], [638, 380], [638, 378], [639, 377], [639, 375], [640, 374], [640, 358], [639, 357], [639, 354], [638, 353], [638, 346], [639, 345], [639, 315], [641, 313], [643, 313], [644, 312], [649, 312], [650, 311], [650, 310], [651, 309], [651, 295], [650, 294], [650, 279], [649, 278], [649, 277], [650, 276], [650, 272], [649, 271], [649, 231], [648, 230], [648, 224], [647, 223], [647, 209], [646, 208], [646, 205], [645, 204], [645, 202], [644, 201], [644, 200], [640, 196], [636, 196], [635, 195], [624, 195], [623, 194], [611, 194], [610, 193], [586, 193], [585, 192], [572, 192], [571, 193], [529, 193], [528, 192]], "holes": []}