{"cx": 409.5308532714844, "cy": 300.5588073730469, "length": 400.6639709472656, "width": 200.64381408691406, "depth": 98.54258728027344, "rotation": -1.1344215869903564, "boundary": [[564, 198], [563, 199], [561, 199], [560, 200], [533, 200], [532, 201], [469, 201], [468, 202], [418, 202], [417, 203], [378, 203], [377, 202], [374, 202], [373, 201], [370, 201], [369, 202], [365, 202], [364, 203], [362, 203], [361, 204], [323, 204], [322, 205], [269, 205], [268, 206], [224, 206], [223, 207], [219, 207], [218, 208], [216, 208], [212, 212], [212, 213], [211, 214], [211, 229], [210, 230], [210, 235], [209, 236], [209, 240], [208, 241], [208, 242], [209, 243], [209, 247], [210, 248], [210, 250], [211, 251], [211, 340], [212, 341], [212, 395], [213, 396], [213, 397], [216, 400], [217, 400], [218, 401], [221, 401], [222, 402], [237, 402], [238, 403], [241, 403], [242, 404], [253, 404], [254, 403], [256, 403], [257, 402], [282, 402], [283, 401], [337, 401], [338, 400], [340, 400], [341, 401], [343, 401], [344, 400], [367, 400], [368, 399], [372, 399], [373, 400], [389, 400], [390, 399], [405, 399], [406, 398], [414, 398], [415, 399], [431, 399], [432, 398], [439, 398], [440, 399], [443, 399], [444, 400], [455, 400], [456, 399], [458, 399], [459, 398], [492, 398], [493, 397], [494, 397], [495, 398], [506, 398], [507, 397], [558, 397], [559, 396], [596, 396], [597, 395], [601, 395], [602, 394], [603, 394], [604, 393], [605, 393], [608, 390], [608, 389], [609, 388], [609, 382], [610, 381], [610, 373], [609, 372], [609, 369], [610, 368], [610, 366], [611, 365], [611, 356], [610, 355], [610, 353], [609, 352], [609, 330], [608, 329], [608, 256], [607, 255], [607, 211], [606, 210], [606, 207], [604, 205], [604, 204], [603, 203], [602, 203], [601, 202], [600, 202], [599, 201], [594, 201], [593, 200], [578, 200], [577, 199], [574, 199], [573, 198]], "holes": []}