{"cx": 412.44293212890625, "cy": 301.0605163574219, "length": 401.7085876464844, "width": 200.53091430664062, "depth": 105.0, "rotation": -1.6846843957901, "boundary": [[565, 197], [564, 198], [562, 198], [561, 199], [555, 199], [554, 200], [518, 200], [517, 201], [484, 201], [483, 202], [450, 202], [449, 203], [411, 203], [410, 204], [380, 204], [379, 203], [376, 203], [375, 202], [370, 202], [369, 203], [366, 203], [365, 204], [362, 204], [361, 205], [330, 205], [329, 206], [287, 206], [286, 207], [256, 207], [255, 208], [223, 208], [222, 209], [220, 209], [219, 210], [218, 210], [217, 211], [216, 211], [213, 214], [213, 215], [212, 216], [212, 231], [211, 232], [211, 236], [210, 237], [210, 250], [211, 251], [211, 253], [212, 254], [212, 264], [213, 265], [213, 311], [212, 312], [212, 314], [213, 315], [213, 316], [214, 317], [214, 346], [213, 347], [213, 349], [214, 350], [214, 362], [215, 363], [215, 365], [216, 366], [216, 396], [217, 397], [217, 398], [218, 399], [218, 400], [220, 402], [221, 402], [222, 403], [223, 403], [224, 404], [242, 404], [243, 405], [246, 405], [247, 406], [255, 406], [256, 405], [258, 405], [259, 404], [262, 404], [263, 403], [295, 403], [296, 402], [330, 402], [331, 401], [366, 401], [367, 400], [412, 400], [413, 399], [414, 400], [415, 400], [416, 399], [430, 399], [431, 398], [445, 398], [446, 399], [448, 399], [449, 400], [459, 400], [460, 399], [462, 399], [463, 398], [479, 398], [480, 397], [485, 397], [486, 398], [488, 398], [489, 397], [520, 397], [521, 396], [558, 396], [559, 395], [581, 395], [582, 394], [598, 394], [599, 393], [602, 393], [603, 392], [606, 392], [607, 391], [608, 391], [612, 387], [612, 384], [613, 383], [613, 367], [614, 366], [614, 362], [615, 361], [615, 356], [614, 355], [614, 353], [613, 352], [613, 348], [612, 347], [612, 317], [611, 316], [611, 280], [610, 279], [610, 239], [609, 238], [609, 213], [608, 212], [608, 208], [607, 207], [607, 205], [604, 202], [603, 202], [602, 201], [601, 201], [600, 200], [596, 200], [595, 199], [582, 199], [581, 198], [574, 198], [573, 197]], "holes": []}