{"cx": 395.33697509765625, "cy": 307.9790954589844, "length": 398.1005554199219, "width": 200.0124969482422, "depth": 99.01465606689453, "rotation": -1.432096242904663, "boundary": [[515, 207], [514, 208], [494, 208], [493, 209], [454, 209], [453, 210], [421, 210], [420, 211], [373, 211], [372, 212], [336, 212], [335, 213], [325, 213], [324, 212], [323, 213], [295, 213], [294, 214], [264, 214], [263, 215], [258, 215], [257, 214], [254, 214], [253, 215], [244, 215], [243, 214], [242, 214], [241, 213], [239, 213], [238, 212], [233, 212], [232, 213], [230, 213], [229, 214], [227, 214], [226, 215], [219, 215], [218, 216], [208, 216], [207, 217], [206, 217], [205, 218], [203, 218], [202, 219], [201, 219], [197, 223], [197, 224], [196, 225], [196, 228], [195, 229], [195, 236], [196, 237], [196, 277], [197, 278], [197, 305], [198, 306], [198, 338], [199, 339], [199, 371], [198, 372], [198, 379], [199, 380], [199, 386], [200, 387], [200, 404], [201, 405], [201, 406], [202, 407], [202, 408], [205, 411], [206, 411], [207, 412], [236, 412], [237, 411], [268, 411], [269, 410], [309, 410], [310, 409], [348, 409], [349, 408], [385, 408], [386, 407], [419, 407], [420, 406], [468, 406], [469, 405], [507, 405], [508, 404], [550, 404], [551, 403], [573, 403], [574, 402], [589, 402], [590, 401], [591, 401], [594, 398], [594, 397], [595, 396], [595, 395], [596, 394], [596, 370], [595, 369], [595, 330], [594, 329], [594, 296], [593, 295], [593, 291], [594, 290], [593, 289], [593, 267], [592, 266], [592, 233], [591, 232], [591, 219], [590, 218], [590, 215], [589, 214], [589, 213], [586, 210], [585, 210], [584, 209], [582, 209], [581, 208], [579, 208], [578, 207], [527, 207], [526, 208], [522, 208], [521, 207]], "holes": []}