{"cx": 408.51593017578125, "cy": 320.9850158691406, "length": 198.62667846679688, "width": 397.7479553222656, "depth": 97.1100845336914, "rotation": -88.22853088378906, "boundary": [[248, 217], [247, 218], [244, 218], [243, 219], [225, 219], [224, 220], [223, 220], [222, 221], [221, 221], [220, 222], [219, 222], [216, 225], [216, 227], [215, 228], [215, 242], [214, 243], [214, 266], [213, 267], [213, 293], [212, 294], [212, 321], [211, 322], [211, 342], [210, 343], [210, 367], [209, 368], [209, 370], [208, 371], [208, 382], [209, 383], [209, 391], [208, 392], [208, 405], [209, 406], [209, 408], [210, 409], [210, 410], [212, 412], [213, 412], [214, 413], [215, 413], [216, 414], [251, 414], [252, 415], [280, 415], [281, 416], [325, 416], [326, 417], [344, 417], [345, 418], [364, 418], [365, 419], [369, 419], [370, 418], [371, 419], [411, 419], [412, 420], [450, 420], [451, 421], [478, 421], [479, 422], [510, 422], [511, 423], [536, 423], [537, 424], [560, 424], [561, 425], [596, 425], [597, 424], [598, 424], [599, 423], [600, 423], [601, 422], [601, 421], [602, 420], [602, 419], [603, 418], [603, 390], [604, 389], [604, 357], [605, 356], [605, 338], [606, 337], [606, 308], [607, 307], [607, 285], [608, 284], [608, 273], [609, 272], [609, 240], [608, 239], [608, 238], [603, 233], [601, 233], [600, 232], [598, 232], [597, 231], [592, 231], [591, 230], [561, 230], [560, 229], [532, 229], [531, 228], [498, 228], [497, 227], [467, 227], [466, 226], [459, 226], [458, 225], [456, 225], [455, 224], [454, 224], [453, 223], [445, 223], [444, 224], [442, 224], [441, 225], [406, 225], [405, 224], [373, 224], [372, 223], [349, 223], [348, 222], [321, 222], [320, 221], [287, 221], [286, 220], [264, 220], [263, 219], [262, 219], [261, 218], [260, 218], [259, 217]], "holes": []}