{"cx": 415.12921142578125, "cy": 311.1570739746094, "length": 202.26698303222656, "width": 428.9767150878906, "depth": 132.25645446777344, "rotation": -87.86064147949219, "boundary": [[212, 203], [211, 204], [209, 204], [208, 205], [208, 206], [207, 207], [207, 213], [206, 214], [206, 227], [205, 228], [205, 238], [204, 239], [204, 243], [203, 244], [203, 252], [204, 253], [204, 263], [203, 264], [203, 291], [202, 292], [202, 346], [201, 347], [201, 349], [202, 350], [202, 356], [201, 357], [201, 399], [203, 401], [207, 401], [208, 402], [225, 402], [226, 403], [232, 403], [233, 404], [264, 404], [265, 405], [274, 405], [275, 406], [279, 406], [280, 407], [281, 407], [282, 406], [290, 406], [291, 407], [322, 407], [323, 408], [360, 408], [361, 409], [389, 409], [390, 410], [406, 410], [407, 411], [439, 411], [440, 412], [448, 412], [449, 413], [458, 413], [459, 414], [463, 414], [464, 413], [474, 413], [475, 414], [491, 414], [492, 415], [493, 415], [494, 414], [510, 414], [511, 415], [548, 415], [549, 416], [567, 416], [568, 417], [578, 417], [579, 416], [580, 416], [581, 415], [583, 415], [584, 414], [586, 414], [587, 415], [597, 415], [598, 414], [623, 414], [624, 413], [625, 413], [626, 412], [626, 408], [625, 407], [625, 371], [626, 370], [626, 359], [627, 358], [627, 350], [628, 349], [628, 321], [627, 320], [627, 312], [628, 311], [628, 278], [627, 277], [627, 272], [628, 271], [628, 268], [627, 267], [627, 261], [626, 260], [626, 221], [625, 220], [622, 220], [621, 219], [616, 219], [615, 218], [604, 218], [603, 217], [578, 217], [577, 216], [540, 216], [539, 215], [497, 215], [496, 214], [472, 214], [471, 213], [445, 213], [444, 212], [421, 212], [420, 211], [388, 211], [387, 210], [370, 210], [369, 209], [349, 209], [348, 208], [319, 208], [318, 207], [308, 207], [307, 208], [294, 208], [293, 207], [288, 207], [287, 206], [273, 206], [272, 205], [244, 205], [243, 204], [230, 204], [229, 203]], "holes": []}