{"cx": 426.86920166015625, "cy": 326.16595458984375, "length": 198.8716583251953, "width": 416.54876708984375, "depth": 130.6973419189453, "rotation": -89.1352310180664, "boundary": [[228, 225], [227, 226], [227, 227], [226, 228], [226, 250], [225, 251], [225, 255], [224, 256], [224, 272], [223, 273], [223, 288], [222, 289], [222, 304], [221, 305], [221, 309], [220, 310], [220, 319], [219, 320], [219, 339], [220, 340], [220, 342], [219, 343], [219, 363], [218, 364], [218, 391], [219, 392], [219, 393], [220, 394], [220, 397], [221, 398], [221, 399], [222, 400], [222, 401], [223, 402], [223, 403], [225, 405], [225, 406], [229, 410], [229, 411], [233, 415], [234, 415], [237, 418], [239, 418], [240, 419], [242, 419], [243, 420], [247, 420], [248, 421], [261, 421], [262, 422], [287, 422], [288, 423], [319, 423], [320, 424], [329, 424], [330, 423], [332, 423], [333, 422], [335, 422], [336, 421], [344, 421], [345, 422], [348, 422], [349, 423], [374, 423], [375, 424], [379, 424], [380, 423], [392, 423], [393, 424], [396, 424], [397, 423], [424, 423], [425, 424], [432, 424], [433, 425], [442, 425], [443, 424], [446, 424], [447, 423], [448, 423], [449, 422], [451, 422], [452, 421], [455, 421], [456, 420], [457, 420], [458, 419], [459, 419], [461, 417], [462, 417], [463, 416], [466, 416], [467, 415], [469, 415], [470, 414], [475, 414], [476, 413], [482, 413], [483, 412], [484, 412], [485, 411], [486, 411], [487, 410], [491, 410], [492, 409], [494, 409], [496, 407], [499, 407], [500, 406], [502, 406], [503, 405], [504, 405], [505, 404], [506, 404], [507, 403], [508, 403], [509, 402], [514, 402], [515, 401], [523, 401], [524, 402], [529, 402], [530, 401], [544, 401], [545, 400], [547, 400], [548, 399], [549, 399], [550, 398], [564, 398], [565, 397], [572, 397], [573, 396], [574, 396], [575, 395], [577, 395], [579, 393], [581, 393], [582, 392], [583, 392], [584, 391], [585, 391], [586, 390], [587, 390], [588, 389], [589, 389], [590, 388], [591, 388], [593, 386], [594, 386], [596, 384], [598, 384], [600, 382], [601, 382], [602, 381], [603, 381], [604, 380], [605, 380], [606, 379], [608, 379], [615, 372], [616, 372], [617, 371], [618, 371], [620, 369], [621, 369], [622, 368], [622, 367], [624, 365], [624, 364], [625, 363], [625, 362], [627, 360], [627, 358], [628, 357], [628, 341], [629, 340], [629, 337], [630, 336], [630, 317], [629, 316], [629, 302], [630, 301], [630, 291], [631, 290], [631, 284], [632, 283], [632, 280], [633, 279], [633, 277], [634, 276], [634, 275], [635, 274], [635, 272], [636, 271], [636, 268], [635, 267], [635, 246], [636, 245], [636, 239], [635, 238], [635, 236], [634, 235], [634, 234], [631, 231], [618, 231], [617, 230], [579, 230], [578, 229], [560, 229], [559, 230], [545, 230], [544, 229], [494, 229], [493, 228], [434, 228], [433, 227], [426, 227], [425, 228], [415, 228], [414, 227], [354, 227], [353, 226], [314, 226], [313, 225]], "holes": []}