{"cx": 403.5000915527344, "cy": 308.0099792480469, "length": 401.8598937988281, "width": 200.83998107910156, "depth": 100.37228393554688, "rotation": -0.5729387402534485, "boundary": [[556, 207], [555, 208], [554, 208], [553, 209], [494, 209], [493, 210], [373, 210], [372, 209], [371, 209], [370, 208], [362, 208], [361, 209], [359, 209], [358, 210], [356, 210], [355, 211], [249, 211], [248, 212], [240, 212], [239, 211], [220, 211], [219, 212], [216, 212], [215, 213], [214, 213], [213, 214], [211, 214], [206, 219], [206, 221], [205, 222], [205, 238], [204, 239], [204, 241], [203, 242], [203, 244], [202, 245], [202, 252], [203, 253], [203, 254], [204, 255], [204, 257], [205, 258], [205, 271], [206, 272], [206, 388], [207, 389], [207, 401], [208, 402], [208, 403], [211, 406], [212, 406], [213, 407], [214, 407], [215, 408], [233, 408], [234, 409], [235, 409], [236, 410], [247, 410], [248, 409], [249, 409], [250, 408], [263, 408], [264, 407], [298, 407], [299, 406], [361, 406], [362, 405], [379, 405], [380, 406], [391, 406], [392, 405], [403, 405], [404, 406], [421, 406], [422, 405], [431, 405], [432, 406], [435, 406], [436, 407], [439, 407], [440, 408], [447, 408], [448, 407], [450, 407], [451, 406], [452, 406], [453, 405], [471, 405], [472, 404], [496, 404], [497, 405], [501, 405], [502, 404], [568, 404], [569, 403], [570, 404], [595, 404], [596, 403], [598, 403], [600, 401], [600, 400], [601, 399], [601, 398], [602, 397], [602, 395], [603, 394], [603, 378], [604, 377], [604, 375], [605, 374], [605, 364], [604, 363], [604, 361], [603, 360], [603, 353], [602, 352], [602, 350], [603, 349], [603, 346], [602, 345], [602, 284], [601, 283], [601, 279], [602, 278], [602, 272], [601, 271], [601, 218], [600, 217], [600, 216], [599, 215], [599, 214], [596, 211], [594, 211], [593, 210], [591, 210], [590, 209], [585, 209], [584, 208], [570, 208], [569, 207]], "holes": []}