{"cx": 443.9969482421875, "cy": 307.9010314941406, "length": 398.6903076171875, "width": 199.4644317626953, "depth": 97.04496002197266, "rotation": -0.2908390462398529, "boundary": [[477, 208], [476, 209], [474, 209], [473, 210], [422, 210], [421, 211], [297, 211], [296, 210], [292, 210], [291, 209], [280, 209], [279, 210], [276, 210], [275, 211], [258, 211], [257, 212], [256, 212], [255, 213], [253, 213], [248, 218], [248, 221], [247, 222], [247, 262], [246, 263], [246, 269], [247, 270], [247, 276], [246, 277], [246, 366], [245, 367], [245, 377], [246, 378], [246, 399], [247, 400], [247, 402], [251, 406], [252, 406], [253, 407], [257, 407], [258, 408], [372, 408], [373, 407], [470, 407], [471, 406], [618, 406], [619, 405], [629, 405], [630, 406], [633, 406], [634, 405], [636, 405], [641, 400], [641, 398], [642, 397], [642, 254], [643, 253], [643, 240], [642, 239], [642, 219], [641, 218], [641, 217], [638, 214], [637, 214], [636, 213], [634, 213], [633, 212], [631, 212], [630, 211], [628, 211], [627, 210], [489, 210], [488, 209], [486, 209], [485, 208]], "holes": []}