{"cx": 437.5627746582031, "cy": 313.0233154296875, "length": 400.4134521484375, "width": 200.15200805664062, "depth": 98.38795471191406, "rotation": -1.4249743223190308, "boundary": [[590, 210], [589, 211], [587, 211], [586, 212], [571, 212], [570, 213], [522, 213], [521, 214], [476, 214], [475, 215], [423, 215], [422, 216], [406, 216], [405, 215], [403, 215], [402, 214], [394, 214], [393, 215], [391, 215], [390, 216], [376, 216], [375, 217], [329, 217], [328, 218], [284, 218], [283, 219], [251, 219], [250, 220], [248, 220], [247, 221], [245, 221], [244, 222], [243, 222], [239, 226], [239, 227], [238, 228], [238, 244], [237, 245], [237, 249], [236, 250], [236, 261], [237, 262], [237, 264], [238, 265], [238, 298], [239, 299], [239, 345], [240, 346], [240, 353], [239, 354], [239, 360], [240, 361], [240, 397], [241, 398], [241, 407], [242, 408], [242, 409], [243, 410], [243, 411], [244, 412], [244, 413], [245, 414], [246, 414], [247, 415], [265, 415], [266, 416], [270, 416], [271, 417], [282, 417], [283, 416], [284, 416], [285, 415], [291, 415], [292, 414], [299, 414], [300, 415], [313, 415], [314, 414], [366, 414], [367, 413], [389, 413], [390, 412], [425, 412], [426, 413], [427, 412], [449, 412], [450, 411], [470, 411], [471, 412], [483, 412], [484, 411], [485, 411], [486, 410], [502, 410], [503, 409], [560, 409], [561, 408], [588, 408], [589, 407], [630, 407], [631, 406], [632, 406], [633, 405], [634, 405], [638, 401], [638, 397], [639, 396], [639, 395], [638, 394], [638, 389], [639, 388], [639, 360], [638, 359], [638, 355], [637, 354], [637, 348], [636, 347], [636, 313], [635, 312], [635, 272], [634, 271], [634, 224], [633, 223], [633, 220], [632, 219], [632, 218], [631, 217], [631, 216], [630, 215], [629, 215], [628, 214], [627, 214], [626, 213], [622, 213], [621, 212], [610, 212], [609, 211], [600, 211], [599, 210]], "holes": []}