{"cx": 445.494873046875, "cy": 301.5, "length": 199.80380249023438, "width": 397.8241882324219, "depth": 98.77330017089844, "rotation": -89.40933990478516, "boundary": [[284, 200], [283, 201], [280, 201], [279, 202], [271, 202], [270, 203], [259, 203], [258, 204], [257, 204], [256, 205], [254, 205], [250, 209], [250, 211], [249, 212], [249, 271], [248, 272], [248, 352], [247, 353], [247, 356], [246, 357], [246, 368], [247, 369], [247, 390], [248, 391], [248, 393], [252, 397], [254, 397], [255, 398], [342, 398], [343, 399], [400, 399], [401, 400], [405, 400], [406, 401], [408, 401], [409, 400], [413, 400], [414, 399], [441, 399], [442, 400], [531, 400], [532, 401], [601, 401], [602, 402], [610, 402], [611, 401], [636, 401], [637, 400], [638, 400], [641, 397], [641, 395], [642, 394], [642, 387], [643, 386], [643, 383], [642, 382], [642, 353], [643, 352], [643, 349], [642, 348], [642, 336], [643, 335], [643, 323], [642, 322], [642, 311], [643, 310], [643, 250], [644, 249], [644, 246], [645, 245], [645, 239], [644, 238], [644, 235], [643, 234], [643, 214], [642, 213], [642, 212], [640, 210], [639, 210], [638, 209], [636, 209], [635, 208], [632, 208], [631, 207], [588, 207], [587, 206], [543, 206], [542, 205], [528, 205], [527, 206], [515, 206], [514, 205], [492, 205], [491, 204], [489, 204], [488, 203], [486, 203], [485, 202], [479, 202], [478, 203], [476, 203], [475, 204], [473, 204], [472, 205], [428, 205], [427, 204], [325, 204], [324, 203], [298, 203], [297, 202], [295, 202], [294, 201], [292, 201], [291, 200]], "holes": []}