{"cx": 419.4091796875, "cy": 323.92877197265625, "length": 437.2156066894531, "width": 201.93997192382812, "depth": 131.99317932128906, "rotation": -2.194167375564575, "boundary": [[610, 220], [609, 221], [587, 221], [586, 222], [574, 222], [573, 223], [531, 223], [530, 222], [509, 222], [508, 223], [485, 223], [484, 224], [478, 224], [477, 223], [468, 223], [467, 224], [455, 224], [454, 225], [443, 225], [442, 226], [426, 226], [425, 225], [422, 225], [421, 226], [419, 226], [418, 227], [412, 227], [411, 226], [410, 226], [409, 227], [407, 227], [406, 228], [401, 228], [400, 229], [383, 229], [382, 228], [377, 228], [376, 229], [375, 229], [374, 230], [346, 230], [345, 229], [342, 229], [341, 228], [334, 228], [333, 227], [312, 227], [311, 228], [297, 228], [296, 229], [289, 229], [288, 230], [284, 230], [283, 231], [280, 231], [279, 232], [273, 232], [272, 233], [266, 233], [265, 234], [256, 234], [255, 235], [244, 235], [243, 236], [234, 236], [233, 237], [225, 237], [224, 238], [223, 238], [222, 239], [218, 239], [217, 240], [210, 240], [209, 241], [202, 241], [201, 242], [200, 242], [198, 244], [198, 255], [199, 256], [199, 264], [200, 265], [200, 273], [201, 274], [201, 287], [202, 288], [202, 298], [203, 299], [203, 311], [204, 312], [204, 326], [205, 327], [205, 335], [206, 336], [206, 349], [207, 350], [207, 370], [208, 371], [208, 387], [209, 388], [209, 394], [210, 395], [210, 418], [211, 419], [211, 429], [213, 431], [214, 431], [215, 432], [236, 432], [237, 431], [260, 431], [261, 430], [270, 430], [271, 429], [294, 429], [295, 428], [304, 428], [305, 427], [318, 427], [319, 426], [328, 426], [329, 425], [345, 425], [346, 424], [397, 424], [398, 423], [405, 423], [406, 422], [416, 422], [417, 421], [427, 421], [428, 420], [467, 420], [468, 421], [478, 421], [479, 422], [497, 422], [498, 421], [499, 421], [500, 420], [501, 420], [502, 419], [512, 419], [513, 418], [532, 418], [533, 417], [574, 417], [575, 416], [585, 416], [586, 415], [589, 415], [590, 414], [593, 414], [594, 415], [615, 415], [616, 414], [625, 414], [626, 415], [628, 415], [629, 414], [632, 414], [633, 413], [635, 413], [636, 412], [637, 412], [637, 411], [638, 410], [638, 403], [639, 402], [639, 393], [638, 392], [638, 389], [637, 388], [637, 379], [636, 378], [636, 342], [637, 341], [637, 312], [636, 311], [636, 272], [635, 271], [635, 241], [634, 240], [634, 226], [633, 225], [633, 223], [632, 222], [630, 222], [629, 221], [616, 221], [615, 220]], "holes": []}