{"cx": 461.0731201171875, "cy": 342.2580871582031, "length": 200.0189666748047, "width": 397.72430419921875, "depth": 97.0, "rotation": -88.8002700805664, "boundary": [[300, 239], [299, 240], [296, 240], [295, 241], [279, 241], [278, 242], [275, 242], [274, 243], [273, 243], [272, 244], [271, 244], [267, 248], [267, 249], [266, 250], [266, 252], [265, 253], [265, 299], [264, 300], [264, 345], [263, 346], [263, 393], [262, 394], [262, 397], [261, 398], [261, 404], [262, 405], [262, 426], [263, 427], [263, 429], [264, 430], [264, 432], [265, 433], [265, 434], [267, 436], [268, 436], [269, 437], [273, 437], [274, 438], [303, 438], [304, 439], [369, 439], [370, 440], [414, 440], [415, 441], [468, 441], [469, 442], [532, 442], [533, 443], [582, 443], [583, 444], [589, 444], [590, 443], [593, 443], [594, 444], [618, 444], [619, 445], [649, 445], [650, 444], [652, 444], [653, 443], [654, 443], [656, 441], [656, 440], [657, 439], [657, 437], [658, 436], [658, 390], [659, 389], [659, 387], [658, 386], [658, 380], [659, 379], [659, 370], [658, 369], [658, 366], [659, 365], [659, 291], [660, 290], [660, 279], [659, 278], [659, 258], [658, 257], [658, 256], [654, 252], [653, 252], [652, 251], [649, 251], [648, 250], [646, 250], [645, 249], [613, 249], [612, 248], [573, 248], [572, 247], [522, 247], [521, 246], [507, 246], [506, 245], [504, 245], [503, 244], [499, 244], [498, 243], [497, 244], [493, 244], [492, 245], [489, 245], [488, 246], [475, 246], [474, 245], [432, 245], [431, 244], [385, 244], [384, 243], [342, 243], [341, 242], [315, 242], [314, 241], [311, 241], [310, 240], [308, 240], [307, 239]], "holes": []}