{"cx": 415.5304870605469, "cy": 296.50811767578125, "length": 198.29310607910156, "width": 399.2236328125, "depth": 100.99044799804688, "rotation": -89.12309265136719, "boundary": [[255, 195], [254, 196], [252, 196], [251, 197], [248, 197], [247, 198], [230, 198], [229, 199], [227, 199], [226, 200], [225, 200], [222, 203], [222, 204], [221, 205], [221, 207], [220, 208], [220, 265], [219, 266], [219, 324], [218, 325], [218, 347], [217, 348], [217, 350], [216, 351], [216, 354], [215, 355], [215, 358], [216, 359], [216, 362], [217, 363], [217, 366], [218, 367], [218, 386], [219, 387], [219, 388], [221, 390], [222, 390], [223, 391], [224, 391], [225, 392], [272, 392], [273, 393], [283, 393], [284, 392], [292, 392], [293, 393], [357, 393], [358, 394], [371, 394], [372, 395], [383, 395], [384, 394], [447, 394], [448, 395], [517, 395], [518, 396], [569, 396], [570, 397], [573, 397], [574, 398], [581, 398], [582, 397], [586, 397], [587, 396], [606, 396], [607, 395], [608, 395], [611, 392], [611, 391], [612, 390], [612, 383], [613, 382], [613, 317], [614, 316], [614, 247], [615, 246], [615, 243], [616, 242], [616, 234], [615, 233], [615, 213], [614, 212], [614, 210], [612, 208], [612, 207], [611, 207], [609, 205], [608, 205], [607, 204], [603, 204], [602, 203], [566, 203], [565, 202], [526, 202], [525, 201], [521, 201], [520, 202], [507, 202], [506, 201], [464, 201], [463, 200], [462, 200], [461, 199], [459, 199], [458, 198], [449, 198], [448, 199], [447, 199], [446, 200], [443, 200], [442, 201], [425, 201], [424, 200], [353, 200], [352, 199], [292, 199], [291, 198], [269, 198], [268, 197], [266, 197], [265, 196], [263, 196], [262, 195]], "holes": []}