{"cx": 429.4926452636719, "cy": 321.1049499511719, "length": 199.8377685546875, "width": 399.5401916503906, "depth": 102.35973358154297, "rotation": -85.97577667236328, "boundary": [[271, 211], [270, 212], [248, 212], [247, 213], [246, 213], [245, 214], [244, 214], [240, 218], [240, 221], [239, 222], [239, 231], [238, 232], [238, 238], [237, 239], [237, 251], [236, 252], [236, 270], [235, 271], [235, 278], [234, 279], [234, 290], [233, 291], [233, 304], [232, 305], [232, 317], [231, 318], [231, 333], [230, 334], [230, 345], [229, 346], [229, 359], [228, 360], [228, 363], [227, 364], [227, 366], [226, 367], [226, 375], [227, 376], [227, 385], [226, 386], [226, 397], [227, 398], [227, 400], [228, 401], [228, 402], [231, 405], [232, 405], [233, 406], [240, 406], [241, 407], [254, 407], [255, 408], [269, 408], [270, 409], [287, 409], [288, 410], [296, 410], [297, 411], [312, 411], [313, 412], [325, 412], [326, 413], [340, 413], [341, 414], [357, 414], [358, 415], [366, 415], [367, 416], [378, 416], [379, 417], [382, 417], [383, 418], [389, 418], [390, 417], [397, 417], [398, 418], [412, 418], [413, 419], [424, 419], [425, 420], [439, 420], [440, 421], [459, 421], [460, 422], [471, 422], [472, 423], [486, 423], [487, 424], [496, 424], [497, 425], [510, 425], [511, 426], [527, 426], [528, 427], [538, 427], [539, 428], [552, 428], [553, 429], [566, 429], [567, 430], [578, 430], [579, 431], [581, 431], [582, 432], [614, 432], [615, 431], [616, 431], [620, 427], [620, 426], [621, 425], [621, 418], [622, 417], [622, 401], [623, 400], [623, 389], [624, 388], [624, 374], [625, 373], [625, 359], [626, 358], [626, 348], [627, 347], [627, 331], [628, 330], [628, 319], [629, 318], [629, 304], [630, 303], [630, 292], [631, 291], [631, 281], [632, 280], [632, 276], [633, 275], [633, 272], [632, 271], [632, 264], [633, 263], [633, 247], [632, 246], [632, 245], [630, 243], [630, 242], [629, 242], [628, 241], [627, 241], [626, 240], [625, 240], [624, 239], [621, 239], [620, 238], [617, 238], [616, 237], [607, 237], [606, 236], [592, 236], [591, 235], [578, 235], [577, 234], [567, 234], [566, 233], [552, 233], [551, 232], [539, 232], [538, 231], [524, 231], [523, 230], [509, 230], [508, 229], [500, 229], [499, 228], [485, 228], [484, 227], [481, 227], [480, 226], [478, 226], [477, 225], [474, 225], [473, 224], [470, 224], [469, 225], [466, 225], [465, 226], [454, 226], [453, 225], [442, 225], [441, 224], [426, 224], [425, 223], [412, 223], [411, 222], [396, 222], [395, 221], [380, 221], [379, 220], [370, 220], [369, 219], [356, 219], [355, 218], [343, 218], [342, 217], [328, 217], [327, 216], [315, 216], [314, 215], [298, 215], [297, 214], [288, 214], [287, 213], [285, 213], [284, 212], [283, 212], [282, 211]], "holes": []}