{
    "camera_matrix": [
        [
            1545.0908680540924,
            0.0,
            636.5154367177837
        ],
        [
            0.0,
            1553.2611532807725,
            488.07863450564224
        ],
        [
            0.0,
            0.0,
            1.0
        ]
    ],
    "dist_coeff": [
        [
            -0.35058173463245745,
            -0.33588033830207575,
            0.00443933604283839,
            -0.0019598705375804297,
            2.8568338699629563
        ]
    ]
}