{"cx": 407.47613525390625, "cy": 287.4293518066406, "length": 181.2333984375, "width": 801.3960571289062, "depth": 83.33185577392578, "rotation": -63.62786102294922, "boundary": [[91, 32], [90, 33], [89, 33], [87, 35], [87, 36], [86, 37], [86, 38], [85, 39], [85, 40], [84, 41], [84, 42], [83, 43], [83, 44], [82, 45], [82, 46], [81, 47], [81, 48], [80, 49], [80, 50], [79, 51], [79, 52], [78, 53], [78, 54], [77, 55], [77, 56], [76, 57], [76, 58], [75, 59], [75, 60], [73, 62], [73, 63], [72, 64], [72, 65], [71, 66], [71, 68], [70, 69], [70, 70], [68, 72], [68, 74], [66, 76], [66, 77], [65, 78], [65, 79], [64, 80], [64, 81], [63, 82], [63, 83], [62, 84], [62, 85], [61, 86], [61, 87], [60, 88], [60, 89], [59, 90], [59, 91], [58, 92], [58, 93], [57, 94], [57, 95], [56, 96], [56, 97], [55, 98], [55, 99], [54, 100], [54, 101], [53, 102], [53, 103], [52, 104], [52, 105], [51, 106], [51, 107], [50, 108], [50, 109], [49, 110], [49, 111], [48, 112], [48, 113], [47, 114], [47, 115], [45, 117], [45, 119], [43, 121], [43, 123], [41, 125], [41, 127], [39, 129], [39, 130], [38, 131], [38, 132], [37, 133], [37, 134], [36, 135], [36, 136], [35, 137], [35, 138], [34, 139], [34, 140], [33, 141], [33, 142], [32, 143], [32, 144], [31, 145], [31, 146], [30, 147], [30, 148], [29, 149], [29, 150], [28, 151], [28, 152], [27, 153], [27, 154], [26, 155], [26, 156], [25, 157], [25, 158], [24, 159], [24, 160], [23, 161], [23, 162], [22, 163], [22, 164], [21, 165], [21, 166], [20, 167], [20, 168], [19, 169], [19, 170], [18, 171], [18, 172], [17, 173], [17, 174], [16, 175], [16, 176], [15, 177], [15, 178], [14, 179], [14, 180], [13, 181], [13, 183], [12, 184], [12, 186], [11, 187], [11, 189], [13, 191], [14, 191], [15, 192], [17, 192], [18, 193], [19, 193], [20, 194], [21, 194], [22, 195], [23, 195], [24, 196], [25, 196], [26, 197], [27, 197], [28, 198], [29, 198], [30, 199], [31, 199], [32, 200], [33, 200], [34, 201], [35, 201], [36, 202], [37, 202], [38, 203], [39, 203], [40, 204], [41, 204], [42, 205], [43, 205], [44, 206], [45, 206], [46, 207], [47, 207], [48, 208], [49, 208], [50, 209], [52, 209], [53, 210], [54, 210], [55, 211], [56, 211], [57, 212], [58, 212], [59, 213], [60, 213], [61, 214], [62, 214], [63, 215], [64, 215], [65, 216], [66, 216], [68, 218], [70, 218], [71, 219], [72, 219], [73, 220], [74, 220], [75, 221], [76, 221], [77, 222], [78, 222], [79, 223], [80, 223], [81, 224], [82, 224], [83, 225], [84, 225], [85, 226], [86, 226], [87, 227], [88, 227], [89, 228], [90, 228], [91, 229], [92, 229], [93, 230], [94, 230], [95, 231], [96, 231], [97, 232], [98, 232], [99, 233], [100, 233], [101, 234], [102, 234], [103, 235], [104, 235], [105, 236], [106, 236], [107, 237], [108, 237], [109, 238], [111, 238], [113, 240], [115, 240], [116, 241], [117, 241], [118, 242], [119, 242], [120, 243], [121, 243], [122, 244], [123, 244], [124, 245], [125, 245], [126, 246], [127, 246], [128, 247], [129, 247], [131, 249], [133, 249], [134, 250], [135, 250], [136, 251], [137, 251], [138, 252], [139, 252], [140, 253], [141, 253], [142, 254], [143, 254], [144, 255], [145, 255], [146, 256], [147, 256], [148, 257], [149, 257], [150, 258], [151, 258], [152, 259], [153, 259], [154, 260], [155, 260], [156, 261], [157, 261], [158, 262], [159, 262], [160, 263], [161, 263], [162, 264], [163, 264], [164, 265], [165, 265], [166, 266], [167, 266], [168, 267], [169, 267], [170, 268], [171, 268], [172, 269], [173, 269], [174, 270], [175, 270], [176, 271], [177, 271], [178, 272], [179, 272], [180, 273], [181, 273], [182, 274], [183, 274], [184, 275], [185, 275], [186, 276], [187, 276], [188, 277], [189, 277], [190, 278], [192, 278], [194, 280], [195, 280], [196, 281], [197, 281], [198, 282], [199, 282], [200, 283], [201, 283], [202, 284], [203, 284], [204, 285], [205, 285], [206, 286], [207, 286], [208, 287], [209, 287], [211, 289], [213, 289], [214, 290], [215, 290], [216, 291], [217, 291], [218, 292], [219, 292], [220, 293], [221, 293], [223, 295], [224, 295], [225, 296], [226, 296], [227, 297], [228, 297], [229, 298], [230, 298], [231, 299], [232, 299], [233, 300], [235, 300], [237, 302], [238, 302], [240, 304], [242, 304], [244, 306], [246, 306], [248, 308], [249, 308], [250, 309], [251, 309], [252, 310], [253, 310], [254, 311], [255, 311], [256, 312], [257, 312], [258, 313], [259, 313], [260, 314], [262, 314], [263, 315], [264, 315], [265, 316], [267, 316], [268, 317], [269, 317], [270, 318], [271, 318], [272, 319], [273, 319], [274, 320], [275, 320], [276, 321], [278, 321], [280, 323], [281, 323], [283, 325], [285, 325], [287, 327], [288, 327], [289, 328], [290, 328], [291, 329], [293, 329], [294, 330], [295, 330], [296, 331], [297, 331], [298, 332], [299, 332], [300, 333], [301, 333], [302, 334], [303, 334], [304, 335], [305, 335], [306, 336], [307, 336], [308, 337], [309, 337], [310, 338], [311, 338], [312, 339], [313, 339], [314, 340], [315, 340], [316, 341], [317, 341], [318, 342], [319, 342], [320, 343], [321, 343], [322, 344], [323, 344], [324, 345], [325, 345], [326, 346], [327, 346], [328, 347], [329, 347], [330, 348], [331, 348], [333, 350], [335, 350], [336, 351], [337, 351], [338, 352], [339, 352], [340, 353], [341, 353], [342, 354], [343, 354], [345, 356], [347, 356], [348, 357], [349, 357], [350, 358], [351, 358], [352, 359], [353, 359], [354, 360], [355, 360], [356, 361], [357, 361], [358, 362], [359, 362], [360, 363], [361, 363], [362, 364], [363, 364], [364, 365], [365, 365], [366, 366], [367, 366], [368, 367], [369, 367], [371, 369], [373, 369], [375, 371], [377, 371], [379, 373], [381, 373], [382, 374], [383, 374], [384, 375], [385, 375], [386, 376], [387, 376], [388, 377], [389, 377], [390, 378], [391, 378], [392, 379], [393, 379], [395, 381], [397, 381], [398, 382], [399, 382], [400, 383], [401, 383], [402, 384], [403, 384], [404, 385], [405, 385], [407, 387], [409, 387], [411, 389], [412, 389], [413, 390], [414, 390], [415, 391], [416, 391], [417, 392], [418, 392], [419, 393], [420, 393], [421, 394], [422, 394], [423, 395], [424, 395], [425, 396], [426, 396], [427, 397], [429, 397], [430, 398], [431, 398], [432, 399], [433, 399], [435, 401], [436, 401], [437, 402], [438, 402], [439, 403], [440, 403], [441, 404], [442, 404], [443, 405], [444, 405], [445, 406], [446, 406], [447, 407], [448, 407], [449, 408], [450, 408], [451, 409], [452, 409], [453, 410], [454, 410], [455, 411], [456, 411], [457, 412], [458, 412], [459, 413], [460, 413], [461, 414], [462, 414], [463, 415], [464, 415], [465, 416], [466, 416], [467, 417], [468, 417], [469, 418], [470, 418], [471, 419], [472, 419], [473, 420], [475, 420], [477, 422], [478, 422], [479, 423], [480, 423], [481, 424], [482, 424], [483, 425], [484, 425], [485, 426], [486, 426], [487, 427], [488, 427], [489, 428], [490, 428], [491, 429], [493, 429], [495, 431], [497, 431], [499, 433], [501, 433], [503, 435], [505, 435], [507, 437], [509, 437], [511, 439], [513, 439], [515, 441], [516, 441], [517, 442], [518, 442], [519, 443], [520, 443], [521, 444], [522, 444], [523, 445], [524, 445], [525, 446], [526, 446], [527, 447], [528, 447], [529, 448], [530, 448], [531, 449], [532, 449], [533, 450], [534, 450], [535, 451], [536, 451], [537, 452], [538, 452], [539, 453], [540, 453], [541, 454], [542, 454], [543, 455], [544, 455], [545, 456], [546, 456], [547, 457], [548, 457], [549, 458], [550, 458], [551, 459], [552, 459], [553, 460], [554, 460], [555, 461], [556, 461], [557, 462], [559, 462], [561, 464], [562, 464], [563, 465], [564, 465], [565, 466], [566, 466], [567, 467], [568, 467], [569, 468], [570, 468], [571, 469], [572, 469], [573, 470], [574, 470], [575, 471], [576, 471], [577, 472], [578, 472], [579, 473], [580, 473], [581, 474], [582, 474], [583, 475], [584, 475], [585, 476], [586, 476], [587, 477], [588, 477], [589, 478], [590, 478], [591, 479], [592, 479], [593, 480], [594, 480], [595, 481], [596, 481], [597, 482], [598, 482], [599, 483], [600, 483], [602, 485], [604, 485], [606, 487], [608, 487], [609, 488], [610, 488], [611, 