{"cx": 382.99359130859375, "cy": 276.275390625, "length": 179.03875732421875, "width": 378.0487976074219, "depth": 82.30010986328125, "rotation": -88.66389465332031, "boundary": [[200, 183], [199, 184], [198, 184], [197, 185], [197, 186], [196, 187], [196, 192], [197, 193], [197, 261], [196, 262], [196, 326], [195, 327], [195, 358], [196, 359], [196, 360], [197, 361], [238, 361], [239, 362], [269, 362], [270, 363], [304, 363], [305, 364], [306, 363], [307, 363], [308, 364], [309, 363], [310, 364], [311, 363], [312, 364], [360, 364], [361, 365], [402, 365], [403, 366], [479, 366], [480, 367], [549, 367], [550, 368], [568, 368], [568, 367], [570, 365], [570, 309], [571, 308], [571, 263], [572, 262], [571, 261], [572, 260], [572, 227], [573, 226], [573, 223], [572, 222], [573, 221], [572, 220], [572, 213], [573, 212], [573, 196], [572, 195], [572, 192], [567, 192], [566, 191], [565, 192], [548, 192], [547, 191], [546, 192], [544, 192], [543, 191], [513, 191], [512, 190], [474, 190], [473, 189], [461, 189], [460, 190], [459, 189], [458, 190], [457, 189], [388, 189], [387, 188], [342, 188], [341, 187], [305, 187], [304, 186], [275, 186], [274, 185], [251, 185], [250, 184], [224, 184], [223, 183], [222, 184], [221, 183]], "holes": []}