{"cx": 441.0838623046875, "cy": 301.25592041015625, "length": 178.79815673828125, "width": 761.4912719726562, "depth": 81.34544372558594, "rotation": -83.57124328613281, "boundary": [[179, 186], [178, 187], [177, 187], [173, 191], [173, 192], [172, 193], [171, 193], [171, 194], [168, 197], [168, 198], [164, 202], [164, 203], [162, 205], [162, 206], [159, 209], [159, 210], [158, 211], [160, 209], [161, 209], [162, 208], [163, 208], [164, 209], [164, 210], [163, 211], [164, 212], [163, 213], [164, 214], [160, 218], [160, 219], [157, 222], [157, 223], [156, 224], [156, 227], [155, 228], [154, 227], [154, 228], [153, 229], [153, 230], [151, 232], [150, 231], [149, 231], [148, 232], [148, 233], [147, 234], [147, 235], [146, 236], [145, 236], [143, 238], [142, 237], [143, 238], [143, 239], [140, 242], [140, 243], [138, 245], [138, 248], [134, 252], [133, 252], [132, 253], [130, 253], [131, 254], [129, 256], [128, 255], [127, 256], [126, 255], [126, 254], [127, 253], [127, 252], [129, 250], [129, 248], [130, 247], [131, 247], [131, 245], [132, 244], [134, 244], [134, 243], [137, 240], [139, 240], [137, 240], [136, 239], [137, 238], [138, 238], [138, 237], [139, 236], [140, 236], [140, 235], [145, 230], [145, 229], [146, 228], [146, 227], [149, 224], [149, 223], [150, 222], [151, 222], [153, 224], [152, 223], [152, 222], [151, 221], [153, 219], [153, 218], [154, 217], [154, 216], [156, 214], [156, 213], [156, 214], [155, 215], [154, 215], [154, 216], [150, 220], [150, 221], [147, 224], [147, 225], [144, 228], [144, 229], [141, 232], [141, 233], [139, 235], [139, 236], [133, 242], [133, 243], [131, 245], [131, 246], [127, 250], [127, 251], [122, 256], [122, 257], [119, 260], [119, 261], [116, 264], [116, 265], [113, 268], [113, 269], [108, 274], [108, 275], [103, 280], [103, 281], [100, 284], [100, 285], [97, 288], [97, 289], [94, 292], [94, 293], [88, 299], [88, 300], [85, 303], [85, 304], [82, 307], [82, 308], [78, 312], [78, 313], [75, 316], [75, 317], [71, 321], [71, 322], [67, 326], [67, 327], [64, 330], [64, 331], [60, 335], [60, 336], [56, 340], [56, 341], [54, 343], [54, 344], [53, 345], [53, 347], [59, 347], [60, 348], [74, 348], [75, 349], [80, 349], [81, 350], [91, 350], [92, 351], [100, 351], [101, 352], [109, 352], [110, 353], [122, 353], [123, 354], [127, 354], [128, 355], [140, 355], [141, 356], [149, 356], [150, 357], [158, 357], [159, 358], [167, 358], [168, 359], [177, 359], [178, 360], [185, 360], [186, 361], [191, 361], [192, 362], [202, 362], [203, 363], [211, 363], [212, 364], [218, 364], [219, 365], [231, 365], [232, 366], [235, 366], [236, 367], [246, 367], [247, 368], [254, 368], [255, 369], [265, 369], [266, 370], [275, 370], [276, 371], [282, 371], [283, 372], [284, 371], [285, 372], [295, 372], [296, 373], [302, 373], [303, 374], [304, 373], [305, 374], [314, 374], [315, 375], [320, 375], [321, 376], [330, 376], [331, 377], [339, 377], [340, 378], [350, 378], [351, 379], [359, 379], [360, 380], [367, 380], [368, 381], [377, 381], [378, 382], [382, 382], [383, 383], [398, 383], [399, 384], [402, 384], [403, 385], [414, 385], [415, 386], [422, 386], [423, 387], [429, 387], [430, 388], [431, 387], [432, 388], [440, 388], [441, 389], [448, 389], [449, 390], [461, 390], [462, 391], [466, 391], [467, 392], [468, 391], [469, 392], [480, 392], [481, 393], [482, 392], [483, 393], [484, 393], [485, 394], [499, 394], [500, 395], [503, 395], [504, 396], [513, 396], [514, 397], [523, 397], [524, 398], [532, 398], [533, 399], [544, 399], [545, 400], [548, 400], [549, 401], [562, 401], [563, 402], [565, 402], [566, 403], [579, 403], [580, 404], [587, 404], [588, 405], [596, 405], [597, 406], [606, 406], [607, 407], [608, 406], [609, 407], [614, 407], [615, 408], [626, 408], [627, 409], [631, 409], [632, 410], [633, 409], [634, 410], [644, 410], [645, 411], [647, 411], [648, 412], [661, 412], [662, 413], [667, 413], [668, 414], [677, 414], [678, 415], [685, 415], [686, 416], [687, 415], [688, 416], [692, 416], [693, 417], [705, 417], [706, 418], [709, 418], [710, 419], [720, 419], [721, 420], [723, 420], [724, 421], [731, 421], [733, 423], [732, 424], [733, 424], [734, 423], [735, 423], [740, 418], [740, 417], [743, 414], [743, 413], [744, 412], [744, 411], [745, 410], [745, 409], [746, 408], [746, 407], [748, 405], [748, 404], [749, 403], [749, 402], [750, 401], [750, 400], [751, 399], [751, 398], [753, 396], [753, 395], [754, 394], [754, 393], [755, 392], [755, 391], [757, 389], [757, 387], [759, 385], [759, 384], [760, 383], [760, 382], [761, 381], [761, 380], [763, 378], [763, 377], [764, 376], [764, 375], [766, 373], [766, 372], [767, 371], [767, 370], [768, 369], [768, 368], [769, 367], [769, 366], [770, 365], [770, 364], [772, 362], [772, 361], [773, 360], [773, 359], [774, 358], [774, 357], [775, 356], [775, 355], [777, 353], [777, 352], [778, 351], [778, 350], [779, 349], [779, 348], [780, 347], [780, 346], [781, 345], [781, 344], [783, 342], [783, 341], [784, 340], [784, 339], [785, 338], [785, 337], [786, 336], [786, 335], [787, 334], [787, 333], [788, 332], [788, 331], [791, 328], [791, 327], [792, 326], [792, 325], [793, 324], [793, 323], [794, 322], [794, 321], [795, 320], [795, 319], [796, 318], [796, 317], [797, 316], [797, 315], [798, 314], [798, 313], [799, 312], [799, 311], [801, 309], [801, 308], [802, 307], [802, 306], [803, 305], [803, 304], [805, 302], [805, 301], [806, 300], [806, 299], [808, 297], [808, 295], [810, 293], [810, 292], [811, 291], [811, 290], [812, 289], [812, 288], [813, 287], [813, 286], [815, 284], [815, 283], [816, 282], [816, 281], [817, 280], [817, 279], [818, 278], [818, 277], [819, 276], [819, 275], [820, 274], [820, 273], [822, 271], [822, 270], [823, 269], [823, 268], [825, 266], [825, 265], [826, 264], [826, 263], [827, 262], [827, 261], [829, 259], [829, 255], [820, 255], [819, 254], [818, 255], [817, 254], [810, 254], [809, 253], [801, 253], [800, 252], [792, 252], [791, 251], [781, 251], [780, 250], [772, 250], [771, 249], [762, 249], [761, 248], [758, 248], [757, 247], [749, 247], [748, 246], [741, 246], [740, 245], [728, 245], [727, 244], [722, 244], [721, 243], [712, 243], [711, 242], [704, 242], [703, 241], [694, 241], [693, 240], [688, 240], [687, 239], [674, 239], [673, 238], [670, 238], [669, 237], [656, 237], [655, 236], [648, 236], [647, 235], [636, 235], [635, 234], [628, 234], [627, 233], [617, 233], [616, 232], [608, 232], [607, 231], [597, 231], [596, 230], [589, 230], [588, 229], [579, 229], [578, 228], [569, 228], [568, 227], [560, 227], [559, 226], [551, 226], [550, 225], [542, 225], [541, 224], [530, 224], [529, 223], [521, 223], [520, 222], [512, 222], [511, 221], [503, 221], [502, 220], [492, 220], [491, 219], [488, 219], [487, 218], [472, 218], [471, 217], [470, 217], [469, 216], [457, 216], [456, 215], [451, 215], [450, 214], [439, 214], [438, 213], [431, 213], [430, 212], [421, 212], [420, 211], [412, 211], [411, 210], [403, 210], [402, 209], [393, 209], [392, 208], [388, 208], [387, 207], [376, 207], [375, 206], [369, 206], [368, 205], [359, 205], [358, 204], [349, 204], [348, 203], [339, 203], [338, 202], [328, 202], [327, 201], [323, 201], [322, 200], [321, 201], [320, 200], [309, 200], [308, 199], [302, 199], [301, 198], [297, 198], [296, 199], [295, 198], [290, 198], [289, 197], [282, 197], [281, 196], [275, 196], [274, 195], [273, 196], [272, 195], [271, 196], [270, 195], [263, 195], [262, 194], [255, 194], [254, 193], [246, 193], [245, 192], [244, 193], [243, 192], [235, 192], [234, 191], [230, 191], [229, 190], [228, 191], [227, 190], [226, 191], [225, 190], [215, 190], [214, 189], [208, 189], [207, 188], [203, 188], [202, 187], [201, 188], [200, 187], [199, 188], [198, 187], [186, 187], [185, 186]], "holes": []}