{"cx": 439.4771423339844, "cy": 296.0702209472656, "length": 357.4657287597656, "width": 177.27427673339844, "depth": 88.72193908691406, "rotation": -1.4086288213729858, "boundary": [[578, 204], [577, 205], [544, 205], [543, 206], [504, 206], [503, 207], [501, 207], [500, 206], [499, 207], [456, 207], [455, 208], [434, 208], [433, 209], [432, 208], [431, 209], [404, 209], [403, 210], [402, 209], [401, 210], [379, 210], [378, 211], [366, 211], [365, 210], [342, 210], [341, 211], [340, 210], [339, 211], [298, 211], [297, 212], [262, 212], [261, 213], [260, 213], [260, 214], [259, 215], [259, 226], [260, 227], [260, 268], [261, 269], [261, 308], [262, 309], [262, 348], [263, 349], [263, 384], [264, 385], [265, 385], [266, 386], [282, 386], [283, 385], [286, 385], [287, 386], [288, 385], [289, 386], [290, 385], [291, 386], [292, 385], [345, 385], [346, 384], [392, 384], [393, 383], [425, 383], [426, 382], [472, 382], [473, 381], [502, 381], [503, 380], [507, 380], [509, 382], [509, 383], [510, 383], [511, 382], [512, 382], [513, 381], [514, 381], [518, 377], [518, 376], [520, 374], [520, 373], [521, 372], [521, 371], [523, 369], [523, 368], [524, 367], [524, 366], [525, 365], [525, 363], [526, 362], [526, 361], [529, 358], [529, 356], [531, 354], [531, 352], [533, 350], [533, 349], [534, 348], [534, 347], [536, 345], [536, 344], [538, 342], [538, 341], [539, 340], [539, 339], [541, 337], [541, 336], [542, 335], [542, 334], [543, 333], [543, 332], [544, 331], [544, 329], [546, 327], [546, 326], [547, 325], [547, 324], [548, 323], [548, 322], [550, 320], [550, 319], [552, 317], [552, 316], [553, 315], [553, 314], [555, 312], [555, 311], [556, 310], [556, 309], [558, 307], [558, 306], [559, 305], [559, 304], [560, 303], [560, 302], [562, 300], [562, 299], [563, 298], [563, 297], [564, 296], [564, 295], [565, 294], [565, 293], [567, 291], [567, 290], [568, 289], [568, 288], [569, 287], [569, 286], [571, 284], [571, 283], [573, 281], [573, 279], [575, 277], [575, 276], [576, 275], [576, 274], [578, 272], [578, 270], [580, 268], [580, 267], [581, 266], [581, 265], [582, 264], [582, 263], [585, 260], [585, 259], [586, 258], [586, 257], [587, 256], [587, 255], [588, 254], [588, 253], [590, 251], [590, 250], [591, 249], [591, 248], [592, 247], [592, 246], [593, 245], [593, 244], [595, 242], [595, 241], [596, 240], [596, 239], [597, 238], [597, 237], [599, 235], [599, 234], [600, 233], [600, 232], [602, 230], [602, 229], [603, 228], [603, 227], [604, 226], [604, 225], [606, 223], [606, 222], [607, 221], [607, 220], [608, 219], [608, 218], [609, 217], [609, 216], [610, 215], [610, 214], [612, 212], [612, 211], [613, 210], [613, 209], [614, 208], [614, 207], [616, 205], [616, 204]], "holes": []}