{"cx": 422.4242858886719, "cy": 297.56439208984375, "length": 177.2427520751953, "width": 764.9611206054688, "depth": 87.34405517578125, "rotation": -71.49162292480469, "boundary": [[133, 109], [129, 113], [129, 114], [126, 117], [126, 118], [124, 120], [124, 121], [122, 123], [122, 124], [120, 126], [120, 127], [118, 129], [118, 130], [116, 132], [116, 133], [114, 135], [114, 136], [112, 138], [112, 139], [109, 142], [109, 143], [107, 145], [107, 146], [105, 148], [105, 149], [104, 150], [104, 151], [101, 154], [101, 155], [100, 156], [100, 157], [97, 160], [97, 161], [95, 163], [95, 164], [93, 166], [93, 167], [90, 170], [90, 171], [88, 173], [88, 174], [86, 176], [86, 177], [84, 179], [84, 180], [82, 182], [82, 183], [80, 185], [80, 186], [78, 188], [78, 189], [76, 191], [76, 192], [73, 195], [73, 196], [71, 198], [71, 199], [69, 201], [69, 202], [67, 204], [67, 205], [65, 207], [65, 208], [63, 210], [63, 211], [61, 213], [61, 214], [59, 216], [59, 217], [57, 219], [57, 220], [54, 223], [54, 224], [52, 226], [52, 227], [50, 229], [50, 230], [48, 232], [48, 233], [46, 235], [46, 236], [44, 238], [44, 239], [42, 241], [42, 242], [39, 245], [39, 246], [37, 248], [37, 249], [35, 251], [35, 252], [34, 253], [34, 259], [36, 261], [37, 261], [38, 262], [39, 262], [40, 263], [45, 263], [46, 264], [47, 264], [48, 265], [50, 265], [51, 266], [53, 266], [54, 267], [56, 267], [57, 268], [59, 268], [60, 269], [62, 269], [63, 270], [65, 270], [66, 271], [68, 271], [69, 272], [71, 272], [72, 273], [74, 273], [75, 274], [77, 274], [78, 275], [80, 275], [81, 276], [83, 276], [84, 277], [87, 277], [88, 278], [90, 278], [91, 279], [93, 279], [94, 280], [96, 280], [97, 281], [99, 281], [100, 282], [102, 282], [103, 283], [105, 283], [106, 284], [107, 284], [108, 285], [110, 285], [111, 286], [113, 286], [114, 287], [116, 287], [117, 288], [119, 288], [120, 289], [122, 289], [123, 290], [126, 290], [127, 291], [129, 291], [130, 292], [133, 292], [134, 293], [136, 293], [137, 294], [139, 294], [140, 295], [142, 295], [143, 296], [145, 296], [146, 297], [148, 297], [149, 298], [151, 298], [152, 299], [153, 299], [154, 300], [156, 300], [157, 301], [159, 301], [160, 302], [162, 302], [163, 303], [165, 303], [166, 304], [169, 304], [170, 305], [171, 305], [172, 306], [175, 306], [176, 307], [177, 307], [178, 308], [180, 308], [181, 309], [182, 309], [183, 310], [184, 310], [185, 311], [188, 311], [189, 312], [191, 312], [192, 313], [194, 313], [195, 314], [198, 314], [199, 315], [201, 315], [202, 316], [204, 316], [205, 317], [207, 317], [208, 318], [210, 318], [211, 319], [213, 319], [214, 320], [216, 320], [217, 321], [218, 321], [219, 322], [222, 322], [223, 323], [225, 323], [226, 324], [228, 324], [229, 325], [230, 325], [231, 326], [234, 326], [235, 327], [237, 327], [238, 328], [239, 328], [240, 329], [242, 329], [243, 330], [245, 330], [247, 332], [250, 332], [251, 333], [252, 333], [253, 334], [256, 334], [257, 335], [259, 335], [260, 336], [263, 336], [264, 337], [266, 337], [267, 338], [268, 338], [269, 339], [272, 339], [273, 340], [274, 340], [275, 341], [277, 341], [278, 342], [280, 342], [281, 343], [284, 343], [285, 344], [287, 344], [288, 345], [292, 345], [293, 346], [295, 346], [296, 347], [297, 347], [298, 348], [300, 348], [301, 349], [303, 349], [304, 350], [305, 350], [306, 351], [309, 351], [310, 352], [312, 352], [313, 353], [315, 353], [316, 354], [318, 354], [319, 355], [321, 355], [322, 356], [324, 356], [325, 357], [326, 357], [327, 358], [329, 358], [330, 359], [332, 359], [333, 360], [335, 360], [336, 361], [337, 361], [338, 362], [341, 362], [342, 363], [343, 363], [344, 364], [347, 364], [348, 365], [351, 365], [352, 366], [354, 366], [355, 367], [357, 367], [358, 368], [360, 368], [361, 369], [363, 369], [364, 370], [365, 370], [366, 371], [369, 371], [370, 372], [372, 372], [373, 373], [375, 373], [376, 374], [378, 374], [379, 375], [381, 375], [382, 376], [384, 376], [385, 377], [388, 377], [389, 378], [390, 378], [391, 379], [393, 379], [394, 380], [396, 380], [397, 381], [399, 381], [400, 382], [401, 382], [402, 383], [405, 383], [406, 384], [407, 384], [408, 385], [410, 385], [411, 386], [413, 386], [414, 387], [416, 387], [417, 388], [419, 388], [420, 389], [422, 389], [423, 390], [425, 390], [426, 391], [427, 391], [428, 392], [430, 392], [431, 393], [433, 393], [434, 394], [436, 394], [437, 395], [439, 395], [440, 396], [442, 396], [443, 397], [445, 397], [446, 398], [448, 398], [449, 399], [451, 399], [452, 400], [454, 400], [455, 401], [457, 401], [458, 402], [461, 402], [462, 403], [463, 403], [464, 404], [466, 404], [467, 405], [469, 405], [470, 406], [472, 406], [473, 407], [475, 407], [476, 408], [478, 408], [479, 409], [481, 409], [482, 410], [484, 410], [485, 411], [486, 411], [487, 412], [490, 412], [491, 413], [492, 413], [493, 414], [495, 414], [496, 415], [498, 415], [499, 416], [501, 416], [502, 417], [504, 417], [505, 418], [507, 418], [508, 419], [510, 419], [511, 420], [513, 420], [514, 421], [517, 421], [518, 422], [519, 422], [520, 423], [523, 423], [524, 424], [527, 424], [528, 425], [530, 425], [531, 426], [532, 426], [533, 427], [536, 427], [537, 428], [539, 428], [540, 429], [542, 429], [543, 430], [545, 430], [546, 431], [549, 431], [550, 432], [552, 432], [553, 433], [555, 433], [556, 434], [557, 434], [558, 435], [561, 435], [562, 436], [564, 436], [565, 437], [567, 437], [568, 438], [570, 438], [571, 439], [572, 439], [573, 440], [576, 440], [577, 441], [579, 441], [580, 442], [582, 442], [583, 443], [585, 443], [586, 444], [588, 444], [589, 445], [591, 445], [592, 446], [595, 446], [596, 447], [597, 447], [598, 448], [601, 448], [602, 449], [604, 449], [605, 450], [608, 450], [609, 451], [610, 451], [611, 452], [613, 452], [614, 453], [616, 453], [617, 454], [619, 454], [620, 455], [622, 455], [623, 456], [626, 456], [627, 457], [628, 457], [629, 458], [631, 458], [632, 459], [634, 459], [635, 460], [637, 460], [638, 461], [640, 461], [641, 462], [643, 462], [644, 463], [646, 463], [647, 464], [649, 464], [650, 465], [651, 465], [652, 466], [654, 466], [655, 467], [657, 467], [658, 468], [659, 468], [660, 469], [662, 469], [663, 470], [665, 470], [666, 471], [669, 471], [671, 473], [674, 473], [675, 474], [676, 474], [677, 475], [679, 475], [680, 476], [682, 476], [683, 477], [685, 477], [686, 478], [688, 478], [689, 479], [690, 479], [691, 480], [693, 480], [694, 481], [696, 481], [697, 482], [698, 482], [699, 483], [701, 483], [702, 484], [704, 484], [705, 485], [707, 485], [708, 486], [709, 486], [710, 487], [712, 487], [713, 488], [715, 488], [716, 489], [718, 489], [719, 490], [721, 490], [722, 491], [724, 491], [725, 492], [727, 492], [728, 493], [730, 493], [731, 494], [733, 494], [734, 495], [736, 495], [737, 496], [739, 496], [740, 497], [741, 497], [742, 498], [744, 498], [745, 499], [748, 499], [749, 500], [750, 500], [751, 501], [753, 501], [754, 502], [757, 502], [757, 501], [758, 500], [758, 494], [757, 493], [757, 480], [756, 479], [756, 468], [755, 467], [755, 455], [754, 454], [754, 443], [753, 442], [753, 423], [752, 422], [752, 410], [751, 409], [751, 394], [750, 393], [750, 375], [749, 374], [749, 366], [748, 365], [748, 347], [747, 346], [747, 333], [746, 332], [746, 325], [745, 324], [745, 321], [744, 320], [744, 318], [743, 317], [743, 313], [742, 313], [741, 312], [739, 312], [738, 311], [736, 311], [735, 310], [734, 310], [733, 309], [731, 309], [730, 308], [727, 308], [726, 307], [724, 307], [723, 306], [721, 306], [720, 305], [718, 305], [717, 304], [716, 304], [715, 303], [713, 303], [712, 302], [710, 302], [709, 301], [707, 301], [706, 300], [705, 300], [704, 299], [702, 299], [701, 298], [698, 298], [697, 297], [696, 297], [695, 296], [693, 296], [692, 295], [689, 295], [688, 294], [687, 294], [686, 293], [685, 293], [684, 292], [682, 292], [681, 291], [680, 291], [679, 290], [677, 290], [676, 289], [674, 289], [673, 288], [669, 288], [668, 287], [666, 287], [665, 286], 