{"cx": 413.27532958984375, "cy": 328.95806884765625, "length": 660.9580688476562, "width": 177.85325622558594, "depth": 81.83843994140625, "rotation": -25.17095947265625, "boundary": [[675, 110], [674, 111], [671, 111], [670, 112], [669, 112], [668, 113], [667, 113], [666, 114], [665, 114], [664, 115], [663, 115], [662, 116], [661, 116], [660, 117], [659, 117], [658, 118], [657, 118], [656, 119], [655, 119], [654, 120], [653, 120], [652, 121], [651, 121], [650, 122], [648, 122], [647, 123], [646, 123], [645, 124], [644, 124], [643, 125], [642, 125], [641, 126], [640, 126], [639, 127], [637, 127], [636, 128], [635, 128], [634, 129], [633, 129], [632, 130], [631, 130], [630, 131], [629, 131], [628, 132], [627, 132], [626, 133], [624, 133], [623, 134], [622, 134], [621, 135], [620, 135], [619, 136], [618, 136], [617, 137], [615, 137], [614, 138], [613, 138], [612, 139], [611, 139], [610, 140], [609, 140], [608, 141], [607, 141], [606, 142], [605, 142], [604, 143], [603, 143], [602, 144], [600, 144], [599, 145], [598, 145], [597, 146], [596, 146], [595, 147], [594, 147], [593, 148], [591, 148], [590, 149], [589, 149], [588, 150], [587, 150], [586, 151], [585, 151], [584, 152], [583, 152], [582, 153], [581, 153], [580, 154], [579, 154], [578, 155], [577, 155], [576, 156], [574, 156], [573, 157], [572, 157], [571, 158], [570, 158], [569, 159], [568, 159], [567, 160], [566, 160], [565, 161], [564, 161], [563, 162], [562, 162], [561, 163], [559, 163], [558, 164], [557, 164], [556, 165], [555, 165], [554, 166], [553, 166], [552, 167], [551, 167], [550, 168], [549, 168], [548, 169], [547, 169], [546, 170], [545, 170], [544, 171], [542, 171], [541, 172], [540, 172], [539, 173], [538, 173], [537, 174], [536, 174], [535, 175], [533, 175], [531, 177], [529, 177], [528, 178], [527, 178], [526, 179], [525, 179], [524, 180], [523, 180], [522, 181], [520, 181], [519, 182], [518, 182], [517, 183], [516, 183], [515, 184], [514, 184], [513, 185], [512, 185], [511, 186], [510, 186], [509, 187], [507, 187], [506, 188], [505, 188], [504, 189], [503, 189], [502, 190], [501, 190], [500, 191], [499, 191], [498, 192], [497, 192], [496, 193], [495, 193], [494, 194], [493, 194], [492, 195], [491, 195], [490, 196], [489, 196], [488, 197], [487, 197], [486, 198], [485, 198], [484, 199], [482, 199], [481, 200], [480, 200], [479, 201], [478, 201], [477, 202], [476, 202], [475, 203], [474, 203], [473, 204], [472, 204], [471, 205], [470, 205], [469, 206], [468, 206], [467, 207], [466, 207], [465, 208], [464, 208], [463, 209], [461, 209], [460, 210], [459, 210], [458, 211], [457, 211], [456, 212], [455, 212], [454, 213], [453, 213], [452, 214], [450, 214], [448, 216], [446, 216], [445, 217], [444, 217], [443, 218], [442, 218], [441, 219], [440, 219], [439, 220], [437, 220], [436, 221], [435, 221], [434, 222], [433, 222], [432, 223], [431, 223], [430, 224], [428, 224], [426, 226], [424, 226], [423, 227], [422, 227], [421, 228], [420, 228], [419, 229], [418, 229], [417, 230], [415, 230], [413, 232], [411, 232], [410, 233], [409, 233], [408, 234], [407, 234], [406, 235], [405, 235], [404, 236], [402, 236], [400, 238], [398, 238], [397, 239], [396, 239], [395, 240], [394, 240], [393, 241], [392, 241], [391, 242], [390, 242], [389, 243], [388, 243], [387, 244], [386, 244], [385, 245], [384, 245], [383, 246], [382, 246], [381, 247], [380, 247], [379, 248], [378, 248], [377, 249], [376, 249], [375, 250], [374, 250], [373, 251], [372, 251], [371, 252], [369, 252], [367, 254], [365, 254], [364, 255], [363, 255], [362, 256], [361, 256], [359, 258], [357, 258], [355, 260], [353, 260], [352, 261], [351, 261], [350, 262], [349, 262], [348, 263], [347, 263], [346, 264], [345, 264], [344, 265], [343, 265], [342, 266], [341, 266], [340, 267], [339, 267], [338, 268], [337, 268], [336, 269], [335, 269], [334, 270], [332, 270], [331, 271], [330, 271], [329, 272], [328, 272], [327, 273], [326, 273], [325, 274], [323, 274], [321, 276], [319, 276], [317, 278], [315, 278], [313, 280], [311, 280], [310, 281], [309, 281], [308, 282], [307, 282], [306, 283], [305, 283], [304, 284], [302, 284], [301, 285], [300, 285], [299, 286], [298, 286], [297, 287], [296, 287], [295, 288], [294, 288], [293, 289], [292, 289], [291, 290], [290, 290], [289, 291], [288, 291], [287, 292], [286, 292], [285, 293], [284, 293], [283, 294], [282, 294], [281, 295], [280, 295], [279, 296], [278, 296], [277, 297], [275, 297], [274, 298], [273, 298], [272, 299], [271, 299], [270, 300], [269, 300], [268, 301], [267, 301], [266, 302], [265, 302], [264, 303], [263, 303], [262, 304], [261, 304], [260, 305], [259, 305], [258, 306], [257, 306], [256, 307], [254, 307], [252, 309], [250, 309], [249, 310], [248, 310], [247, 311], [246, 311], [245, 312], [244, 312], [243, 313], [242, 313], [241, 314], [240, 314], [237, 317], [237, 318], [236, 319], [236, 320], [235, 321], [235, 323], [234, 324], [234, 325], [233, 326], [233, 327], [232, 328], [232, 330], [231, 331], [231, 332], [230, 333], [230, 335], [229, 336], [229, 338], [228, 339], [228, 340], [227, 341], [227, 343], [226, 344], [226, 346], [225, 347], [225, 349], [224, 350], [224, 351], [223, 352], [223, 354], [222, 355], [222, 356], [221, 357], [221, 359], [220, 360], [220, 362], [219, 363], [219, 365], [218, 366], [218, 367], [217, 368], [217, 370], [216, 371], [216, 372], [215, 373], [215, 375], [214, 376], [214, 378], [213, 379], [213, 381], [212, 382], [212, 384], [211, 385], [211, 386], [210, 387], [210, 389], [209, 390], [209, 391], [208, 392], [208, 394], [207, 395], [207, 397], [206, 398], [206, 400], [205, 401], [205, 402], [204, 403], [204, 405], [203, 406], [203, 408], [202, 409], [202, 411], [201, 412], [201, 413], [200, 414], [200, 416], [199, 417], [199, 419], [198, 420], [198, 421], [197, 422], [197, 424], [196, 425], [196, 426], [195, 427], [195, 429], [194, 430], [194, 432], [193, 433], [193, 435], [192, 436], [192, 437], [191, 438], [191, 440], [190, 441], [190, 442], [189, 443], [189, 445], [188, 446], [188, 449], [187, 450], [187, 451], [186, 452], [186, 454], [185, 455], [185, 457], [184, 458], [184, 460], [183, 461], [183, 462], [182, 463], [182, 465], [181, 466], [181, 468], [180, 469], [180, 471], [179, 472], [179, 473], [178, 474], [178, 476], [177, 477], [177, 479], [176, 480], [176, 481], [175, 482], [175, 485], [174, 486], [174, 487], [173, 488], [173, 491], [172, 492], [172, 493], [171, 494], [171, 496], [170, 497], [170, 499], [169, 500], [169, 501], [168, 502], [168, 504], [167, 505], [167, 507], [166, 508], [166, 510], [165, 511], [165, 513], [164, 514], [164, 516], [163, 517], [163, 518], [162, 519], [162, 521], [161, 522], [161, 523], [160, 524], [160, 526], [159, 527], [159, 529], [158, 530], [158, 532], [157, 533], [157, 535], [156, 536], [156, 537], [155, 538], [155, 540], [154, 541], [154, 542], [153, 543], [153, 546], [152, 547], [152, 550], [153, 549], [154, 549], [155, 548], [156, 548], [157, 547], [158, 547], [159, 546], [160, 546], [161, 545], [162, 545], [163, 544], [164, 544], [165, 543], [166, 543], [167, 542], [168, 542], [169, 541], [170, 541], [171, 540], [172, 540], [173, 539], [174, 539], [175, 538], [176, 538], [177, 537], [178, 537], [179, 536], [180, 536], [181, 535], [182, 535], [183, 534], [185, 534], [186, 533], [187, 533], [188, 532], [189, 532], [190, 531], [191, 531], [192, 530], [193, 530], [194, 529], [195, 529], [196, 528], [197, 528], [198, 527], [199, 527], [200, 526], [201, 526], [202, 525], [203, 525], [204, 524], [205, 524], [206, 523], [207, 523], [208, 522], [209, 522], [210, 521], [212, 521], [213, 520], [214, 520], [215, 519], [216, 519], [217, 518], [218, 518], [219, 517], [220, 517], [221, 516], [223, 516], [225, 514], [226, 514], [227, 513], [229, 513], [231, 511], [233, 511], [234, 510], [235, 510], [236, 509], [237, 509], [238, 508], [239, 508], [240, 507], [241, 507], [242, 506], [244, 506], [246, 504], [248, 504], [249, 503], [250, 503], [251, 502], [252, 502], [253, 501], [254, 501], [255, 500], [256, 500], 