{"cx": 390.72735595703125, "cy": 308.6255187988281, "length": 176.40966796875, "width": 407.8773498535156, "depth": 80.13870239257812, "rotation": -88.74440002441406, "boundary": [[265, 218], [261, 222], [261, 223], [260, 224], [260, 225], [259, 226], [259, 227], [258, 228], [258, 229], [257, 230], [257, 231], [256, 232], [256, 233], [255, 234], [255, 235], [254, 236], [254, 237], [253, 238], [253, 240], [252, 241], [252, 242], [251, 243], [251, 245], [249, 247], [249, 249], [248, 250], [248, 251], [247, 252], [247, 253], [246, 254], [246, 256], [245, 257], [245, 258], [244, 259], [244, 260], [243, 261], [243, 262], [242, 263], [242, 265], [241, 266], [241, 267], [240, 268], [240, 269], [239, 270], [239, 271], [238, 272], [238, 274], [237, 275], [237, 276], [236, 277], [236, 278], [235, 279], [235, 280], [234, 281], [234, 283], [233, 284], [233, 285], [232, 286], [232, 287], [231, 288], [231, 289], [230, 290], [230, 291], [229, 292], [229, 294], [228, 295], [228, 296], [227, 297], [227, 298], [226, 299], [226, 300], [225, 301], [225, 303], [224, 304], [224, 305], [223, 306], [223, 307], [222, 308], [222, 309], [221, 310], [221, 311], [220, 312], [220, 314], [219, 315], [219, 316], [218, 317], [218, 318], [217, 319], [217, 320], [216, 321], [216, 322], [215, 323], [215, 324], [214, 325], [214, 326], [213, 327], [213, 328], [212, 329], [212, 331], [211, 332], [211, 333], [210, 334], [210, 335], [209, 336], [209, 337], [208, 338], [208, 339], [207, 340], [207, 341], [206, 342], [206, 344], [205, 345], [205, 346], [204, 347], [204, 348], [203, 349], [203, 350], [202, 351], [202, 352], [201, 353], [201, 354], [200, 355], [200, 357], [199, 358], [199, 359], [198, 360], [198, 361], [197, 362], [197, 363], [196, 364], [196, 365], [195, 366], [195, 367], [194, 368], [194, 370], [193, 371], [193, 372], [192, 373], [192, 374], [191, 375], [191, 376], [190, 377], [190, 378], [189, 379], [189, 381], [188, 382], [188, 383], [187, 384], [187, 385], [186, 386], [186, 387], [185, 388], [185, 391], [186, 392], [214, 392], [215, 393], [272, 393], [273, 394], [314, 394], [315, 395], [367, 395], [368, 396], [416, 396], [417, 397], [445, 397], [446, 398], [447, 397], [448, 398], [505, 398], [506, 399], [507, 398], [508, 399], [543, 399], [544, 400], [579, 400], [580, 401], [590, 401], [591, 400], [591, 399], [592, 398], [592, 358], [593, 357], [593, 318], [594, 317], [594, 286], [595, 285], [594, 284], [595, 283], [595, 251], [596, 250], [596, 228], [595, 227], [595, 226], [594, 226], [593, 225], [556, 225], [555, 224], [554, 225], [553, 224], [496, 224], [495, 223], [453, 223], [452, 222], [412, 222], [411, 221], [369, 221], [368, 220], [316, 220], [315, 219], [272, 219], [271, 218]], "holes": []}