{"cx": 411.0819396972656, "cy": 301.4533386230469, "length": 178.56729125976562, "width": 940.1883544921875, "depth": 83.94243621826172, "rotation": -64.82499694824219, "boundary": [[23, 22], [23, 25], [24, 26], [24, 29], [25, 30], [25, 32], [26, 33], [26, 35], [27, 36], [27, 38], [28, 39], [28, 41], [29, 42], [29, 43], [30, 44], [30, 46], [31, 47], [31, 48], [32, 49], [32, 52], [33, 53], [33, 54], [34, 55], [34, 57], [35, 58], [35, 60], [36, 61], [36, 63], [37, 64], [37, 66], [38, 67], [38, 69], [39, 70], [39, 72], [40, 73], [40, 74], [41, 75], [41, 77], [42, 78], [42, 80], [43, 81], [43, 83], [44, 84], [44, 86], [45, 87], [45, 89], [46, 90], [46, 92], [47, 93], [47, 95], [48, 96], [48, 97], [49, 98], [49, 99], [50, 100], [50, 102], [51, 103], [51, 106], [52, 107], [52, 108], [53, 109], [53, 111], [54, 112], [54, 114], [55, 115], [55, 117], [56, 118], [56, 119], [57, 120], [57, 122], [58, 123], [58, 125], [59, 126], [59, 128], [60, 129], [60, 130], [61, 131], [61, 133], [62, 134], [62, 136], [63, 137], [63, 139], [64, 140], [64, 141], [65, 142], [65, 144], [66, 145], [66, 147], [67, 148], [67, 150], [68, 151], [68, 152], [69, 153], [69, 155], [70, 156], [70, 158], [71, 159], [71, 161], [72, 162], [72, 164], [73, 165], [73, 167], [74, 168], [74, 169], [75, 170], [75, 171], [76, 172], [76, 174], [77, 175], [77, 177], [78, 178], [78, 180], [79, 181], [79, 183], [80, 184], [80, 185], [81, 186], [81, 188], [82, 189], [82, 191], [83, 192], [83, 193], [84, 194], [84, 196], [85, 197], [85, 199], [86, 200], [86, 202], [87, 203], [87, 204], [88, 205], [88, 207], [89, 208], [89, 210], [90, 211], [90, 213], [91, 214], [91, 216], [92, 217], [92, 218], [93, 219], [93, 221], [94, 222], [94, 224], [95, 225], [95, 226], [96, 227], [96, 229], [97, 230], [97, 233], [98, 234], [98, 235], [99, 236], [99, 238], [100, 239], [100, 241], [101, 242], [101, 244], [102, 245], [102, 247], [103, 248], [103, 251], [105, 253], [105, 254], [109, 258], [110, 258], [111, 259], [112, 259], [113, 260], [115, 260], [116, 261], [117, 261], [118, 262], [119, 262], [120, 263], [123, 263], [124, 264], [125, 264], [126, 265], [127, 265], [128, 266], [130, 266], [131, 267], [132, 267], [133, 268], [134, 268], [135, 269], [136, 269], [137, 270], [138, 270], [139, 271], [141, 271], [142, 272], [143, 272], [144, 273], [145, 273], [146, 274], [147, 274], [148, 275], [149, 275], [150, 276], [151, 276], [152, 277], [153, 277], [154, 278], [155, 278], [156, 279], [157, 279], [158, 280], [160, 280], [161, 281], [162, 281], [163, 282], [164, 282], [165, 283], [166, 283], [167, 284], [169, 284], [170, 285], [171, 285], [172, 286], [173, 286], [174, 287], [175, 287], [176, 288], [177, 288], [178, 289], [179, 289], [180, 290], [182, 290], [183, 291], [184, 291], [185, 292], [186, 292], [187, 293], [188, 293], [189, 294], [190, 294], [191, 295], [192, 295], [193, 296], [194, 296], [195, 297], [197, 297], [199, 299], [201, 299], [202, 300], [203, 300], [204, 301], [205, 301], [206, 302], [207, 302], [208, 303], [209, 303], [210, 304], [212, 304], [213, 305], [214, 305], [215, 306], [216, 306], [217, 307], [219, 307], [220, 308], [221, 308], [222, 309], [223, 309], [224, 310], [226, 310], [227, 311], [228, 311], [229, 312], [230, 312], [231, 313], [232, 313], [233, 314], [235, 314], [236, 315], [237, 315], [238, 316], [240, 316], [242, 318], [244, 318], [245, 319], [246, 319], [247, 320], [249, 320], [250, 321], [251, 321], [252, 322], [253, 322], [254, 323], [255, 323], [256, 324], [258, 324], [259, 325], [260, 325], [261, 326], [262, 326], [263, 327], [264, 327], [265, 328], [267, 328], [268, 329], [269, 329], [270, 330], [271, 330], [272, 331], [273, 331], [274, 332], [275, 332], [276, 333], [277, 333], [278, 334], [279, 334], [280, 335], [282, 335], [283, 336], [284, 336], [285, 337], [286, 337], [287, 338], [288, 338], [289, 339], [291, 339], [293, 341], [294, 341], [295, 342], [296, 342], [297, 343], [298, 343], [299, 344], [300, 344], [301, 345], [302, 345], [303, 346], [304, 346], [305, 347], [307, 347], [309, 349], [310, 349], [311, 350], [312, 350], [313, 351], [314, 351], [315, 352], [317, 352], [319, 354], [321, 354], [322, 355], [323, 355], [324, 356], [325, 356], [326, 357], [327, 357], [328, 358], [329, 358], [330, 359], [331, 359], [332, 360], [333, 360], [334, 361], [335, 361], [336, 362], [337, 362], [338, 363], [339, 363], [340, 364], [342, 364], [343, 365], [344, 365], [345, 366], [346, 366], [347, 367], [348, 367], [349, 368], [350, 368], [351, 369], [352, 369], [353, 370], [355, 370], [356, 371], [357, 371], [358, 372], [359, 372], [360, 373], [361, 373], [362, 374], [363, 374], [364, 375], [365, 375], [366, 376], [367, 376], [368, 377], [370, 377], [372, 379], [374, 379], [375, 380], [376, 380], [377, 381], [378, 381], [379, 382], [380, 382], [381, 383], [382, 383], [383, 384], [384, 384], [385, 385], [386, 385], [387, 386], [388, 386], [389, 387], [390, 387], [391, 388], [392, 388], [393, 389], [394, 389], [395, 390], [396, 390], [397, 391], [398, 391], [399, 392], [400, 392], [401, 393], [402, 393], [403, 394], [404, 394], [405, 395], [406, 395], [407, 396], [408, 396], [409, 397], [410, 397], [411, 398], [413, 398], [414, 399], [415, 399], [416, 400], [417, 400], [418, 401], [419, 401], [420, 402], [422, 402], [423, 403], [424, 403], [425, 404], [426, 404], [427, 405], [428, 405], [429, 406], [430, 406], [431, 407], [433, 407], [435, 409], [436, 409], [437, 410], [439, 410], [440, 411], [441, 411], [442, 412], [443, 412], [444, 413], [445, 413], [446, 414], [447, 414], [448, 415], [449, 415], [450, 416], [452, 416], [453, 417], [454, 417], [455, 418], [456, 418], [457, 419], [458, 419], [459, 420], [461, 420], [462, 421], [463, 421], [464, 422], [465, 422], [466, 423], [467, 423], [468, 424], [469, 424], [470, 425], [471, 425], [472, 426], [474, 426], [475, 427], [476, 427], [477, 428], [478, 428], [479, 429], [480, 429], [481, 430], [482, 430], [483, 431], [484, 431], [485, 432], [486, 432], [487, 433], [488, 433], [489, 434], [490, 434], [491, 435], [493, 435], [494, 436], [495, 436], [496, 437], [498, 437], [499, 438], [500, 438], [501, 439], [502, 439], [503, 440], [504, 440], [505, 441], [506, 441], [507, 442], [508, 442], [509, 443], [510, 443], [511, 444], [512, 444], [513, 445], [514, 445], [515, 446], [516, 446], [517, 447], [518, 447], [519, 448], [521, 448], [522, 449], [523, 449], [524, 450], [525, 450], [526, 451], [527, 451], [528, 452], [529, 452], [530, 453], [531, 453], [532, 454], [533, 454], [534, 455], [535, 455], [536, 456], [537, 456], [538, 457], [539, 457], [540, 458], [542, 458], [543, 459], [544, 459], [545, 460], [546, 460], [547, 461], [548, 461], [549, 462], [551, 462], [553, 464], [555, 464], [557, 466], [559, 466], [560, 467], [561, 467], [562, 468], [563, 468], [564, 469], [565, 469], [566, 470], [568, 470], [569, 471], [570, 471], [571, 472], [572, 472], [573, 473], [574, 473], [575, 474], [576, 474], [577, 475], [578, 475], [579, 476], [580, 476], [581, 477], [582, 477], [583, 478], [584, 478], [585, 479], [587, 479], [588, 480], [589, 480], [590, 481], [591, 481], [592, 482], [593, 482], [594, 483], [595, 483], [596, 484], [597, 484], [598, 485], [600, 485], [602, 487], [604, 487], [606, 489], [608, 489], [609, 490], [610, 490], [611, 491], [612, 491], [613, 492], [615, 492], [616, 493], [617, 493], [618, 494], [619, 494], [620, 495], [621, 495], [622, 496], [623, 496], [624, 497], [625, 497], [626, 498], [627, 498], [628, 499], [630, 499], [631, 500], [632, 500], [634, 502], [636, 502], [637, 503], [638, 503], [639, 504], [640, 504], [641, 505], [642, 505], [643, 506], [645, 506], [646, 507], [647, 507], [648, 508], [649, 508], [650, 509], [651, 509], [652, 510], [653, 510], [654, 511], [655, 511], [656, 512], [657, 512], [658, 513], [659, 513], [660, 514], [662, 514], [663, 515], [664, 515], [665, 516], [666, 516], [667, 517], [668, 517], [669, 518], [670, 518], [671, 519], [672, 519], [673, 520], [674, 520], [675, 521], [677, 521], [678, 