{"cx": 416.2269592285156, "cy": 293.60797119140625, "length": 181.26168823242188, "width": 779.1646728515625, "depth": 81.17843627929688, "rotation": -61.52920150756836, "boundary": [[116, 30], [117, 31], [117, 32], [118, 33], [118, 37], [117, 38], [117, 41], [116, 42], [116, 46], [115, 47], [115, 49], [114, 50], [114, 54], [113, 55], [113, 58], [112, 59], [112, 63], [111, 64], [111, 67], [110, 68], [110, 71], [109, 72], [109, 76], [108, 77], [108, 80], [107, 81], [107, 84], [106, 85], [106, 89], [105, 90], [105, 93], [104, 94], [104, 97], [103, 98], [103, 103], [102, 104], [102, 107], [101, 108], [101, 111], [100, 112], [100, 115], [99, 116], [99, 120], [98, 121], [98, 124], [97, 125], [97, 128], [96, 129], [96, 132], [95, 133], [95, 136], [94, 137], [94, 140], [93, 141], [93, 145], [92, 146], [92, 149], [91, 150], [91, 153], [90, 154], [90, 157], [89, 158], [89, 161], [88, 162], [88, 165], [87, 166], [87, 167], [86, 168], [86, 173], [85, 174], [85, 178], [84, 179], [84, 182], [83, 183], [83, 185], [82, 186], [82, 190], [81, 191], [81, 195], [80, 196], [80, 198], [79, 199], [79, 203], [78, 204], [78, 212], [80, 214], [81, 214], [83, 216], [84, 216], [85, 217], [86, 217], [87, 218], [88, 218], [89, 219], [90, 219], [91, 220], [92, 220], [93, 221], [94, 221], [95, 222], [96, 222], [98, 224], [99, 224], [100, 225], [101, 225], [102, 226], [103, 226], [104, 227], [105, 227], [106, 228], [107, 228], [108, 229], [109, 229], [111, 231], [112, 231], [113, 232], [114, 232], [115, 233], [116, 233], [117, 234], [118, 234], [119, 235], [120, 235], [121, 236], [122, 236], [123, 237], [124, 237], [125, 238], [126, 238], [127, 239], [128, 239], [130, 241], [131, 241], [132, 242], [133, 242], [134, 243], [135, 243], [136, 244], [137, 244], [138, 245], [139, 245], [141, 247], [142, 247], [143, 248], [144, 248], [145, 249], [146, 249], [147, 250], [148, 250], [149, 251], [150, 251], [151, 252], [152, 252], [153, 253], [154, 253], [156, 255], [157, 255], [158, 256], [159, 256], [160, 257], [161, 257], [162, 258], [163, 258], [164, 259], [165, 259], [167, 261], [168, 261], [169, 262], [170, 262], [171, 263], [172, 263], [173, 264], [174, 264], [175, 265], [176, 265], [177, 266], [178, 266], [179, 267], [180, 267], [181, 268], [182, 268], [183, 269], [184, 269], [185, 270], [186, 270], [188, 272], [189, 272], [190, 273], [191, 273], [192, 274], [193, 274], [194, 275], [195, 275], [196, 276], [197, 276], [198, 277], [199, 277], [200, 278], [201, 278], [203, 280], [204, 280], [205, 281], [206, 281], [207, 282], [208, 282], [209, 283], [210, 283], [211, 284], [212, 284], [213, 285], [214, 285], [215, 286], [216, 286], [218, 288], [219, 288], [220, 289], [221, 289], [222, 290], [223, 290], [224, 291], [225, 291], [226, 292], [227, 292], [228, 293], [229, 293], [231, 295], [233, 295], [235, 297], [236, 297], [237, 298], [238, 298], [239, 299], [240, 299], [241, 300], [242, 300], [244, 302], [246, 302], [248, 304], [249, 304], [250, 305], [251, 305], [252, 306], [253, 306], [254, 307], [255, 307], [256, 308], [257, 308], [259, 310], [260, 310], [261, 311], [262, 311], [263, 312], [264, 312], [265, 313], [266, 313], [267, 314], [268, 314], [270, 316], [271, 316], [272, 317], [273, 317], [274, 318], [275, 318], [276, 319], [277, 319], [279, 321], [281, 321], [283, 323], [284, 323], [285, 324], [286, 324], [287, 325], [288, 325], [289, 326], [290, 326], [292, 328], [294, 328], [296, 330], [297, 330], [298, 331], [299, 331], [300, 332], [301, 332], [302, 333], [303, 333], [305, 335], [306, 335], [307, 336], [308, 336], [309, 337], [310, 337], [311, 338], [312, 338], [314, 340], [315, 340], [316, 341], [317, 341], [318, 342], [319, 342], [320, 343], [321, 343], [323, 345], [324, 345], [325, 346], [326, 346], [327, 347], [328, 347], [329, 348], [330, 348], [331, 349], [332, 349], [333, 350], [334, 350], [335, 351], [336, 351], [338, 353], [339, 353], [340, 354], [341, 354], [342, 355], [343, 355], [344, 356], [345, 356], [346, 357], [347, 357], [349, 359], [350, 359], [351, 360], [352, 360], [353, 361], [354, 361], [355, 362], [356, 362], [357, 363], [358, 363], [359, 364], [360, 364], [361, 365], [362, 365], [363, 366], [364, 366], [366, 368], [367, 368], [368, 369], [369, 369], [370, 370], [371, 370], [372, 371], [373, 371], [374, 372], [375, 372], [376, 373], [377, 373], [379, 375], [380, 375], [381, 376], [382, 376], [383, 377], [384, 377], [385, 378], [386, 378], [387, 379], [388, 379], [389, 380], [390, 380], [392, 382], [393, 382], [394, 383], [395, 383], [396, 384], [397, 384], [398, 385], [399, 385], [401, 387], [402, 387], [403, 388], [404, 388], [405, 389], [406, 389], [408, 391], [409, 391], [410, 392], [411, 392], [412, 393], [413, 393], [414, 394], [415, 394], [416, 395], [417, 395], [419, 397], [420, 397], [421, 398], [422, 398], [423, 399], [424, 399], [425, 400], [426, 400], [428, 402], [430, 402], [432, 404], [433, 404], [434, 405], [435, 405], [436, 406], [437, 406], [438, 407], [439, 407], [440, 408], [441, 408], [442, 409], [443, 409], [444, 410], [445, 410], [446, 411], [447, 411], [449, 413], [450, 413], [451, 414], [452, 414], [453, 415], [454, 415], [456, 417], [457, 417], [458, 418], [459, 418], [460, 419], [461, 419], [462, 420], [463, 420], [464, 421], [465, 421], [466, 422], [467, 422], [468, 423], [469, 423], [471, 425], [472, 425], [473, 426], [474, 426], [475, 427], [476, 427], [477, 428], [478, 428], [479, 429], [480, 429], [482, 431], [483, 431], [484, 432], [485, 432], [486, 433], [487, 433], [488, 434], [489, 434], [490, 435], [491, 435], [493, 437], [495, 437], [497, 439], [498, 439], [499, 440], [500, 440], [501, 441], [502, 441], [504, 443], [505, 443], [506, 444], [507, 444], [508, 445], [509, 445], [510, 446], [511, 446], [512, 447], [513, 447], [514, 448], [515, 448], [517, 450], [518, 450], [519, 451], [520, 451], [521, 452], [522, 452], [523, 453], [524, 453], [525, 454], [526, 454], [527, 455], [528, 455], [529, 456], [530, 456], [531, 457], [532, 457], [533, 458], [534, 458], [536, 460], [537, 460], [538, 461], [539, 461], [540, 462], [541, 462], [542, 463], [543, 463], [544, 464], [545, 464], [546, 465], [547, 465], [549, 467], [550, 467], [551, 468], [552, 468], [553, 469], [554, 469], [555, 470], [556, 470], [557, 471], [558, 471], [559, 472], [560, 472], [561, 473], [562, 473], [564, 475], [565, 475], [566, 476], [567, 476], [568, 477], [569, 477], [570, 478], [571, 478], [572, 479], [573, 479], [574, 480], [575, 480], [577, 482], [578, 482], [579, 483], [580, 483], [581, 484], [582, 484], [583, 485], [584, 485], [585, 486], [586, 486], [587, 487], [588, 487], [590, 489], [591, 489], [592, 490], [593, 490], [594, 491], [595, 491], [596, 492], [597, 492], [599, 494], [600, 494], [601, 495], [602, 495], [603, 496], [604, 496], [606, 498], [607, 498], [608, 499], [609, 499], [610, 500], [611, 500], [612, 501], [613, 501], [614, 502], [615, 502], [616, 503], [617, 503], [618, 504], [619, 504], [620, 505], [621, 505], [623, 507], [624, 507], [625, 508], [626, 508], [627, 509], [628, 509], [629, 510], [630, 510], [631, 511], [632, 511], [634, 513], [635, 513], [636, 514], [637, 514], [638, 515], [639, 515], [641, 517], [642, 517], [643, 518], [644, 518], [645, 519], [646, 519], [647, 520], [648, 520], [649, 521], [650, 521], [652, 523], [653, 523], [654, 524], [655, 524], [656, 525], [657, 525], [658, 526], [659, 526], [660, 527], [661, 527], [663, 529], [664, 529], [665, 530], [666, 530], [667, 531], [668, 531], [670, 533], [671, 533], [672, 534], [673, 534], [674, 535], [675, 535], [676, 536], [678, 536], [680, 534], [681, 534], [684, 531], [685, 531], [690, 526], [690, 525], [726, 489], [726, 488], [727, 487], [728, 487], [728, 486], [774, 440], [775, 440], [775, 439], [776, 438], [776, 437], [782, 431], [782, 430], [783, 429], [783, 425], [785, 423], [785, 421], [786, 420], [786, 419], [787, 418], [787, 416], [789, 414], [790, 414], [791, 413], [791, 412], [792, 411], [792, 410], [793, 409], [793, 408], [796, 405], [799, 405], [799,