{"cx": 376.23974609375, "cy": 293.021484375, "length": 179.34449768066406, "width": 698.085205078125, "depth": 82.63581848144531, "rotation": -81.56240844726562, "boundary": [[44, 154], [44, 156], [45, 157], [45, 159], [46, 160], [46, 162], [47, 163], [47, 164], [48, 165], [48, 167], [49, 168], [49, 169], [50, 170], [50, 172], [51, 173], [51, 174], [52, 175], [52, 176], [53, 177], [53, 178], [54, 179], [54, 181], [55, 182], [55, 183], [56, 184], [56, 185], [57, 186], [57, 187], [58, 188], [58, 190], [59, 191], [59, 192], [60, 193], [60, 195], [61, 196], [61, 197], [62, 198], [62, 199], [63, 200], [63, 201], [64, 202], [64, 204], [65, 205], [65, 206], [66, 207], [66, 208], [67, 209], [67, 211], [68, 212], [68, 213], [69, 214], [69, 216], [70, 217], [70, 218], [71, 219], [71, 220], [72, 221], [72, 222], [73, 223], [73, 225], [74, 226], [74, 227], [75, 228], [75, 229], [76, 230], [76, 232], [77, 233], [77, 234], [78, 235], [78, 236], [79, 237], [79, 239], [80, 240], [80, 242], [81, 243], [81, 244], [82, 245], [82, 247], [83, 248], [83, 249], [84, 250], [84, 251], [85, 252], [85, 253], [86, 254], [86, 257], [87, 258], [87, 259], [88, 260], [88, 261], [89, 262], [89, 263], [90, 264], [90, 265], [91, 266], [91, 267], [92, 268], [92, 270], [93, 271], [93, 272], [94, 273], [94, 274], [95, 275], [95, 276], [96, 277], [96, 279], [97, 280], [97, 281], [98, 282], [98, 284], [99, 285], [99, 286], [100, 287], [100, 288], [101, 289], [101, 292], [102, 293], [102, 295], [103, 296], [103, 297], [104, 298], [104, 299], [105, 300], [105, 301], [106, 302], [106, 303], [107, 304], [107, 305], [108, 306], [108, 308], [109, 309], [109, 311], [110, 312], [110, 313], [111, 314], [111, 317], [113, 319], [113, 320], [114, 321], [114, 323], [115, 324], [115, 332], [122, 339], [122, 340], [124, 342], [124, 343], [127, 346], [128, 346], [129, 347], [145, 347], [146, 348], [152, 348], [153, 349], [160, 349], [161, 350], [167, 350], [168, 351], [174, 351], [175, 352], [180, 352], [181, 353], [185, 353], [186, 354], [192, 354], [193, 355], [199, 355], [200, 356], [206, 356], [207, 357], [213, 357], [214, 358], [220, 358], [221, 359], [227, 359], [228, 360], [233, 360], [234, 361], [240, 361], [241, 362], [245, 362], [246, 363], [253, 363], [254, 364], [260, 364], [261, 365], [267, 365], [268, 366], [274, 366], [275, 367], [280, 367], [281, 368], [287, 368], [288, 369], [293, 369], [294, 370], [300, 370], [301, 371], [305, 371], [306, 372], [312, 372], [313, 373], [317, 373], [318, 374], [323, 374], [324, 375], [328, 375], [329, 376], [335, 376], [336, 377], [341, 377], [342, 378], [348, 378], [349, 379], [355, 379], [356, 380], [360, 380], [361, 381], [369, 381], [370, 382], [374, 382], [375, 383], [383, 383], [384, 384], [387, 384], [388, 385], [396, 385], [397, 386], [404, 386], [405, 387], [411, 387], [412, 388], [415, 388], [416, 389], [422, 389], [423, 390], [429, 390], [430, 391], [435, 391], [436, 392], [443, 392], [444, 393], [447, 393], [448, 394], [455, 394], [456, 395], [461, 395], [462, 396], [470, 396], [471, 397], [475, 397], [476, 398], [483, 398], [484, 399], [489, 399], [490, 400], [494, 400], [495, 401], [500, 401], [501, 402], [507, 402], [508, 403], [514, 403], [515, 404], [519, 404], [520, 405], [527, 405], [528, 406], [533, 406], [534, 407], [541, 407], [542, 408], [546, 408], [547, 409], [554, 409], [555, 410], [562, 410], [563, 411], [570, 411], [571, 412], [577, 412], [578, 413], [583, 413], [584, 414], [585, 413], [586, 414], [592, 414], [593, 415], [597, 415], [598, 416], [605, 416], [606, 417], [610, 417], [611, 418], [619, 418], [620, 419], [624, 419], [625, 420], [631, 420], [632, 421], [633, 420], [635, 420], [638, 417], [638, 416], [641, 413], [641, 412], [643, 410], [643, 409], [644, 408], [644, 407], [645, 406], [645, 405], [647, 403], [647, 402], [648, 401], [648, 400], [650, 398], [650, 397], [651, 396], [651, 395], [652, 394], [652, 393], [655, 390], [655, 389], [656, 388], [656, 387], [658, 385], [658, 383], [660, 381], [660, 380], [661, 379], [661, 378], [663, 376], [663, 375], [665, 373], [665, 372], [667, 370], [667, 369], [668, 368], [668, 367], [670, 365], [670, 363], [671, 362], [671, 361], [673, 359], [673, 358], [675, 356], [675, 355], [677, 353], [677, 352], [679, 350], [679, 349], [680, 348], [680, 347], [682, 345], [682, 344], [684, 342], [684, 341], [685, 340], [685, 339], [687, 337], [687, 336], [688, 335], [688, 334], [690, 332], [690, 331], [691, 330], [691, 329], [692, 328], [692, 327], [693, 326], [693, 325], [696, 322], [696, 321], [697, 320], [697, 319], [699, 317], [699, 316], [701, 314], [701, 313], [702, 312], [702, 311], [705, 308], [705, 307], [706, 306], [706, 305], [707, 304], [707, 303], [709, 301], [709, 300], [711, 298], [711, 297], [712, 296], [712, 295], [714, 293], [714, 292], [715, 291], [715, 290], [717, 288], [717, 287], [719, 285], [719, 284], [720, 283], [720, 282], [721, 281], [721, 280], [723, 278], [723, 277], [725, 275], [725, 274], [727, 272], [727, 271], [728, 270], [728, 269], [730, 267], [730, 266], [731, 265], [731, 264], [732, 263], [732, 262], [734, 260], [734, 257], [729, 257], [728, 256], [724, 256], [723, 255], [715, 255], [714, 254], [709, 254], [708, 253], [699, 253], [698, 252], [691, 252], [690, 251], [685, 251], [684, 250], [682, 250], [681, 249], [673, 249], [672, 248], [671, 248], [670, 247], [661, 247], [660, 246], [654, 246], [653, 245], [647, 245], [646, 244], [642, 244], [641, 243], [633, 243], [632, 242], [628, 242], [627, 241], [618, 241], [617, 240], [612, 240], [611, 239], [602, 239], [601, 238], [596, 238], [595, 237], [586, 237], [585, 236], [583, 236], [582, 235], [581, 236], [580, 235], [575, 235], [574, 234], [569, 234], [568, 233], [561, 233], [560, 232], [554, 232], [553, 231], [547, 231], [546, 230], [540, 230], [539, 229], [535, 229], [534, 228], [526, 228], [525, 227], [521, 227], [520, 226], [513, 226], [512, 225], [509, 225], [508, 224], [501, 224], [500, 223], [496, 223], [495, 222], [488, 222], [487, 221], [483, 221], [482, 220], [475, 220], [474, 219], [471, 219], [470, 218], [462, 218], [461, 217], [458, 217], [457, 216], [451, 216], [450, 215], [445, 215], [444, 214], [437, 214], [436, 213], [432, 213], [431, 212], [425, 212], [424, 211], [417, 211], [416, 210], [412, 210], [411, 209], [403, 209], [402, 208], [398, 208], [397, 207], [396, 208], [395, 207], [389, 207], [388, 206], [385, 206], [384, 205], [378, 205], [377, 204], [372, 204], [371, 203], [365, 203], [364, 202], [358, 202], [357, 201], [351, 201], [350, 200], [344, 200], [343, 199], [341, 199], [340, 198], [339, 199], [338, 198], [333, 198], [332, 197], [329, 197], [328, 196], [322, 196], [321, 195], [317, 195], [316, 194], [310, 194], [309, 193], [304, 193], [303, 192], [298, 192], [297, 191], [296, 192], [295, 191], [289, 191], [288, 190], [284, 190], [283, 189], [275, 189], [274, 188], [269, 188], [268, 187], [262, 187], [261, 186], [255, 186], [254, 185], [248, 185], [247, 184], [241, 184], [240, 183], [237, 183], [236, 182], [228, 182], [227, 181], [222, 181], [221, 180], [215, 180], [214, 179], [209, 179], [208, 178], [204, 178], [203, 177], [198, 177], [197, 176], [191, 176], [190, 175], [186, 175], [185, 174], [177, 174], [176, 173], [172, 173], [171, 172], [164, 172], [163, 171], [157, 171], [156, 170], [149, 170], [148, 169], [142, 169], [141, 168], [137, 168], [136, 167], [130, 167], [129, 166], [121, 166], [120, 165], [115, 165], [114, 164], [107, 164], [106, 163], [103, 163], [102, 162], [96, 162], [95, 161], [89, 161], [88, 160], [83, 160], [82, 159], [75, 159], [74, 158], [68, 158], [67, 157], [61, 157], [60, 156], [55, 156], [54, 155], [50, 155], [49, 154]], "holes": []}