{"cx": 386.6307067871094, "cy": 297.22918701171875, "length": 178.6637420654297, "width": 771.7371826171875, "depth": 88.46833801269531, "rotation": -78.54224395751953, "boundary": [[26, 134], [27, 135], [27, 137], [28, 138], [28, 140], [29, 141], [29, 143], [30, 144], [30, 147], [31, 148], [31, 149], [32, 150], [32, 151], [33, 152], [33, 154], [34, 155], [34, 157], [35, 158], [35, 160], [36, 161], [36, 162], [37, 163], [37, 165], [38, 166], [38, 168], [39, 169], [39, 170], [40, 171], [40, 172], [41, 173], [41, 176], [42, 177], [42, 178], [43, 179], [43, 181], [44, 182], [44, 183], [45, 184], [45, 186], [46, 187], [46, 188], [47, 189], [47, 191], [48, 192], [48, 194], [49, 195], [49, 196], [50, 197], [50, 199], [51, 200], [51, 201], [52, 202], [52, 204], [53, 205], [53, 207], [54, 208], [54, 209], [55, 210], [55, 212], [56, 213], [56, 215], [57, 216], [57, 218], [58, 219], [58, 221], [59, 222], [59, 223], [60, 224], [60, 225], [61, 226], [61, 228], [62, 229], [62, 231], [63, 232], [63, 234], [64, 235], [64, 236], [65, 237], [65, 239], [66, 240], [66, 242], [67, 243], [67, 244], [68, 245], [68, 247], [69, 248], [69, 249], [70, 250], [70, 252], [71, 253], [71, 255], [72, 256], [72, 258], [73, 259], [73, 260], [74, 261], [74, 263], [75, 264], [75, 266], [76, 267], [76, 269], [77, 270], [77, 271], [78, 272], [78, 274], [79, 275], [79, 276], [80, 277], [80, 279], [81, 280], [81, 282], [82, 283], [82, 285], [83, 286], [83, 287], [84, 288], [84, 290], [85, 291], [85, 292], [86, 293], [86, 296], [87, 297], [87, 298], [88, 299], [88, 301], [89, 302], [89, 304], [90, 305], [90, 307], [91, 308], [91, 309], [92, 310], [92, 312], [93, 313], [93, 315], [94, 316], [94, 317], [95, 318], [95, 319], [96, 320], [96, 321], [97, 322], [97, 324], [98, 325], [98, 326], [100, 328], [101, 328], [102, 329], [103, 329], [104, 330], [108, 330], [109, 331], [113, 331], [114, 332], [117, 332], [118, 333], [123, 333], [124, 334], [127, 334], [128, 335], [134, 335], [135, 336], [137, 336], [138, 337], [142, 337], [143, 338], [147, 338], [148, 339], [153, 339], [154, 340], [157, 340], [158, 341], [161, 341], [162, 342], [167, 342], [168, 343], [173, 343], [174, 344], [180, 344], [181, 345], [184, 345], [185, 346], [190, 346], [191, 347], [194, 347], [195, 348], [200, 348], [201, 349], [204, 349], [205, 350], [209, 350], [210, 351], [213, 351], [214, 352], [218, 352], [219, 353], [224, 353], [225, 354], [229, 354], [230, 355], [233, 355], [234, 356], [238, 356], [239, 357], [244, 357], [245, 358], [247, 358], [248, 359], [253, 359], [254, 360], [257, 360], [258, 361], [263, 361], [264, 362], [267, 362], [268, 363], [273, 363], [274, 364], [278, 364], [279, 365], [282, 365], [283, 366], [288, 366], [289, 367], [292, 367], [293, 368], [299, 368], [300, 369], [302, 369], [303, 370], [310, 370], [311, 371], [314, 371], [315, 372], [319, 372], [320, 373], [323, 373], [324, 374], [329, 374], [330, 375], [334, 375], [335, 376], [339, 376], [340, 377], [343, 377], [344, 378], [349, 378], [350, 379], [353, 379], [354, 380], [357, 380], [358, 381], [362, 381], [363, 382], [366, 382], [367, 383], [370, 383], [371, 384], [374, 384], [375, 385], [376, 384], [377, 385], [380, 385], [381, 386], [384, 386], [385, 387], [391, 387], [392, 388], [396, 388], [397, 389], [401, 389], [402, 390], [405, 390], [406, 391], [410, 391], [411, 392], [415, 392], [416, 393], [419, 393], [420, 394], [425, 394], [426, 395], [431, 395], [432, 396], [436, 396], [437, 397], [439, 397], [440, 398], [445, 398], [446, 399], [448, 399], [449, 400], [455, 400], [456, 401], [458, 401], [459, 402], [464, 402], [465, 403], [469, 403], [470, 404], [475, 404], [476, 405], [479, 405], [480, 406], [482, 406], [483, 407], [487, 407], [488, 408], [493, 408], [494, 409], [496, 409], [497, 410], [500, 410], [501, 411], [507, 411], [508, 412], [513, 412], [514, 413], [519, 413], [520, 414], [523, 414], [524, 415], [525, 414], [526, 415], [530, 415], [531, 416], [533, 416], [534, 417], [535, 416], [536, 417], [539, 417], [540, 418], [545, 418], [546, 419], [550, 419], [551, 420], [553, 420], [554, 421], [558, 421], [559, 422], [563, 422], [564, 423], [568, 423], [569, 424], [574, 424], [575, 425], [578, 425], [579, 426], [584, 426], [585, 427], [587, 427], [588, 428], [593, 428], [594, 429], [597, 429], [598, 430], [602, 430], [603, 431], [606, 431], [607, 432], [612, 432], [613, 433], [616, 433], [617, 434], [622, 434], [623, 435], [626, 435], [627, 436], [629, 436], [630, 437], [635, 437], [636, 438], [639, 438], [640, 439], [645, 439], [646, 440], [649, 440], [650, 441], [655, 441], [656, 442], [660, 442], [661, 443], [665, 443], [666, 444], [668, 444], [669, 445], [675, 445], [676, 446], [678, 446], [679, 447], [684, 447], [685, 448], [689, 448], [690, 449], [693, 449], [694, 450], [697, 450], [698, 451], [702, 451], [703, 452], [708, 452], [709, 453], [710, 453], [711, 454], [718, 454], [719, 455], [720, 455], [721, 456], [727, 456], [728, 457], [731, 457], [732, 458], [736, 458], [737, 459], [739, 459], [740, 460], [744, 460], [744, 459], [745, 458], [745, 457], [746, 456], [746, 454], [747, 453], [747, 451], [748, 450], [748, 445], [749, 444], [749, 442], [750, 441], [750, 436], [751, 435], [751, 432], [752, 431], [752, 427], [753, 426], [753, 423], [754, 422], [754, 419], [755, 418], [755, 413], [756, 412], [756, 409], [757, 408], [757, 405], [758, 404], [758, 401], [759, 400], [759, 397], [760, 396], [759, 395], [760, 394], [760, 389], [761, 388], [761, 385], [762, 384], [762, 379], [763, 378], [763, 375], [764, 374], [764, 370], [765, 369], [765, 366], [766, 365], [766, 362], [767, 361], [767, 357], [768, 356], [768, 352], [769, 351], [769, 347], [770, 346], [770, 341], [771, 340], [771, 335], [772, 334], [772, 332], [773, 331], [773, 327], [774, 326], [774, 322], [775, 321], [775, 316], [776, 315], [776, 311], [777, 310], [777, 308], [778, 307], [778, 302], [779, 301], [779, 298], [780, 297], [780, 295], [781, 294], [781, 289], [780, 288], [780, 286], [777, 286], [776, 285], [771, 285], [770, 284], [763, 284], [762, 283], [757, 283], [756, 282], [749, 282], [748, 281], [746, 281], [745, 280], [740, 280], [739, 279], [736, 279], [735, 278], [730, 278], [729, 277], [727, 277], [726, 276], [721, 276], [720, 275], [718, 275], [717, 274], [709, 274], [707, 272], [700, 272], [699, 271], [697, 271], [696, 270], [689, 270], [688, 269], [686, 269], [685, 268], [680, 268], [679, 267], [676, 267], [675, 266], [670, 266], [669, 265], [666, 265], [665, 264], [658, 264], [657, 263], [655, 263], [654, 262], [651, 262], [650, 261], [649, 262], [648, 261], [645, 261], [644, 260], [640, 260], [639, 259], [635, 259], [634, 258], [631, 258], [630, 257], [626, 257], [625, 256], [622, 256], [621, 255], [616, 255], [615, 254], [612, 254], [611, 253], [605, 253], [604, 252], [601, 252], [600, 251], [599, 252], [598, 251], [594, 251], [593, 250], [591, 250], [590, 249], [583, 249], [582, 248], [582, 247], [581, 248], [580, 247], [575, 247], [574, 246], [572, 246], [571, 245], [565, 245], [564, 244], [562, 244], [561, 243], [554, 243], [553, 242], [552, 242], [551, 241], [545, 241], [544, 240], [542, 240], [541, 239], [537, 239], [536, 238], [533, 238], [532, 237], [527, 237], [526, 236], [524, 236], [523, 235], [518, 235], [517, 234], [515, 234], [514, 233], [511, 233], [510, 232], [507, 232], [506, 231], [500, 231], [499, 230], [496, 230], [495, 229], [492, 229], [491, 228], [486, 228], [485, 227], [481, 227], [480, 226], [474, 226], [473, 225], [470, 225], [469, 224], [463, 224], [462, 223], [460, 223], [459, 222], [454, 222], [453, 221], [451, 221], [450, 220], [443, 220], [442, 219], [440, 219], [439, 218], [434, 218], [433, 217], [430, 217], [429, 216], [426, 216], [425, 215], [421, 215], [420, 214], [417, 214], [416, 213], [410, 213], [409, 212], [406, 212], [405, 211], [400, 211], [399, 210], [396, 210], [395, 209], [391, 209], [390, 208], [388, 208], [387, 207], [383, 207], [382, 206], [380, 206], [379, 205], [378, 206], [377, 205], [373, 