{"cx": 362.834228515625, "cy": 273.1314697265625, "length": 177.05165100097656, "width": 762.91552734375, "depth": 83.66984558105469, "rotation": -75.29169464111328, "boundary": [[16, 92], [16, 93], [18, 95], [18, 96], [19, 97], [19, 98], [20, 99], [20, 100], [21, 101], [21, 102], [23, 104], [23, 105], [24, 106], [24, 107], [26, 109], [26, 110], [27, 111], [27, 112], [28, 113], [28, 114], [30, 116], [30, 117], [31, 118], [31, 119], [33, 121], [33, 122], [34, 123], [34, 124], [36, 126], [36, 127], [37, 128], [37, 129], [38, 130], [38, 131], [41, 134], [41, 135], [42, 136], [42, 137], [43, 138], [43, 139], [45, 141], [45, 142], [46, 143], [46, 144], [48, 146], [48, 147], [49, 148], [49, 149], [51, 151], [51, 152], [52, 153], [52, 154], [53, 155], [53, 156], [55, 158], [55, 159], [56, 160], [56, 161], [57, 162], [57, 163], [59, 165], [59, 166], [60, 167], [60, 168], [61, 169], [61, 170], [64, 173], [64, 174], [65, 175], [65, 176], [66, 177], [66, 178], [67, 179], [67, 180], [69, 182], [69, 183], [70, 184], [70, 185], [72, 187], [72, 188], [73, 189], [73, 190], [75, 192], [75, 193], [76, 194], [76, 195], [77, 196], [77, 197], [78, 198], [78, 199], [80, 201], [80, 202], [81, 203], [81, 204], [83, 206], [83, 207], [85, 209], [85, 210], [86, 211], [86, 212], [87, 213], [87, 214], [88, 215], [88, 216], [90, 218], [90, 219], [91, 220], [91, 221], [93, 223], [93, 224], [94, 225], [94, 226], [95, 227], [95, 228], [97, 230], [97, 231], [98, 232], [98, 233], [100, 235], [100, 236], [101, 237], [101, 238], [103, 240], [103, 241], [104, 242], [104, 243], [106, 245], [106, 246], [107, 247], [107, 248], [108, 249], [108, 250], [109, 251], [109, 252], [111, 254], [111, 255], [112, 256], [112, 257], [114, 259], [114, 260], [115, 261], [115, 262], [117, 264], [117, 265], [118, 266], [118, 267], [119, 268], [119, 269], [120, 270], [120, 271], [122, 273], [122, 274], [124, 276], [124, 277], [125, 278], [125, 279], [126, 280], [126, 281], [128, 283], [128, 284], [129, 285], [129, 286], [130, 287], [130, 288], [131, 289], [131, 290], [133, 292], [133, 293], [135, 295], [135, 296], [136, 297], [136, 298], [139, 301], [139, 302], [143, 306], [144, 306], [145, 307], [146, 307], [147, 308], [146, 307], [147, 306], [148, 306], [149, 307], [151, 307], [152, 308], [156, 308], [157, 309], [161, 309], [162, 310], [165, 310], [166, 311], [169, 311], [170, 312], [173, 312], [174, 313], [176, 313], [177, 314], [180, 314], [181, 315], [184, 315], [185, 316], [187, 316], [188, 317], [191, 317], [192, 318], [195, 318], [196, 319], [198, 319], [199, 320], [203, 320], [204, 321], [206, 321], [207, 322], [210, 322], [211, 323], [214, 323], [215, 324], [218, 324], [219, 325], [222, 325], [223, 326], [225, 326], [226, 327], [230, 327], [231, 328], [234, 328], [235, 329], [237, 329], [238, 330], [241, 330], [242, 331], [245, 331], [246, 332], [249, 332], [250, 333], [252, 333], [253, 334], [256, 334], [257, 335], [260, 335], [261, 336], [264, 336], [265, 337], [268, 337], [269, 338], [271, 338], [272, 339], [275, 339], [276, 340], [278, 340], [279, 341], [282, 341], [283, 342], [285, 342], [286, 343], [289, 343], [290, 344], [293, 344], [294, 345], [297, 345], [298, 346], [300, 346], [301, 347], [304, 347], [305, 348], [308, 348], [309, 349], [312, 349], [313, 350], [315, 350], [316, 351], [319, 351], [320, 352], [323, 352], [324, 353], [326, 353], [327, 354], [330, 354], [331, 355], [334, 355], [335, 356], [338, 356], [339, 357], [342, 357], [343, 358], [346, 358], [347, 359], [349, 359], [350, 360], [353, 360], [354, 361], [357, 361], [358, 362], [360, 362], [361, 363], [364, 363], [365, 364], [368, 364], [369, 365], [372, 365], [373, 366], [376, 366], [377, 367], [380, 367], [381, 368], [384, 368], [385, 369], [388, 369], [389, 370], [392, 370], [393, 371], [396, 371], [397, 372], [399, 372], [400, 373], [403, 373], [404, 374], [406, 374], [407, 375], [410, 375], [411, 376], [413, 376], [414, 377], [417, 377], [418, 378], [420, 378], [421, 379], [424, 379], [425, 380], [428, 380], [429, 381], [431, 381], [432, 382], [435, 382], [436, 383], [439, 383], [440, 384], [443, 384], [444, 385], [447, 385], [448, 386], [451, 386], [452, 387], [454, 387], [455, 388], [461, 388], [462, 389], [464, 389], [465, 390], [467, 390], [468, 391], [470, 391], [471, 392], [474, 392], [475, 393], [478, 393], [479, 394], [481, 394], [482, 395], [485, 395], [486, 396], [489, 396], [490, 397], [493, 397], [494, 398], [496, 398], [497, 399], [500, 399], [501, 400], [504, 400], [505, 401], [507, 401], [508, 402], [511, 402], [512, 403], [515, 403], [516, 404], [519, 404], [520, 405], [523, 405], [524, 406], [527, 406], [528, 407], [531, 407], [532, 408], [535, 408], [536, 409], [539, 409], [540, 410], [543, 410], [544, 411], [548, 411], [549, 412], [552, 412], [553, 413], [556, 413], [557, 414], [560, 414], [561, 415], [564, 415], [565, 416], [568, 416], [569, 417], [572, 417], [573, 418], [576, 418], [577, 419], [581, 419], [582, 420], [585, 420], [586, 421], [589, 421], [590, 422], [593, 422], [594, 423], [596, 423], [597, 424], [601, 424], [602, 425], [604, 425], [605, 426], [608, 426], [609, 427], [611, 427], [612, 428], [615, 428], [616, 429], [618, 429], [619, 430], [622, 430], [623, 431], [625, 431], [626, 432], [628, 432], [629, 433], [632, 433], [633, 434], [635, 434], [636, 435], [638, 435], [639, 436], [641, 436], [642, 437], [645, 437], [646, 438], [648, 438], [649, 439], [651, 439], [652, 440], [655, 440], [656, 441], [659, 441], [660, 442], [662, 442], [663, 443], [666, 443], [667, 444], [669, 444], [670, 445], [674, 445], [675, 446], [677, 446], [678, 447], [681, 447], [682, 448], [685, 448], [686, 449], [689, 449], [690, 450], [693, 450], [694, 451], [696, 451], [697, 452], [699, 452], [700, 453], [703, 453], [704, 454], [706, 454], [707, 455], [708, 455], [710, 453], [710, 447], [709, 446], [709, 441], [708, 440], [708, 433], [707, 432], [707, 427], [706, 426], [706, 417], [705, 416], [705, 413], [704, 412], [704, 401], [703, 400], [703, 395], [702, 394], [702, 385], [701, 384], [701, 379], [700, 378], [700, 372], [699, 371], [699, 363], [698, 362], [698, 354], [697, 353], [697, 347], [696, 346], [696, 339], [695, 338], [695, 332], [694, 331], [694, 324], [693, 323], [693, 317], [692, 316], [692, 309], [691, 308], [691, 301], [690, 300], [690, 294], [689, 293], [689, 287], [688, 286], [688, 279], [687, 278], [687, 274], [686, 273], [686, 270], [685, 269], [685, 268], [684, 268], [683, 267], [681, 267], [680, 266], [677, 266], [676, 265], [674, 265], [673, 264], [671, 264], [670, 263], [667, 263], [666, 262], [664, 262], [663, 261], [661, 261], [660, 260], [657, 260], [656, 259], [654, 259], [653, 258], [651, 258], [650, 257], [647, 257], [646, 256], [643, 256], [642, 255], [639, 255], [638, 254], [635, 254], [634, 253], [632, 253], [631, 252], [628, 252], [627, 251], [623, 251], [622, 250], [620, 250], [619, 249], [615, 249], [614, 248], [610, 248], [609, 247], [607, 247], [606, 246], [603, 246], [602, 245], [598, 245], [597, 244], [594, 244], [593, 243], [590, 243], [589, 242], [585, 242], [584, 241], [580, 241], [579, 240], [577, 240], [576, 239], [573, 239], [572, 238], [570, 238], [569, 237], [565, 237], [564, 236], [562, 236], [561, 235], [558, 235], [557, 234], [554, 234], [553, 233], [550, 233], [549, 232], [546, 232], [545, 231], [542, 231], [541, 230], [539, 230], [538, 229], [535, 229], [534, 228], [532, 228], [531, 227], [528, 227], [527, 226], [524, 226], [523, 225], [520, 225], [519, 224], [516, 224], [515, 223], [512, 223], [511, 222], [508, 222], [507, 221], [505, 221], [504, 220], [500, 220], [499, 219], [497, 219], [496, 218], [492, 218], [491, 217], [488, 217], [487, 216], [484, 216], [483, 215], [481, 215], [480, 214], [476, 214], [475, 213], [473, 213], [472, 212], [469, 212], [468, 211], [466, 211], [465, 210], [461, 210], [460, 209], [459, 209], [458, 208], [455, 208], [454, 207], [452, 207], [451, 206], [448, 206], [447, 205], [445, 205], [444, 204], [441, 204], [440, 203], 