{"cx": 407.43511962890625, "cy": 315.9983825683594, "length": 603.1611938476562, "width": 177.479248046875, "depth": 84.51756286621094, "rotation": -3.546189308166504, "boundary": [[687, 211], [686, 212], [669, 212], [668, 213], [657, 213], [656, 214], [640, 214], [639, 215], [638, 214], [637, 215], [622, 215], [621, 216], [597, 216], [596, 217], [586, 217], [585, 218], [568, 218], [567, 219], [566, 218], [565, 219], [551, 219], [550, 220], [530, 220], [529, 221], [516, 221], [515, 222], [502, 222], [501, 223], [500, 222], [499, 223], [487, 223], [486, 224], [466, 224], [465, 225], [447, 225], [446, 226], [425, 226], [424, 227], [409, 227], [408, 228], [397, 228], [396, 229], [387, 229], [386, 230], [375, 230], [374, 231], [360, 231], [359, 232], [358, 231], [357, 232], [351, 232], [350, 233], [327, 233], [326, 234], [307, 234], [306, 235], [293, 235], [292, 236], [269, 236], [268, 237], [256, 237], [255, 238], [242, 238], [241, 239], [218, 239], [217, 240], [207, 240], [206, 241], [188, 241], [187, 242], [169, 242], [168, 243], [154, 243], [153, 244], [139, 244], [138, 245], [125, 245], [124, 246], [106, 246], [105, 247], [101, 247], [102, 248], [102, 250], [103, 250], [111, 258], [112, 258], [122, 268], [122, 269], [123, 269], [124, 270], [125, 270], [126, 271], [127, 271], [128, 272], [129, 272], [135, 278], [136, 278], [141, 283], [141, 284], [142, 284], [144, 286], [145, 286], [149, 290], [150, 290], [158, 298], [159, 298], [167, 306], [168, 306], [172, 310], [173, 310], [177, 314], [178, 314], [181, 317], [182, 317], [185, 320], [185, 321], [186, 322], [187, 322], [190, 325], [191, 325], [192, 326], [192, 327], [194, 329], [195, 329], [199, 333], [200, 333], [208, 341], [209, 341], [218, 350], [219, 350], [220, 351], [221, 351], [228, 358], [229, 358], [235, 364], [236, 364], [244, 372], [245, 372], [255, 382], [256, 382], [258, 384], [258, 385], [259, 385], [266, 392], [267, 392], [272, 397], [273, 397], [280, 404], [281, 404], [288, 411], [290, 411], [291, 412], [293, 412], [294, 411], [299, 411], [300, 410], [312, 410], [313, 409], [333, 409], [334, 408], [349, 408], [350, 407], [366, 407], [367, 406], [377, 406], [378, 405], [388, 405], [389, 404], [399, 404], [400, 403], [410, 403], [411, 402], [437, 402], [438, 401], [452, 401], [453, 400], [475, 400], [476, 399], [495, 399], [496, 398], [508, 398], [509, 397], [522, 397], [523, 396], [534, 396], [535, 395], [555, 395], [556, 394], [557, 395], [558, 394], [574, 394], [575, 393], [597, 393], [598, 392], [613, 392], [614, 391], [628, 391], [629, 390], [648, 390], [649, 389], [662, 389], [663, 388], [680, 388], [681, 387], [695, 387], [696, 386], [710, 386], [711, 385], [711, 370], [710, 369], [710, 363], [709, 362], [709, 359], [710, 358], [710, 346], [709, 345], [709, 323], [708, 322], [708, 305], [707, 304], [707, 288], [706, 287], [706, 285], [705, 284], [705, 274], [706, 273], [706, 272], [705, 272], [704, 271], [704, 266], [705, 265], [705, 259], [706, 258], [705, 258], [703, 256], [703, 255], [702, 254], [702, 250], [703, 249], [703, 247], [704, 246], [704, 235], [703, 234], [703, 229], [702, 228], [702, 221], [701, 220], [701, 214], [700, 213], [700, 211], [689, 211], [688, 212]], "holes": []}