{"cx": 374.92462158203125, "cy": 230.8363037109375, "length": 177.64952087402344, "width": 428.5834655761719, "depth": 83.20502471923828, "rotation": -88.15238952636719, "boundary": [[236, 138], [235, 139], [235, 140], [233, 142], [233, 143], [232, 144], [232, 145], [231, 146], [231, 148], [230, 149], [230, 150], [229, 151], [229, 152], [228, 153], [228, 155], [227, 156], [227, 157], [226, 158], [226, 159], [225, 160], [225, 161], [224, 162], [224, 164], [223, 165], [223, 166], [222, 167], [222, 168], [221, 169], [221, 170], [220, 171], [220, 172], [219, 173], [219, 175], [218, 176], [218, 177], [217, 178], [217, 179], [216, 180], [216, 181], [215, 182], [215, 183], [214, 184], [214, 186], [213, 187], [213, 188], [212, 189], [212, 190], [211, 191], [211, 192], [210, 193], [210, 195], [209, 196], [209, 197], [208, 198], [208, 199], [207, 200], [207, 202], [206, 203], [206, 204], [205, 205], [205, 206], [204, 207], [204, 208], [203, 209], [203, 211], [202, 212], [202, 213], [201, 214], [201, 215], [200, 216], [200, 217], [199, 218], [199, 220], [198, 221], [198, 222], [197, 223], [197, 224], [196, 225], [196, 226], [195, 227], [195, 229], [193, 231], [193, 233], [192, 234], [192, 235], [191, 236], [191, 237], [190, 238], [190, 240], [189, 241], [189, 242], [188, 243], [188, 244], [187, 245], [187, 246], [186, 247], [186, 248], [185, 249], [185, 250], [184, 251], [184, 253], [183, 254], [183, 255], [182, 256], [182, 257], [181, 258], [181, 259], [180, 260], [180, 261], [179, 262], [179, 263], [178, 264], [178, 265], [177, 266], [177, 268], [176, 269], [176, 270], [175, 271], [175, 272], [174, 273], [174, 274], [173, 275], [173, 276], [172, 277], [172, 279], [171, 280], [171, 281], [170, 282], [170, 283], [169, 284], [169, 285], [168, 286], [168, 287], [167, 288], [167, 290], [166, 291], [166, 292], [165, 293], [165, 294], [164, 295], [164, 296], [163, 297], [163, 298], [162, 299], [162, 301], [161, 302], [161, 303], [160, 304], [160, 305], [159, 306], [159, 308], [158, 309], [158, 310], [159, 311], [159, 312], [166, 312], [167, 313], [208, 313], [209, 314], [231, 314], [232, 315], [276, 315], [277, 316], [300, 316], [301, 317], [340, 317], [341, 318], [374, 318], [375, 319], [398, 319], [399, 320], [425, 320], [426, 321], [454, 321], [455, 322], [476, 322], [477, 323], [497, 323], [496, 323], [494, 321], [494, 319], [495, 318], [505, 318], [506, 319], [509, 319], [510, 320], [529, 320], [530, 321], [547, 321], [548, 322], [548, 323], [551, 320], [552, 320], [552, 318], [554, 316], [554, 314], [555, 313], [555, 312], [556, 311], [556, 310], [557, 309], [557, 308], [558, 307], [558, 306], [559, 305], [559, 304], [560, 303], [560, 302], [561, 301], [561, 300], [562, 299], [562, 298], [563, 297], [563, 295], [565, 293], [565, 291], [566, 290], [566, 289], [567, 288], [567, 287], [568, 286], [568, 285], [569, 284], [569, 283], [570, 282], [570, 281], [571, 280], [571, 278], [572, 277], [572, 276], [573, 275], [573, 274], [574, 273], [574, 272], [575, 271], [575, 270], [576, 269], [576, 268], [577, 267], [577, 265], [578, 264], [578, 263], [579, 262], [579, 261], [580, 260], [580, 259], [581, 258], [581, 257], [582, 256], [582, 255], [583, 254], [583, 253], [584, 252], [584, 251], [585, 250], [585, 249], [586, 248], [586, 247], [587, 246], [587, 245], [588, 244], [588, 232], [589, 231], [589, 209], [590, 208], [590, 180], [591, 179], [591, 150], [590, 150], [589, 149], [584, 149], [583, 150], [577, 150], [576, 149], [558, 149], [557, 148], [516, 148], [515, 147], [494, 147], [493, 146], [458, 146], [457, 145], [429, 145], [428, 144], [408, 144], [407, 143], [366, 143], [365, 142], [330, 142], [329, 141], [307, 141], [306, 140], [268, 140], [267, 139], [243, 139], [242, 138]], "holes": []}