{"cx": 414.4888610839844, "cy": 309.8502502441406, "length": 176.92042541503906, "width": 710.9396362304688, "depth": 82.77433013916016, "rotation": -77.18851470947266, "boundary": [[159, 162], [158, 163], [157, 163], [156, 164], [156, 165], [154, 167], [154, 168], [150, 172], [150, 173], [148, 175], [148, 176], [145, 179], [145, 180], [143, 182], [143, 183], [141, 185], [141, 186], [139, 188], [139, 189], [137, 191], [137, 192], [135, 194], [135, 195], [131, 199], [131, 200], [128, 203], [128, 204], [126, 206], [126, 207], [124, 209], [124, 210], [122, 212], [122, 213], [119, 216], [119, 217], [116, 220], [116, 221], [114, 223], [114, 224], [110, 228], [110, 229], [108, 231], [108, 232], [106, 234], [106, 235], [103, 238], [103, 239], [99, 243], [99, 244], [98, 245], [98, 246], [97, 247], [97, 248], [95, 250], [95, 251], [93, 253], [93, 254], [90, 257], [90, 258], [85, 263], [85, 264], [84, 265], [83, 265], [82, 266], [82, 268], [81, 269], [81, 270], [79, 272], [79, 273], [77, 275], [77, 276], [75, 278], [75, 279], [73, 281], [73, 282], [67, 288], [67, 289], [66, 290], [66, 291], [63, 294], [63, 295], [60, 298], [60, 299], [56, 303], [56, 304], [54, 306], [54, 307], [52, 309], [52, 310], [50, 312], [50, 313], [49, 314], [49, 315], [50, 316], [51, 316], [52, 317], [57, 317], [58, 318], [61, 318], [62, 319], [64, 319], [65, 320], [70, 320], [71, 321], [74, 321], [75, 322], [79, 322], [80, 323], [83, 323], [84, 324], [88, 324], [89, 325], [92, 325], [93, 326], [96, 326], [97, 327], [99, 327], [100, 328], [105, 328], [106, 329], [109, 329], [110, 330], [114, 330], [115, 331], [117, 331], [118, 332], [121, 332], [122, 333], [125, 333], [126, 334], [129, 334], [130, 335], [134, 335], [135, 336], [138, 336], [139, 337], [143, 337], [144, 338], [146, 338], [147, 339], [151, 339], [152, 340], [155, 340], [156, 341], [159, 341], [160, 342], [164, 342], [165, 343], [167, 343], [168, 344], [172, 344], [173, 345], [175, 345], [176, 346], [177, 345], [178, 346], [182, 346], [183, 347], [186, 347], [187, 348], [191, 348], [192, 349], [195, 349], [196, 350], [201, 350], [202, 351], [204, 351], [205, 352], [209, 352], [210, 353], [214, 353], [215, 354], [218, 354], [219, 355], [224, 355], [225, 356], [228, 356], [229, 357], [234, 357], [235, 358], [238, 358], [239, 359], [243, 359], [244, 360], [247, 360], [248, 361], [251, 361], [252, 362], [255, 362], [256, 363], [261, 363], [262, 364], [266, 364], [267, 365], [270, 365], [271, 366], [274, 366], [275, 367], [278, 367], [279, 368], [282, 368], [283, 369], [287, 369], [288, 370], [291, 370], [292, 371], [296, 371], [297, 372], [300, 372], [301, 373], [304, 373], [305, 374], [308, 374], [309, 375], [313, 375], [314, 376], [317, 376], [318, 377], [320, 377], [321, 378], [325, 378], [326, 379], [329, 379], [330, 380], [333, 380], [334, 381], [337, 381], [338, 382], [341, 382], [342, 383], [344, 383], [345, 384], [349, 384], [350, 385], [353, 385], [354, 386], [357, 386], [358, 387], [361, 387], [362, 388], [364, 388], [365, 389], [368, 389], [369, 390], [373, 390], [374, 391], [378, 391], [379, 392], [381, 392], [382, 393], [386, 393], [387, 394], [389, 394], [390, 395], [396, 395], [397, 396], [400, 396], [401, 397], [405, 397], [406, 398], [409, 398], [410, 399], [414, 399], [415, 400], [417, 400], [418, 401], [421, 401], [422, 402], [426, 402], [427, 403], [429, 403], [430, 404], [436, 404], [437, 405], [439, 405], [440, 406], [445, 406], [446, 407], [449, 407], [450, 408], [453, 408], [454, 409], [457, 409], [458, 410], [463, 410], [464, 411], [466, 411], [467, 412], [472, 412], [473, 413], [476, 413], [477, 414], [482, 414], [483, 415], [486, 415], [487, 416], [489, 416], [490, 417], [494, 417], [495, 418], [498, 418], [499, 419], [504, 419], [505, 420], [508, 420], [509, 421], [513, 421], [514, 422], [517, 422], [518, 423], [523, 423], [524, 424], [527, 424], [528, 425], [533, 425], [534, 426], [535, 426], [536, 427], [537, 426], [538, 427], [542, 427], [543, 428], [546, 428], [547, 429], [550, 429], [551, 430], [555, 430], [556, 431], [560, 431], [561, 432], [564, 432], [565, 433], [568, 433], [569, 434], [573, 434], [574, 435], [577, 435], [578, 436], [580, 436], [581, 437], [585, 437], [586, 438], [589, 438], [590, 439], [593, 439], [594, 440], [597, 440], [598, 441], [601, 441], [602, 442], [606, 442], [607, 443], [610, 443], [611, 444], [615, 444], [616, 445], [619, 445], [620, 446], [624, 446], [625, 447], [628, 447], [629, 448], [632, 448], [633, 449], [636, 449], [637, 450], [639, 450], [640, 451], [645, 451], [646, 452], [649, 452], [650, 453], [654, 453], [655, 454], [658, 454], [659, 455], [663, 455], [664, 456], [666, 456], [667, 457], [671, 457], [672, 458], [676, 458], [677, 459], [681, 459], [682, 460], [685, 460], [686, 461], [687, 461], [688, 462], [693, 462], [694, 463], [697, 463], [698, 464], [702, 464], [703, 465], [705, 465], [706, 466], [709, 466], [710, 467], [713, 467], [714, 468], [717, 468], [718, 469], [721, 469], [722, 470], [725, 470], [726, 471], [729, 471], [730, 472], [732, 472], [733, 473], [737, 473], [738, 474], [740, 472], [740, 471], [741, 470], [741, 469], [742, 468], [742, 465], [743, 464], [743, 461], [744, 460], [744, 458], [745, 457], [745, 454], [746, 453], [746, 450], [747, 449], [747, 446], [748, 445], [748, 442], [749, 441], [749, 438], [750, 437], [750, 434], [751, 433], [751, 429], [752, 428], [752, 424], [753, 423], [753, 419], [754, 418], [754, 414], [755, 413], [755, 409], [756, 408], [756, 406], [757, 405], [757, 401], [758, 400], [758, 398], [759, 397], [759, 393], [760, 392], [760, 389], [761, 388], [761, 385], [762, 384], [762, 378], [763, 377], [763, 375], [764, 374], [764, 370], [765, 369], [765, 366], [766, 365], [766, 361], [767, 360], [767, 357], [768, 356], [768, 352], [769, 351], [769, 348], [770, 347], [770, 343], [771, 342], [771, 340], [772, 339], [772, 336], [773, 335], [773, 331], [774, 330], [774, 327], [775, 326], [775, 323], [776, 322], [776, 318], [777, 317], [777, 314], [778, 313], [778, 311], [779, 310], [779, 304], [778, 303], [777, 303], [776, 302], [772, 302], [771, 301], [768, 301], [767, 300], [764, 300], [763, 299], [759, 299], [758, 298], [755, 298], [754, 297], [751, 297], [750, 296], [747, 296], [746, 295], [742, 295], [741, 294], [738, 294], [737, 293], [735, 293], [734, 292], [729, 292], [728, 291], [725, 291], [724, 290], [721, 290], [720, 289], [717, 289], [716, 288], [711, 288], [710, 287], [708, 287], [707, 286], [703, 286], [702, 285], [700, 285], [699, 284], [694, 284], [693, 283], [691, 283], [690, 282], [684, 282], [683, 281], [680, 281], [679, 280], [675, 280], [674, 279], [673, 279], [672, 278], [666, 278], [665, 277], [664, 277], [663, 276], [657, 276], [656, 275], [655, 275], [654, 274], [653, 275], [652, 274], [648, 274], [647, 273], [645, 273], [644, 272], [639, 272], [638, 271], [637, 271], [636, 270], [631, 270], [630, 269], [628, 269], [627, 268], [623, 268], [622, 267], [620, 267], [619, 266], [615, 266], [614, 265], [612, 265], [611, 264], [607, 264], [606, 263], [604, 263], [603, 262], [597, 262], [596, 261], [595, 261], [594, 260], [589, 260], [588, 259], [585, 259], [584, 258], [579, 258], [578, 257], [575, 257], [574, 256], [570, 256], [569, 255], [565, 255], [564, 254], [560, 254], [559, 253], [556, 253], [555, 252], [554, 252], [553, 251], [547, 251], [546, 250], [543, 250], [542, 249], [537, 249], [536, 248], [533, 248], [532, 247], [531, 248], [530, 247], [527, 247], [526, 246], [524, 246], [523, 245], [517, 245], [516, 244], [515, 244], [514, 243], [507, 243], [506, 242], [504, 242], [503, 241], [498, 241], [497, 240], [494, 240], [493, 239], [488, 239], [487, 238], [485, 238], [484, 237], [479, 237], [478, 236], [476, 236], [475, 235], [469, 235], [468, 234], [466, 234], [465, 233], [462, 233], [461, 232], [457, 232], [456, 231], [453, 231], [452, 230], [449, 230], [448, 229], [445, 229], [444, 228], [441, 228], [440, 227], [437, 227], [436, 226], [431, 226], [430, 225], [428, 225], [427, 224], 