{"cx": 413.42840576171875, "cy": 305.8060302734375, "length": 175.83749389648438, "width": 389.3624572753906, "depth": 80.25975799560547, "rotation": -89.49071502685547, "boundary": [[290, 217], [289, 218], [289, 219], [288, 220], [288, 221], [287, 222], [287, 224], [286, 225], [286, 226], [284, 228], [284, 231], [281, 234], [281, 238], [280, 239], [280, 240], [279, 241], [279, 243], [278, 244], [278, 245], [277, 246], [276, 246], [275, 247], [275, 248], [274, 249], [275, 250], [275, 253], [274, 254], [274, 255], [273, 256], [273, 257], [272, 258], [272, 259], [271, 260], [271, 262], [270, 263], [270, 265], [269, 266], [269, 268], [268, 269], [268, 270], [267, 271], [267, 272], [266, 273], [266, 274], [265, 275], [265, 277], [264, 278], [264, 279], [263, 280], [263, 283], [262, 284], [262, 285], [261, 286], [261, 287], [259, 289], [259, 290], [258, 291], [258, 293], [257, 294], [257, 296], [256, 297], [256, 299], [255, 300], [255, 301], [254, 302], [254, 304], [253, 305], [253, 307], [252, 308], [252, 309], [251, 310], [251, 311], [250, 312], [250, 314], [249, 315], [249, 316], [248, 317], [248, 319], [247, 320], [247, 321], [246, 322], [246, 324], [245, 325], [245, 326], [244, 327], [244, 329], [243, 330], [243, 331], [242, 332], [242, 333], [241, 334], [241, 336], [240, 337], [240, 338], [239, 339], [239, 340], [238, 341], [238, 343], [237, 344], [237, 345], [236, 346], [236, 347], [235, 348], [235, 350], [234, 351], [234, 352], [233, 353], [233, 355], [232, 356], [232, 357], [231, 358], [231, 359], [230, 360], [230, 362], [229, 363], [229, 365], [228, 366], [228, 367], [227, 368], [227, 369], [226, 370], [226, 371], [225, 372], [225, 373], [224, 374], [224, 376], [223, 377], [223, 378], [222, 379], [222, 381], [221, 382], [221, 383], [220, 384], [220, 385], [219, 386], [219, 388], [218, 389], [218, 391], [219, 392], [232, 392], [233, 391], [263, 391], [264, 392], [265, 391], [266, 392], [267, 391], [268, 392], [287, 392], [288, 391], [289, 392], [290, 391], [291, 392], [369, 392], [370, 393], [443, 393], [444, 394], [445, 393], [454, 393], [455, 394], [456, 393], [457, 393], [458, 394], [459, 393], [460, 394], [461, 393], [462, 394], [463, 393], [464, 393], [465, 394], [466, 393], [467, 394], [601, 394], [602, 393], [603, 393], [603, 390], [604, 389], [604, 379], [605, 378], [605, 376], [604, 375], [604, 373], [603, 372], [603, 371], [604, 370], [603, 369], [604, 368], [604, 358], [605, 357], [605, 341], [604, 340], [604, 326], [605, 325], [605, 322], [608, 319], [604, 315], [604, 307], [605, 306], [605, 297], [604, 296], [604, 287], [605, 286], [605, 284], [604, 283], [604, 279], [606, 277], [606, 276], [605, 275], [605, 252], [606, 251], [606, 250], [605, 249], [605, 247], [604, 246], [604, 244], [605, 243], [605, 239], [606, 238], [606, 234], [607, 233], [605, 231], [605, 220], [602, 220], [601, 221], [531, 221], [530, 220], [529, 221], [528, 220], [475, 220], [474, 219], [473, 220], [472, 219], [471, 220], [467, 220], [466, 219], [393, 219], [392, 218], [315, 218], [314, 217]], "holes": []}