{"cx": 421.5723571777344, "cy": 303.4888000488281, "length": 178.02256774902344, "width": 547.40576171875, "depth": 84.74073791503906, "rotation": -88.62347412109375, "boundary": [[258, 212], [253, 217], [253, 218], [250, 221], [250, 222], [248, 224], [248, 225], [246, 227], [246, 228], [244, 230], [244, 231], [242, 233], [242, 234], [240, 236], [240, 237], [239, 238], [239, 239], [237, 241], [237, 242], [235, 244], [235, 245], [232, 248], [232, 249], [230, 251], [230, 252], [228, 254], [228, 255], [226, 257], [226, 258], [225, 259], [225, 260], [222, 263], [222, 264], [220, 266], [220, 267], [219, 268], [219, 269], [216, 272], [216, 273], [214, 275], [214, 276], [211, 279], [211, 280], [209, 282], [209, 283], [207, 285], [207, 286], [205, 288], [205, 289], [203, 291], [203, 292], [201, 294], [201, 295], [199, 297], [199, 298], [197, 300], [197, 301], [195, 303], [195, 304], [193, 306], [193, 307], [192, 308], [192, 309], [190, 311], [190, 312], [188, 314], [188, 315], [187, 316], [187, 317], [185, 319], [185, 320], [183, 322], [183, 323], [181, 325], [181, 326], [180, 327], [180, 328], [178, 330], [178, 331], [176, 333], [176, 334], [173, 337], [173, 338], [172, 339], [172, 340], [171, 341], [171, 342], [169, 344], [169, 345], [167, 347], [167, 348], [165, 350], [165, 351], [163, 353], [163, 354], [162, 355], [162, 356], [159, 359], [159, 360], [158, 361], [158, 362], [156, 364], [156, 365], [154, 367], [154, 368], [152, 370], [152, 371], [150, 373], [150, 374], [146, 378], [146, 384], [147, 384], [148, 385], [149, 385], [150, 386], [151, 385], [164, 385], [165, 386], [201, 386], [202, 387], [238, 387], [239, 388], [288, 388], [289, 389], [342, 389], [343, 390], [376, 390], [377, 391], [378, 390], [379, 391], [422, 391], [423, 392], [424, 391], [425, 392], [479, 392], [480, 393], [523, 393], [524, 394], [556, 394], [557, 395], [558, 394], [559, 395], [597, 395], [598, 396], [639, 396], [640, 397], [660, 397], [661, 398], [687, 398], [688, 397], [689, 397], [691, 399], [690, 398], [690, 397], [689, 396], [689, 395], [688, 394], [688, 392], [689, 391], [689, 388], [688, 387], [688, 381], [689, 380], [689, 376], [688, 375], [688, 368], [689, 367], [689, 355], [690, 354], [690, 353], [689, 352], [689, 343], [690, 342], [689, 341], [690, 340], [690, 331], [691, 330], [691, 327], [692, 326], [692, 319], [691, 318], [691, 308], [692, 307], [692, 303], [693, 302], [694, 302], [694, 301], [693, 300], [693, 298], [692, 297], [692, 281], [691, 280], [691, 272], [692, 271], [692, 269], [693, 268], [693, 264], [692, 263], [693, 262], [693, 256], [692, 255], [692, 249], [693, 248], [693, 247], [694, 246], [694, 244], [693, 243], [693, 239], [697, 235], [695, 235], [693, 233], [693, 232], [695, 230], [694, 229], [694, 226], [696, 224], [695, 223], [693, 223], [692, 222], [669, 222], [668, 221], [626, 221], [625, 220], [595, 220], [594, 219], [542, 219], [541, 218], [540, 219], [539, 218], [512, 218], [511, 217], [487, 217], [486, 216], [435, 216], [434, 215], [433, 216], [432, 215], [371, 215], [370, 214], [308, 214], [307, 213], [268, 213], [267, 212]], "holes": []}