{"cx": 380.3691711425781, "cy": 283.64617919921875, "length": 762.3173828125, "width": 177.12158203125, "depth": 81.04303741455078, "rotation": -29.744882583618164, "boundary": [[512, 108], [511, 109], [508, 109], [506, 111], [505, 111], [504, 112], [503, 112], [502, 113], [501, 113], [499, 115], [498, 115], [497, 116], [496, 116], [495, 117], [494, 117], [492, 119], [491, 119], [489, 121], [488, 121], [487, 122], [486, 122], [485, 123], [484, 123], [482, 125], [481, 125], [480, 126], [479, 126], [478, 127], [477, 127], [476, 128], [475, 128], [473, 130], [472, 130], [471, 131], [470, 131], [468, 133], [467, 133], [466, 134], [465, 134], [464, 135], [463, 135], [462, 136], [461, 136], [459, 138], [458, 138], [457, 139], [456, 139], [454, 141], [453, 141], [452, 142], [451, 142], [449, 144], [448, 144], [447, 145], [446, 145], [445, 146], [444, 146], [442, 148], [441, 148], [440, 149], [439, 149], [438, 150], [437, 150], [435, 152], [434, 152], [433, 153], [432, 153], [431, 154], [430, 154], [428, 156], [427, 156], [426, 157], [425, 157], [424, 158], [423, 158], [421, 160], [420, 160], [418, 162], [417, 162], [416, 163], [415, 163], [414, 164], [413, 164], [411, 166], [410, 166], [409, 167], [408, 167], [407, 168], [406, 168], [404, 170], [403, 170], [402, 171], [401, 171], [400, 172], [399, 172], [398, 173], [397, 173], [395, 175], [394, 175], [393, 176], [392, 176], [391, 177], [390, 177], [389, 178], [388, 178], [386, 180], [385, 180], [384, 181], [383, 181], [382, 182], [381, 182], [379, 184], [378, 184], [377, 185], [376, 185], [375, 186], [374, 186], [373, 187], [372, 187], [370, 189], [369, 189], [367, 191], [366, 191], [365, 192], [363, 192], [361, 194], [360, 194], [359, 195], [358, 195], [357, 196], [356, 196], [354, 198], [353, 198], [352, 199], [351, 199], [349, 201], [348, 201], [347, 202], [346, 202], [344, 204], [343, 204], [342, 205], [341, 205], [340, 206], [339, 206], [337, 208], [336, 208], [335, 209], [334, 209], [333, 210], [332, 210], [330, 212], [329, 212], [328, 213], [327, 213], [326, 214], [325, 214], [324, 215], [323, 215], [322, 216], [321, 216], [319, 218], [318, 218], [316, 220], [315, 220], [314, 221], [313, 221], [311, 223], [310, 223], [309, 224], [308, 224], [307, 225], [306, 225], [305, 226], [304, 226], [302, 228], [301, 228], [300, 229], [299, 229], [298, 230], [297, 230], [295, 232], [293, 232], [291, 234], [290, 234], [288, 236], [287, 236], [286, 237], [285, 237], [284, 238], [283, 238], [282, 239], [281, 239], [280, 240], [279, 240], [277, 242], [276, 242], [275, 243], [274, 243], [273, 244], [272, 244], [270, 246], [269, 246], [268, 247], [267, 247], [266, 248], [265, 248], [263, 250], [262, 250], [261, 251], [260, 251], [259, 252], [258, 252], [256, 254], [255, 254], [254, 255], [253, 255], [252, 256], [251, 256], [249, 258], [248, 258], [247, 259], [246, 259], [245, 260], [244, 260], [242, 262], [241, 262], [240, 263], [239, 263], [238, 264], [237, 264], [235, 266], [234, 266], [233, 267], [232, 267], [231, 268], [230, 268], [229, 269], [228, 269], [227, 270], [226, 270], [224, 272], [223, 272], [221, 274], [220, 274], [219, 275], [218, 275], [217, 276], [216, 276], [215, 277], [214, 277], [213, 278], [212, 278], [210, 280], [209, 280], [208, 281], [207, 281], [206, 282], [205, 282], [204, 283], [203, 283], [200, 286], [198, 286], [196, 288], [195, 288], [194, 289], [193, 289], [192, 290], [191, 290], [189, 292], [188, 292], [186, 294], [185, 294], [184, 295], [183, 295], [182, 296], [181, 296], [180, 297], [179, 297], [177, 299], [176, 299], [175, 300], [174, 300], [173, 301], [172, 301], [171, 302], [170, 302], [168, 304], [167, 304], [166, 305], [165, 305], [164, 306], [163, 306], [161, 308], [160, 308], [158, 310], [157, 310], [156, 311], [156, 312], [155, 313], [155, 315], [154, 316], [154, 317], [153, 318], [153, 321], [152, 322], [152, 325], [151, 326], [151, 329], [150, 330], [150, 333], [149, 334], [149, 336], [148, 337], [148, 340], [147, 341], [147, 343], [146, 344], [146, 347], [145, 348], [145, 351], [144, 352], [144, 355], [143, 356], [143, 359], [142, 360], [142, 363], [141, 364], [141, 366], [140, 367], [140, 370], [139, 371], [139, 373], [138, 374], [138, 378], [137, 379], [137, 381], [136, 382], [136, 386], [135, 387], [135, 389], [134, 390], [134, 393], [133, 394], [133, 397], [132, 398], [132, 400], [131, 401], [131, 404], [130, 405], [130, 409], [129, 410], [129, 413], [128, 414], [128, 417], [127, 418], [127, 420], [126, 421], [126, 424], [125, 425], [125, 428], [124, 429], [124, 431], [123, 432], [123, 436], [122, 437], [122, 439], [121, 440], [121, 443], [120, 444], [120, 447], [119, 448], [119, 450], [118, 451], [118, 455], [117, 456], [117, 459], [116, 460], [116, 462], [115, 463], [115, 466], [114, 467], [114, 470], [113, 471], [113, 473], [112, 474], [112, 477], [111, 478], [111, 481], [110, 482], [110, 484], [109, 485], [109, 489], [108, 490], [108, 492], [107, 493], [107, 495], [106, 496], [106, 500], [105, 501], [105, 504], [104, 505], [104, 507], [103, 508], [103, 511], [102, 512], [102, 515], [101, 516], [101, 519], [100, 520], [100, 522], [99, 523], [99, 525], [98, 526], [98, 530], [97, 531], [97, 533], [96, 534], [96, 538], [95, 539], [95, 541], [94, 542], [94, 544], [93, 545], [93, 549], [94, 549], [95, 548], [96, 548], [97, 547], [98, 547], [100, 545], [101, 545], [103, 543], [104, 543], [106, 541], [107, 541], [108, 540], [109, 540], [110, 539], [111, 539], [113, 537], [114, 537], [115, 536], [116, 536], [118, 534], [119, 534], [120, 533], [121, 533], [122, 532], [123, 532], [125, 530], [126, 530], [127, 529], [128, 529], [130, 527], [131, 527], [132, 526], [133, 526], [135, 524], [136, 524], [137, 523], [138, 523], [139, 522], [140, 522], [141, 521], [142, 521], [144, 519], [145, 519], [146, 518], [147, 518], [149, 516], [150, 516], [151, 515], [152, 515], [154, 513], [155, 513], [156, 512], [157, 512], [158, 511], [159, 511], [161, 509], [162, 509], [163, 508], [164, 508], [165, 507], [166, 507], [168, 505], [169, 505], [170, 504], [171, 504], [173, 502], [174, 502], [175, 501], [176, 501], [177, 500], [178, 500], [179, 499], [180, 499], [182, 497], [183, 497], [184, 496], [185, 496], [187, 494], [188, 494], [189, 493], [190, 493], [192, 491], [193, 491], [194, 490], [195, 490], [196, 489], [197, 489], [199, 487], [200, 487], [201, 486], [202, 486], [204, 484], [205, 484], [206, 483], [207, 483], [208, 482], [209, 482], [211, 480], [212, 480], [213, 479], [214, 479], [215, 478], [216, 478], [218, 476], [219, 476], [220, 475], [221, 475], [222, 474], [223, 474], [225, 472], [226, 472], [227, 471], [228, 471], [229, 470], [230, 470], [232, 468], [233, 468], [234, 467], [235, 467], [236, 466], [237, 466], [238, 465], [239, 465], [240, 464], [241, 464], [243, 462], [244, 462], [246, 460], [247, 460], [248, 459], [249, 459], [250, 458], [251, 458], [253, 456], [254, 456], [255, 455], [256, 455], [258, 453], [259, 453], [260, 452], [261, 452], [262, 451], [263, 451], [264, 450], [265, 450], [267, 448], [268, 448], [269, 447], [270, 447], [271, 446], [272, 446], [274, 444], [275, 444], [277, 442], [278, 442], [279, 441], [280, 441], [281, 440], [282, 440], [283, 439], [284, 439], [286, 437], [287, 437], [288, 436], [289, 436], [290, 435], [291, 435], [292, 434], [293, 434], [295, 432], [296, 432], [298, 430], [299, 430], [300, 429], [301, 429], [303, 427], [304, 427], [305, 426], [306, 426], [308, 424], [309, 424], [310, 423], [311, 423], [312, 422], [313, 422], [314, 421], [315, 421], [317, 419], [318, 419], [319, 418], [320, 418], [321, 417], [322, 417], [323, 416], [324, 416], [326, 414], [327, 414], [328, 413], [329, 413], [331, 411], [332, 411], [333, 410], [334, 410], [336, 408], [337, 408], [338, 407], [339, 407], [341, 405], [342, 405], [343, 404], [344, 404], [345, 403], [346, 403], [347, 402], [348, 402], [349, 401], [350, 401], [352, 399], [353, 399], [354, 398], [355, 398], [356, 397], [357, 397], [359, 395], [360, 395], [361, 394], [362, 394], [363, 393], [364,