{"cx": 398.3392639160156, "cy": 266.735595703125, "length": 176.4449920654297, "width": 760.7916259765625, "depth": 82.84591674804688, "rotation": -58.357601165771484, "boundary": [[210, 50], [209, 51], [208, 51], [207, 52], [206, 52], [205, 53], [204, 53], [203, 54], [202, 54], [201, 55], [200, 55], [199, 56], [198, 56], [197, 57], [196, 57], [195, 58], [194, 58], [193, 59], [192, 59], [191, 60], [190, 60], [189, 61], [188, 61], [187, 62], [186, 62], [185, 63], [184, 63], [183, 64], [182, 64], [181, 65], [180, 65], [179, 66], [177, 66], [175, 68], [173, 68], [171, 70], [170, 70], [169, 71], [168, 71], [167, 72], [166, 72], [165, 73], [164, 73], [163, 74], [162, 74], [160, 76], [158, 76], [156, 78], [154, 78], [152, 80], [150, 80], [149, 81], [148, 81], [147, 82], [146, 82], [144, 84], [142, 84], [140, 86], [138, 86], [137, 87], [136, 87], [135, 88], [134, 88], [132, 90], [130, 90], [129, 91], [128, 91], [127, 92], [126, 92], [125, 93], [124, 93], [123, 94], [122, 94], [121, 95], [120, 95], [119, 96], [118, 96], [117, 97], [116, 97], [115, 98], [114, 98], [113, 99], [112, 99], [111, 100], [110, 100], [109, 101], [108, 101], [107, 102], [106, 102], [105, 103], [104, 103], [102, 105], [101, 105], [100, 106], [99, 106], [98, 107], [97, 107], [96, 108], [95, 108], [94, 109], [93, 109], [92, 110], [90, 110], [88, 112], [86, 112], [85, 113], [84, 113], [83, 114], [82, 114], [81, 115], [80, 115], [79, 116], [78, 116], [76, 118], [75, 118], [74, 119], [72, 119], [70, 121], [69, 121], [68, 122], [67, 122], [66, 123], [65, 123], [64, 124], [63, 124], [62, 125], [61, 125], [60, 126], [59, 126], [58, 127], [56, 127], [54, 129], [52, 129], [50, 131], [48, 131], [46, 133], [44, 133], [42, 135], [40, 135], [38, 137], [36, 137], [34, 139], [32, 139], [30, 141], [29, 141], [29, 142], [31, 144], [32, 144], [33, 145], [34, 145], [36, 147], [37, 147], [38, 148], [39, 148], [41, 150], [42, 150], [43, 151], [44, 151], [46, 153], [47, 153], [48, 154], [49, 154], [51, 156], [52, 156], [53, 157], [54, 157], [56, 159], [57, 159], [59, 161], [60, 161], [62, 163], [63, 163], [64, 164], [65, 164], [67, 166], [68, 166], [69, 167], [70, 167], [72, 169], [73, 169], [74, 170], [75, 170], [77, 172], [78, 172], [79, 173], [80, 173], [82, 175], [83, 175], [85, 177], [86, 177], [87, 178], [88, 178], [89, 179], [90, 179], [92, 181], [93, 181], [95, 183], [96, 183], [97, 184], [98, 184], [100, 186], [101, 186], [102, 187], [103, 187], [105, 189], [106, 189], [107, 190], [108, 190], [110, 192], [111, 192], [112, 193], [113, 193], [115, 195], [116, 195], [117, 196], [118, 196], [120, 198], [121, 198], [122, 199], [123, 199], [125, 201], [126, 201], [127, 202], [128, 202], [129, 203], [130, 203], [132, 205], [133, 205], [135, 207], [136, 207], [137, 208], [138, 208], [141, 211], [142, 211], [143, 212], [144, 212], [146, 214], [147, 214], [149, 216], [151, 216], [153, 218], [154, 218], [156, 220], [158, 220], [159, 221], [159, 222], [161, 222], [163, 224], [164, 224], [165, 225], [166, 225], [167, 226], [168, 226], [171, 229], [172, 229], [173, 230], [174, 230], [175, 231], [176, 231], [178, 233], [179, 233], [181, 235], [183, 235], [185, 237], [186, 237], [188, 239], [189, 239], [191, 241], [193, 241], [194, 242], [194, 243], [196, 243], [199, 246], [200, 246], [201, 247], [202, 247], [204, 249], [205, 249], [206, 250], [207, 250], [209, 252], [210, 252], [214, 256], [216, 256], [218, 258], [220, 258], [222, 260], [224, 260], [225, 261], [225, 262], [226, 262], [227, 263], [228, 263], [230, 265], [231, 265], [233, 267], [234, 267], [236, 269], [238, 269], [239, 270], [239, 271], [241, 271], [243, 273], [244, 273], [246, 275], [247, 275], [249, 277], [250, 277], [252, 279], [253, 279], [255, 281], [256, 281], [257, 282], [258, 282], [260, 284], [262, 284], [263, 285], [263, 286], [265, 286], [267, 288], [268, 288], [270, 290], [271, 290], [272, 291], [273, 291], [274, 292], [275, 292], [277, 294], [278, 294], [280, 296], [281, 296], [283, 298], [284, 298], [286, 300], [288, 300], [290, 302], [291, 302], [293, 304], [294, 304], [296, 306], [297, 306], [298, 307], [299, 307], [300, 308], [301, 308], [304, 311], [305, 311], [306, 312], [307, 312], [308, 313], [309, 313], [310, 314], [311, 314], [314, 317], [315, 317], [316, 318], [317, 318], [318, 319], [319, 319], [320, 320], [320, 321], [321, 321], [322, 322], [323, 322], [324, 323], [325, 323], [327, 325], [328, 325], [330, 327], [332, 327], [335, 330], [336, 330], [338, 332], [339, 332], [341, 334], [342, 334], [343, 335], [344, 335], [346, 337], [347, 337], [348, 338], [349, 338], [351, 340], [352, 340], [354, 342], [355, 342], [357, 344], [358, 344], [359, 345], [360, 345], [361, 346], [362, 346], [364, 348], [365, 348], [367, 350], [368, 350], [369, 351], [370, 351], [371, 352], [372, 352], [374, 354], [375, 354], [377, 356], [378, 356], [380, 358], [382, 358], [385, 361], [386, 361], [387, 362], [388, 362], [390, 364], [391, 364], [393, 366], [394, 366], [395, 367], [396, 367], [398, 369], [399, 369], [400, 370], [401, 370], [402, 371], [403, 371], [405, 373], [406, 373], [408, 375], [409, 375], [410, 376], [411, 376], [414, 379], [416, 379], [418, 381], [419, 381], [420, 382], [421, 382], [423, 384], [424, 384], [425, 385], [426, 385], [428, 387], [429, 387], [431, 389], [432, 389], [434, 391], [435, 391], [436, 392], [437, 392], [439, 394], [440, 394], [441, 395], [442, 395], [444, 397], [445, 397], [447, 399], [448, 399], [450, 401], [452, 401], [455, 404], [456, 404], [458, 406], [459, 406], [460, 407], [461, 407], [462, 408], [463, 408], [465, 410], [466, 410], [468, 412], [469, 412], [471, 414], [473, 414], [475, 416], [476, 416], [478, 418], [479, 418], [481, 420], [483, 420], [487, 424], [489, 424], [491, 426], [492, 426], [494, 428], [495, 428], [497, 430], [498, 430], [499, 431], [500, 431], [503, 434], [504, 434], [505, 435], [506, 435], [508, 437], [509, 437], [510, 438], [511, 438], [513, 440], [514, 440], [515, 441], [516, 441], [519, 444], [520, 444], [521, 445], [522, 445], [524, 447], [525, 447], [526, 448], [527, 448], [528, 449], [529, 449], [531, 451], [532, 451], [534, 453], [535, 453], [536, 454], [537, 454], [539, 456], [540, 456], [542, 458], [543, 458], [544, 459], [545, 459], [546, 460], [547, 460], [550, 463], [551, 463], [552, 464], [553, 464], [555, 466], [556, 466], [558, 468], [559, 468], [561, 470], [563, 470], [565, 472], [566, 472], [568, 474], [569, 474], [570, 475], [571, 475], [572, 476], [573, 476], [576, 479], [577, 479], [578, 480], [579, 480], [581, 482], [582, 482], [583, 483], [584, 483], [586, 485], [587, 485], [588, 486], [589, 486], [591, 488], [592, 488], [593, 489], [594, 489], [596, 491], [597, 491], [599, 493], [600, 493], [602, 495], [603, 495], [604, 496], [605, 496], [607, 498], [608, 498], [609, 499], [610, 499], [612, 501], [613, 501], [615, 503], [616, 503], [618, 505], [620, 505], [623, 508], [624, 508], [625, 509], [626, 509], [629, 512], [631, 512], [633, 514], [634, 514], [636, 516], [637, 516], [639, 518], [640, 518], [641, 519], [642, 519], [643, 520], [644, 520], [647, 523], [648, 523], [649, 524], [650, 524], [652, 526], [653, 526], [654, 527], [655, 527], [657, 529], [658, 529], [660, 531], [661, 531], [663, 533], [664, 533], [665, 534], [666, 534], [669, 537], [670, 537], [672, 539], [673, 539], [674, 540], [676, 540], [678, 538], [678, 527], [679, 526], [679, 524], [680, 523], [680, 517], [681, 516], [681, 512], [682, 511], [682, 505], [683, 504], [683, 499], [684, 498], [684, 493], [685, 492], [685, 487], [686, 486], [686, 481], [687, 480], [687, 477], [688, 476], [688, 475], [687, 474], [687, 473], [688, 472], [688, 470], [689, 469], [688, 468], [689, 467], [689, 462], [690, 461], [690, 458], [691, 457], [690, 456], [691, 455], [691, 451], [692, 450], [692, 446], [693, 445], [693, 437], [694, 436], [694, 434], [695, 433], [695, 426], [696, 425], [696, 420], [697, 419], [697, 414], [698, 413], [698, 407], [699, 406], [699, 401], [700, 400], [700, 394], [701, 393], 