{"cx": 460.7092590332031, "cy": 266.710205078125, "length": 178.52923583984375, "width": 767.3876342773438, "depth": 81.04004669189453, "rotation": -70.1488265991211, "boundary": [[229, 93], [228, 94], [227, 94], [224, 97], [223, 97], [222, 98], [221, 98], [216, 103], [215, 103], [213, 105], [211, 105], [211, 106], [206, 111], [205, 111], [201, 115], [200, 115], [196, 119], [195, 119], [193, 121], [192, 121], [188, 125], [187, 125], [179, 133], [178, 133], [177, 134], [176, 134], [170, 140], [169, 140], [166, 143], [165, 143], [161, 147], [160, 147], [155, 152], [154, 152], [151, 155], [150, 155], [145, 160], [144, 160], [141, 163], [140, 163], [138, 165], [137, 165], [132, 170], [131, 170], [129, 172], [128, 172], [123, 177], [122, 177], [119, 180], [118, 180], [115, 183], [114, 183], [110, 187], [109, 187], [106, 190], [105, 190], [100, 195], [99, 195], [96, 198], [95, 198], [92, 201], [91, 201], [86, 206], [85, 206], [81, 210], [80, 210], [77, 213], [76, 213], [70, 219], [70, 220], [71, 220], [72, 221], [73, 221], [74, 222], [76, 222], [77, 223], [80, 223], [81, 224], [83, 224], [84, 225], [87, 225], [88, 226], [90, 226], [91, 227], [92, 227], [93, 228], [94, 228], [95, 229], [98, 229], [99, 230], [101, 230], [102, 231], [104, 231], [105, 232], [106, 232], [107, 233], [109, 233], [110, 234], [112, 234], [113, 235], [115, 235], [116, 236], [118, 236], [119, 237], [120, 237], [121, 238], [123, 238], [124, 239], [126, 239], [127, 240], [129, 240], [130, 241], [132, 241], [133, 242], [135, 242], [136, 243], [138, 243], [139, 244], [140, 244], [141, 245], [143, 245], [144, 246], [146, 246], [147, 247], [149, 247], [150, 248], [151, 248], [152, 249], [154, 249], [155, 250], [157, 250], [158, 251], [159, 251], [160, 252], [163, 252], [164, 253], [165, 253], [166, 254], [168, 254], [169, 255], [170, 255], [171, 256], [173, 256], [174, 257], [176, 257], [177, 258], [179, 258], [180, 259], [182, 259], [183, 260], [184, 260], [185, 261], [187, 261], [188, 262], [190, 262], [191, 263], [192, 263], [193, 264], [195, 264], [196, 265], [199, 265], [200, 266], [201, 266], [202, 267], [204, 267], [205, 268], [207, 268], [208, 269], [210, 269], [211, 270], [212, 270], [213, 271], [214, 271], [215, 272], [217, 272], [218, 273], [221, 273], [222, 274], [223, 274], [224, 275], [227, 275], [228, 276], [229, 276], [230, 277], [232, 277], [233, 278], [235, 278], [236, 279], [237, 279], [238, 280], [240, 280], [241, 281], [243, 281], [244, 282], [246, 282], [247, 283], [248, 283], [249, 284], [251, 284], [252, 285], [254, 285], [255, 286], [257, 286], [258, 287], [260, 287], [261, 288], [263, 288], [264, 289], [265, 289], [266, 290], [268, 290], [269, 291], [270, 291], [271, 292], [273, 292], [274, 293], [276, 293], [277, 294], [279, 294], [280, 295], [282, 295], [283, 296], [285, 296], [286, 297], [287, 297], [288, 298], [290, 298], [291, 299], [293, 299], [294, 300], [295, 300], [296, 301], [299, 301], [300, 302], [301, 302], [302, 303], [304, 303], [305, 304], [307, 304], [308, 305], [310, 305], [311, 306], [312, 306], [313, 307], [315, 307], [316, 308], [318, 308], [319, 309], [321, 309], [322, 310], [324, 310], [325, 311], [326, 311], [327, 312], [329, 312], [330, 313], [332, 313], [333, 314], [335, 314], [336, 315], [338, 315], [339, 316], [340, 316], [341, 317], [342, 317], [343, 318], [344, 317], [345, 318], [346, 318], [347, 319], [349, 319], [350, 320], [351, 320], [352, 321], [354, 321], [355, 322], [357, 322], [358, 323], [360, 323], [361, 324], [363, 324], [364, 325], [365, 325], [366, 326], [368, 326], [369, 327], [371, 327], [372, 328], [374, 328], [375, 329], [376, 329], [377, 330], [380, 330], [381, 331], [383, 331], [384, 332], [385, 332], [386, 333], [388, 333], [389, 334], [391, 334], [392, 335], [393, 335], [394, 336], [396, 336], [397, 337], [398, 337], [399, 338], [401, 338], [402, 339], [404, 339], [405, 340], [406, 340], [407, 341], [410, 341], [411, 342], [412, 342], [413, 343], [415, 343], [416, 344], [418, 344], [419, 345], [421, 345], [422, 346], [423, 346], [424, 347], [426, 347], [427, 348], [429, 348], [430, 349], [432, 349], [433, 350], [434, 350], [435, 351], [437, 351], [438, 352], [440, 352], [441, 353], [443, 353], [444, 354], [445, 354], [446, 355], [448, 355], [449, 356], [452, 356], [453, 357], [455, 357], [456, 358], [457, 358], [458, 359], [460, 359], [461, 360], [462, 360], [463, 361], [466, 361], [467, 362], [468, 362], [469, 363], [471, 363], [472, 364], [474, 364], [475, 365], [476, 365], [477, 366], [479, 366], [480, 367], [482, 367], [483, 368], [484, 368], [485, 369], [487, 369], [488, 370], [490, 370], [491, 371], [493, 371], [494, 372], [497, 372], [498, 373], [499, 373], [500, 374], [502, 374], [503, 375], [504, 375], [505, 376], [507, 376], [508, 377], [509, 377], [510, 378], [512, 378], [513, 379], [515, 379], [516, 380], [518, 380], [519, 381], [520, 381], [521, 382], [523, 382], [524, 383], [526, 383], [527, 384], [529, 384], [530, 385], [531, 385], [532, 386], [534, 386], [535, 387], [537, 387], [538, 388], [540, 388], [541, 389], [543, 389], [544, 390], [546, 390], [547, 391], [548, 391], [549, 392], [551, 392], [552, 393], [554, 393], [555, 394], [556, 394], [557, 395], [560, 395], [562, 397], [564, 397], [565, 398], [567, 398], [568, 399], [570, 399], [571, 400], [572, 400], [573, 401], [576, 401], [577, 402], [578, 402], [579, 403], [581, 403], [582, 404], [583, 404], [584, 405], [586, 405], [587, 406], [589, 406], [590, 407], [592, 407], [593, 408], [595, 408], [596, 409], [597, 409], [598, 410], [601, 410], [602, 411], [604, 411], [605, 412], [606, 412], [607, 413], [609, 413], [610, 414], [613, 414], [614, 415], [615, 415], [616, 416], [618, 416], [619, 417], [620, 417], [621, 418], [624, 418], [625, 419], [626, 419], [627, 420], [629, 420], [630, 421], [632, 421], [633, 422], [634, 422], [635, 423], [636, 423], [637, 424], [639, 424], [640, 425], [642, 425], [643, 426], [645, 426], [646, 427], [647, 427], [648, 428], [650, 428], [651, 429], [653, 429], [654, 430], [656, 430], [657, 431], [659, 431], [660, 432], [662, 432], [663, 433], [664, 433], [665, 434], [667, 434], [668, 435], [670, 435], [671, 436], [672, 436], [673, 437], [675, 437], [676, 438], [678, 438], [679, 439], [681, 439], [682, 440], [683, 440], [684, 441], [687, 441], [688, 442], [689, 442], [690, 443], [692, 443], [693, 444], [694, 444], [695, 445], [698, 445], [700, 447], [702, 447], [703, 448], [705, 448], [706, 449], [708, 449], [709, 450], [710, 450], [711, 451], [714, 451], [715, 452], [716, 452], [717, 453], [718, 453], [719, 454], [721, 454], [722, 455], [723, 455], [724, 456], [726, 456], [727, 457], [728, 457], [729, 458], [731, 458], [732, 459], [734, 459], [735, 460], [736, 460], [737, 461], [739, 461], [740, 462], [742, 462], [743, 463], [744, 463], [745, 464], [747, 464], [748, 465], [751, 465], [752, 466], [753, 466], [754, 467], [756, 467], [757, 468], [758, 468], [759, 469], [761, 469], [762, 470], [763, 470], [764, 471], [766, 471], [767, 472], [769, 472], [770, 473], [771, 473], [772, 474], [774, 474], [775, 475], [777, 475], [778, 476], [780, 476], [781, 477], [783, 477], [784, 478], [785, 478], [786, 479], [788, 479], [789, 480], [791, 480], [792, 479], [792, 473], [791, 472], [791, 469], [790, 468], [790, 464], [789, 463], [789, 459], [788, 458], [788, 454], [787, 453], [787, 449], [786, 448], [786, 444], [785, 443], [785, 439], [784, 438], [784, 434], [783, 433], [783, 429], [782, 428], [782, 425], [781, 424], [781, 419], [780, 418], [780, 415], [779, 414], [779, 410], [778, 409], [778, 405], [777, 404], [777, 400], [776, 399], [776, 394], [775, 393], [775, 389], [774, 388], [774, 386], [773, 385], [773, 382], [772, 381], [773, 380], [772, 379], [772, 377], [771, 376], [771, 371], [770, 370], [770, 366], [769, 365], [769, 361], [768, 360], [768, 356], [767, 355], [767, 352], [766, 351], [766, 347], [765, 346], [765, 341], [764, 340], [764, 337], [763, 336], [763, 332], [762, 331], [762, 327], [761, 326], [761, 322], 