{"cx": 425.55401611328125, "cy": 309.34857177734375, "length": 476.3907165527344, "width": 265.0541687011719, "depth": 92.53997802734375, "rotation": -17.80660629272461, "boundary": [[535, 135], [531, 139], [530, 139], [528, 141], [527, 141], [526, 142], [525, 142], [523, 144], [522, 144], [521, 145], [520, 145], [519, 146], [518, 146], [515, 149], [514, 149], [512, 151], [512, 152], [509, 155], [509, 156], [508, 157], [508, 158], [507, 159], [507, 160], [506, 161], [506, 162], [505, 163], [505, 165], [504, 166], [504, 168], [503, 169], [503, 171], [502, 172], [502, 173], [501, 174], [501, 176], [500, 177], [500, 178], [499, 179], [499, 180], [498, 181], [498, 182], [495, 185], [495, 186], [493, 188], [493, 189], [491, 191], [491, 192], [490, 193], [490, 194], [489, 195], [489, 196], [487, 198], [487, 199], [486, 200], [486, 201], [485, 202], [485, 203], [484, 204], [484, 205], [483, 206], [483, 207], [482, 208], [482, 209], [481, 210], [481, 211], [480, 212], [480, 213], [479, 214], [479, 215], [478, 216], [478, 217], [476, 219], [476, 220], [475, 221], [475, 222], [473, 224], [473, 225], [471, 227], [471, 228], [469, 230], [469, 231], [466, 234], [466, 235], [464, 237], [464, 238], [463, 239], [463, 240], [461, 242], [461, 243], [459, 245], [459, 246], [457, 248], [457, 249], [455, 251], [455, 252], [448, 259], [447, 259], [446, 260], [445, 260], [444, 261], [442, 261], [441, 262], [434, 262], [433, 261], [429, 261], [428, 260], [426, 260], [425, 259], [421, 259], [420, 258], [413, 258], [412, 257], [398, 257], [397, 256], [377, 256], [376, 255], [353, 255], [352, 254], [333, 254], [332, 253], [327, 253], [326, 252], [324, 252], [323, 251], [322, 251], [321, 250], [319, 250], [318, 249], [317, 249], [315, 247], [314, 247], [313, 246], [312, 246], [310, 244], [309, 244], [308, 243], [307, 243], [305, 241], [304, 241], [303, 240], [302, 240], [301, 239], [299, 239], [298, 238], [264, 238], [263, 237], [257, 237], [256, 236], [251, 236], [250, 235], [245, 235], [244, 234], [241, 234], [240, 233], [238, 233], [237, 232], [233, 232], [232, 233], [231, 233], [228, 236], [227, 236], [225, 238], [224, 238], [223, 239], [222, 239], [221, 240], [220, 240], [219, 241], [217, 241], [216, 242], [215, 242], [214, 243], [213, 243], [212, 244], [210, 244], [209, 245], [207, 245], [206, 246], [205, 246], [204, 247], [201, 247], [200, 248], [198, 248], [197, 249], [193, 249], [192, 250], [190, 250], [189, 251], [188, 251], [187, 252], [187, 255], [186, 256], [186, 269], [185, 270], [185, 276], [184, 277], [184, 284], [183, 285], [183, 291], [182, 292], [182, 296], [181, 297], [181, 310], [182, 311], [182, 315], [183, 316], [183, 324], [184, 325], [184, 330], [185, 331], [185, 335], [186, 336], [186, 339], [187, 340], [187, 343], [188, 344], [188, 347], [189, 348], [189, 351], [190, 352], [190, 354], [191, 355], [191, 358], [192, 359], [192, 361], [193, 362], [193, 364], [194, 365], [194, 367], [195, 368], [195, 369], [196, 370], [196, 371], [197, 372], [197, 373], [198, 374], [198, 375], [200, 377], [200, 378], [202, 380], [202, 381], [209, 388], [210, 388], [212, 390], [213, 390], [215, 392], [216, 392], [217, 393], [218, 393], [220, 395], [221, 395], [222, 396], [223, 396], [225, 398], [226, 398], [228, 400], [229, 400], [230, 401], [231, 401], [233, 403], [234, 403], [235, 404], [236, 404], [238, 406], [239, 406], [240, 407], [241, 407], [242, 408], [243, 408], [244, 409], [245, 409], [246, 410], [247, 410], [248, 411], [249, 411], [250, 412], [251, 412], [252, 413], [253, 413], [254, 414], [255, 414], [256, 415], [257, 415], [258, 416], [259, 416], [260, 417], [261, 417], [262, 418], [263, 418], [264, 419], [266, 419], [267, 420], [269, 420], [270, 421], [273, 421], [274, 422], [277, 422], [278, 423], [280, 423], [281, 424], [284, 424], [285, 425], [288, 425], [289, 426], [291, 426], [292, 427], [294, 427], [295, 428], [297, 428], [298, 429], [300, 429], [301, 430], [302, 430], [303, 431], [305, 431], [306, 432], [309, 432], [310, 433], [312, 433], [313, 434], [316, 434], [317, 435], [320, 435], [321, 436], [323, 436], [324, 437], [327, 437], [328, 438], [331, 438], [332, 439], [337, 439], [338, 440], [346, 440], [347, 441], [353, 441], [354, 440], [358, 440], [359, 441], [365, 441], [366, 442], [367, 442], [369, 444], [370, 444], [374, 448], [374, 449], [381, 456], [382, 456], [383, 457], [384, 457], [385, 458], [387, 458], [388, 459], [393, 459], [394, 458], [395, 458], [396, 457], [397, 457], [398, 456], [399, 456], [402, 453], [402, 452], [404, 450], [404, 449], [406, 447], [406, 446], [408, 444], [408, 443], [409, 442], [409, 441], [411, 439], [411, 438], [422, 427], [423, 427], [424, 426], [425, 426], [426, 425], [427, 425], [428, 424], [429, 424], [430, 423], [432, 423], [433, 422], [435, 422], [436, 421], [439, 421], [440, 420], [443, 420], [444, 419], [447, 419], [448, 418], [451, 418], [452, 417], [454, 417], [455, 416], [456, 416], [457, 415], [458, 415], [459, 414], [461, 414], [462, 413], [463, 413], [464, 412], [465, 412], [467, 410], [468, 410], [469, 409], [470, 409], [471, 408], [472, 408], [473, 407], [474, 407], [475, 406], [476, 406], [478, 404], [479, 404], [480, 403], [481, 403], [482, 402], [483, 402], [484, 401], [486, 401], [487, 400], [488, 400], [489, 399], [491, 399], [492, 398], [495, 398], [496, 397], [505, 397], [506, 396], [520, 396], [521, 395], [531, 395], [532, 396], [537, 396], [538, 397], [539, 397], [540, 398], [542, 398], [543, 399], [545, 399], [546, 400], [550, 400], [551, 401], [564, 401], [565, 400], [566, 400], [567, 399], [568, 399], [569, 398], [570, 398], [576, 392], [576, 391], [578, 389], [578, 388], [579, 387], [579, 386], [580, 385], [580, 383], [581, 382], [581, 380], [582, 379], [582, 376], [583, 375], [583, 372], [584, 371], [584, 367], [585, 366], [585, 362], [586, 361], [586, 355], [587, 354], [587, 348], [588, 347], [588, 339], [589, 338], [589, 328], [590, 327], [590, 323], [591, 322], [591, 319], [592, 318], [592, 317], [593, 316], [593, 315], [595, 313], [595, 312], [596, 311], [596, 310], [597, 309], [597, 308], [598, 307], [598, 305], [599, 304], [599, 302], [600, 301], [600, 300], [601, 299], [601, 298], [604, 295], [604, 294], [605, 293], [605, 291], [606, 290], [606, 289], [607, 288], [607, 286], [608, 285], [608, 284], [609, 283], [609, 282], [610, 281], [610, 280], [611, 279], [611, 277], [612, 276], [612, 274], [613, 273], [613, 272], [614, 271], [614, 270], [615, 269], [615, 268], [616, 267], [616, 266], [617, 265], [617, 264], [618, 263], [618, 262], [620, 260], [620, 259], [627, 252], [628, 252], [630, 250], [631, 250], [632, 249], [633, 249], [635, 247], [636, 247], [637, 246], [638, 246], [644, 240], [644, 239], [646, 237], [646, 236], [647, 235], [647, 233], [648, 232], [648, 223], [647, 222], [647, 220], [646, 219], [646, 218], [644, 216], [644, 215], [641, 212], [641, 211], [636, 206], [635, 206], [631, 202], [630, 202], [626, 198], [625, 198], [623, 196], [622, 196], [619, 193], [618, 193], [616, 191], [615, 191], [611, 187], [610, 187], [606, 183], [605, 183], [599, 177], [598, 177], [594, 173], [593, 173], [589, 169], [588, 169], [577, 158], [576, 158], [574, 156], [573, 156], [570, 153], [569, 153], [568, 152], [567, 152], [565, 150], [564, 150], [563, 149], [562, 149], [561, 148], [560, 148], [559, 147], [558, 147], [557, 146], [556, 146], [555, 145], [554, 145], [553, 144], [552, 144], [551, 143], [550, 143], [549, 142], [548, 142], [547, 141], [546, 141], [545, 140], [544, 140], [539, 135]], "holes": []}