{"cx": 425.94744873046875, "cy": 331.7254333496094, "length": 392.4844665527344, "width": 283.3986511230469, "depth": 117.99176788330078, "rotation": -40.58077621459961, "boundary": [[481, 98], [478, 101], [478, 102], [476, 104], [476, 106], [475, 107], [475, 109], [474, 110], [474, 112], [473, 113], [473, 114], [472, 115], [472, 116], [466, 122], [466, 123], [465, 124], [465, 125], [464, 126], [464, 127], [463, 128], [463, 129], [462, 130], [462, 131], [461, 132], [461, 133], [459, 135], [459, 136], [456, 139], [456, 140], [455, 141], [455, 142], [454, 143], [454, 145], [453, 146], [453, 149], [452, 150], [452, 154], [451, 155], [451, 158], [450, 159], [450, 162], [449, 163], [449, 166], [448, 167], [448, 169], [447, 170], [447, 171], [446, 172], [446, 173], [445, 174], [445, 175], [438, 182], [437, 182], [433, 186], [432, 186], [431, 187], [430, 187], [429, 188], [428, 188], [427, 189], [426, 189], [425, 190], [424, 190], [423, 191], [422, 191], [420, 193], [419, 193], [418, 194], [417, 194], [415, 196], [414, 196], [413, 197], [412, 197], [411, 198], [409, 198], [408, 199], [406, 199], [405, 200], [404, 200], [403, 201], [401, 201], [400, 202], [398, 202], [397, 203], [393, 203], [392, 204], [390, 204], [389, 205], [387, 205], [386, 206], [385, 206], [384, 207], [383, 207], [380, 210], [379, 210], [374, 215], [374, 216], [373, 217], [373, 218], [372, 219], [372, 220], [371, 221], [371, 224], [370, 225], [370, 231], [369, 232], [369, 236], [368, 237], [368, 239], [367, 240], [367, 243], [366, 244], [366, 246], [365, 247], [365, 252], [366, 253], [366, 265], [365, 266], [365, 268], [364, 269], [364, 271], [363, 272], [363, 273], [362, 274], [362, 275], [361, 276], [361, 277], [352, 286], [351, 286], [348, 289], [347, 289], [346, 290], [345, 290], [344, 291], [342, 291], [341, 292], [339, 292], [338, 293], [335, 293], [334, 294], [330, 294], [329, 295], [326, 295], [325, 296], [322, 296], [321, 297], [317, 297], [316, 298], [311, 298], [310, 299], [306, 299], [305, 300], [300, 300], [299, 301], [289, 301], [288, 302], [282, 302], [281, 301], [278, 301], [277, 300], [275, 300], [274, 299], [272, 299], [271, 298], [269, 298], [268, 297], [264, 297], [263, 296], [261, 296], [260, 295], [251, 295], [245, 301], [245, 302], [238, 309], [238, 310], [237, 311], [237, 312], [236, 313], [236, 314], [235, 315], [235, 317], [234, 318], [234, 319], [233, 320], [233, 321], [231, 323], [231, 324], [230, 325], [230, 326], [229, 327], [229, 328], [228, 329], [228, 330], [227, 331], [227, 338], [228, 339], [228, 340], [229, 341], [229, 343], [230, 344], [230, 346], [231, 347], [231, 364], [232, 365], [232, 367], [234, 367], [235, 366], [236, 366], [237, 365], [241, 365], [242, 364], [244, 364], [245, 365], [247, 365], [248, 366], [249, 366], [250, 367], [251, 367], [252, 368], [253, 368], [254, 369], [255, 369], [256, 370], [257, 370], [258, 371], [259, 371], [266, 378], [266, 379], [267, 380], [267, 381], [269, 383], [269, 389], [268, 390], [268, 393], [269, 394], [269, 395], [273, 395], [275, 397], [275, 398], [276, 399], [276, 401], [277, 402], [277, 404], [278, 405], [278, 407], [279, 408], [279, 411], [280, 412], [280, 415], [281, 416], [281, 421], [282, 422], [282, 446], [281, 447], [281, 455], [280, 456], [280, 463], [281, 463], [282, 462], [283, 462], [296, 449], [297, 449], [300, 446], [301, 446], [303, 444], [304, 444], [306, 442], [307, 442], [309, 440], [310, 440], [312, 438], [313, 438], [315, 436], [316, 436], [317, 435], [318, 435], [320, 433], [321, 433], [322, 432], [323, 432], [324, 431], [326, 431], [327, 430], [328, 430], [329, 429], [332, 429], [333, 428], [343, 428], [344, 429], [347, 429], [348, 430], [357, 430], [358, 431], [366, 431], [367, 432], [370, 432], [371, 433], [373, 433], [374, 434], [375, 434], [376, 435], [377, 435], [379, 437], [380, 437], [384, 441], [384, 442], [386, 444], [386, 445], [387, 446], [387, 447], [388, 448], [388, 449], [389, 450], [389, 451], [390, 452], [390, 453], [391, 454], [391, 455], [392, 456], [392, 457], [393, 458], [393, 459], [394, 460], [394, 461], [395, 462], [395, 463], [396, 464], [396, 465], [397, 466], [397, 468], [398, 469], [398, 472], [399, 473], [399, 481], [400, 482], [400, 491], [400, 490], [401, 489], [401, 487], [402, 486], [402, 481], [403, 480], [403, 477], [404, 476], [404, 472], [405, 471], [405, 467], [406, 466], [406, 459], [407, 458], [407, 429], [406, 428], [406, 420], [405, 419], [405, 408], [404, 407], [404, 391], [405, 390], [405, 383], [406, 382], [406, 377], [407, 376], [407, 373], [408, 372], [408, 368], [409, 367], [409, 364], [410, 363], [410, 359], [411, 358], [411, 355], [412, 354], [412, 351], [413, 350], [413, 347], [414, 346], [414, 344], [415, 343], [415, 340], [416, 339], [416, 337], [417, 336], [417, 335], [418, 334], [418, 333], [419, 332], [419, 330], [420, 329], [420, 328], [421, 327], [421, 326], [422, 325], [422, 324], [423, 323], [423, 322], [425, 320], [425, 319], [427, 317], [427, 316], [437, 306], [438, 306], [440, 304], [441, 304], [442, 303], [445, 303], [448, 306], [448, 307], [449, 308], [449, 310], [450, 311], [450, 315], [451, 316], [451, 318], [452, 319], [452, 322], [453, 323], [453, 326], [454, 327], [454, 330], [455, 331], [455, 333], [456, 334], [456, 336], [457, 337], [457, 338], [458, 339], [458, 341], [459, 342], [459, 344], [460, 345], [460, 348], [461, 349], [461, 351], [462, 352], [462, 354], [463, 355], [463, 357], [464, 358], [464, 360], [465, 361], [465, 363], [466, 364], [466, 366], [467, 367], [467, 369], [468, 370], [468, 373], [469, 374], [469, 376], [470, 377], [470, 380], [471, 381], [471, 383], [472, 384], [472, 387], [473, 388], [473, 391], [474, 392], [474, 394], [475, 395], [475, 399], [476, 400], [476, 403], [477, 404], [477, 407], [478, 408], [478, 411], [479, 412], [479, 417], [480, 418], [480, 424], [481, 425], [481, 439], [482, 440], [482, 445], [481, 446], [481, 463], [480, 464], [480, 469], [479, 470], [479, 472], [480, 472], [480, 470], [481, 469], [481, 468], [482, 467], [482, 464], [483, 463], [483, 460], [484, 459], [484, 455], [485, 454], [485, 447], [486, 446], [486, 437], [487, 436], [487, 424], [488, 423], [488, 407], [489, 406], [489, 387], [490, 386], [490, 376], [491, 375], [491, 365], [492, 364], [492, 356], [493, 355], [493, 350], [494, 349], [494, 345], [495, 344], [495, 340], [496, 339], [496, 337], [497, 336], [497, 334], [498, 333], [498, 330], [499, 329], [499, 327], [500, 326], [500, 325], [501, 324], [501, 322], [502, 321], [502, 320], [503, 319], [503, 318], [504, 317], [504, 316], [505, 315], [505, 314], [506, 313], [506, 312], [507, 311], [507, 309], [508, 308], [508, 307], [509, 306], [509, 305], [511, 303], [511, 302], [512, 301], [512, 300], [514, 298], [514, 297], [515, 296], [515, 295], [517, 293], [517, 292], [519, 290], [519, 289], [522, 286], [522, 285], [525, 282], [525, 281], [532, 274], [533, 274], [534, 273], [536, 273], [537, 272], [538, 272], [539, 271], [543, 271], [544, 270], [546, 270], [547, 269], [548, 269], [549, 268], [549, 266], [548, 265], [548, 263], [547, 262], [547, 260], [546, 259], [546, 258], [545, 257], [545, 255], [544, 254], [544, 252], [543, 251], [543, 250], [542, 249], [542, 248], [541, 247], [541, 245], [540, 244], [540, 242], [539, 241], [539, 239], [538, 238], [538, 236], [537, 235], [537, 234], [536, 233], [536, 231], [535, 230], [535, 229], [534, 228], [534, 227], [533, 226], [533, 224], [532, 223], [532, 221], [531, 220], [531, 219], [530, 218], [530, 216], [529, 215], [529, 214], [528, 213], [528, 211], [527, 210], [527, 208], [526, 207], [526, 205], [525, 204], [525, 203], [524, 202], [524, 200], [523, 199], [523, 197], [522, 196], [522, 195], [521, 194], [521, 192], [520, 191], [520, 189], [519, 188], [519, 187], [518, 186], [518, 185], [517, 184], [517, 182], [516, 181], [516, 180], [515, 179], [515, 177], [514, 176], [514, 175], [513, 174], [513, 172], [512, 171], [512, 169], [511, 168], [511, 166], [510, 165], [510, 164], [509, 163], [509, 161], [508, 