{"cx": 367.7479248046875, "cy": 227.6511993408203, "length": 647.4297485351562, "width": 285.5028076171875, "depth": 115.63813781738281, "rotation": -11.224161148071289, "boundary": [[197, 116], [192, 121], [192, 122], [189, 125], [188, 125], [185, 128], [184, 128], [182, 130], [182, 131], [177, 136], [177, 137], [173, 141], [173, 142], [168, 147], [168, 148], [162, 154], [161, 154], [156, 159], [155, 159], [153, 161], [152, 161], [150, 163], [149, 163], [148, 164], [147, 164], [144, 167], [143, 167], [139, 171], [139, 172], [136, 175], [136, 176], [134, 178], [134, 179], [133, 180], [133, 181], [132, 182], [132, 183], [131, 184], [131, 185], [130, 186], [130, 188], [129, 189], [129, 192], [128, 193], [128, 196], [127, 197], [127, 201], [126, 202], [126, 205], [125, 206], [125, 215], [124, 216], [124, 238], [123, 239], [123, 242], [122, 243], [122, 245], [121, 246], [121, 247], [120, 248], [120, 249], [119, 250], [119, 251], [117, 253], [117, 254], [114, 257], [113, 257], [109, 261], [108, 261], [105, 264], [104, 264], [102, 266], [101, 266], [99, 268], [98, 268], [97, 269], [96, 269], [95, 270], [94, 270], [93, 271], [92, 271], [91, 272], [90, 272], [89, 273], [88, 273], [87, 274], [85, 274], [84, 275], [83, 275], [82, 276], [81, 276], [80, 277], [79, 277], [78, 278], [77, 278], [75, 280], [74, 280], [65, 289], [65, 290], [64, 291], [64, 292], [62, 294], [62, 295], [61, 296], [61, 298], [60, 299], [60, 302], [59, 303], [59, 329], [60, 330], [60, 336], [61, 337], [61, 344], [62, 345], [62, 350], [63, 351], [63, 354], [64, 355], [64, 357], [65, 358], [65, 360], [66, 361], [66, 362], [67, 363], [67, 365], [69, 367], [69, 368], [70, 369], [70, 370], [71, 371], [71, 372], [73, 374], [73, 375], [75, 377], [75, 378], [78, 381], [78, 382], [88, 392], [89, 392], [92, 395], [93, 395], [96, 398], [97, 398], [99, 400], [100, 400], [102, 402], [103, 402], [104, 403], [105, 403], [106, 404], [107, 404], [108, 405], [109, 405], [110, 406], [111, 406], [112, 407], [114, 407], [115, 408], [116, 408], [117, 409], [119, 409], [120, 410], [122, 410], [123, 411], [124, 411], [125, 412], [127, 412], [128, 413], [129, 413], [130, 414], [132, 414], [133, 415], [135, 415], [136, 416], [143, 416], [144, 417], [146, 417], [147, 416], [152, 416], [153, 415], [156, 415], [157, 414], [158, 414], [159, 413], [161, 413], [162, 412], [163, 412], [165, 410], [166, 410], [167, 409], [168, 409], [170, 407], [171, 407], [173, 405], [174, 405], [175, 404], [176, 404], [178, 402], [179, 402], [181, 400], [182, 400], [184, 398], [185, 398], [186, 397], [187, 397], [190, 394], [191, 394], [199, 386], [199, 385], [201, 383], [201, 382], [202, 381], [202, 380], [203, 379], [203, 378], [204, 377], [204, 376], [205, 375], [205, 374], [206, 373], [206, 371], [207, 370], [207, 369], [208, 368], [208, 367], [209, 366], [209, 365], [210, 364], [210, 363], [211, 362], [211, 361], [212, 360], [212, 358], [213, 357], [213, 356], [214, 355], [214, 354], [215, 353], [215, 352], [219, 348], [220, 348], [221, 347], [222, 347], [223, 346], [224, 346], [225, 345], [229, 345], [230, 344], [245, 344], [246, 345], [252, 345], [253, 346], [257, 346], [258, 347], [261, 347], [262, 348], [265, 348], [266, 349], [270, 349], [271, 350], [281, 350], [282, 349], [286, 349], [287, 348], [289, 348], [290, 347], [291, 347], [292, 346], [295, 346], [296, 345], [298, 345], [299, 344], [301, 344], [302, 343], [303, 343], [304, 342], [305, 342], [306, 341], [308, 341], [309, 340], [311, 340], [312, 339], [314, 339], [315, 338], [316, 338], [317, 337], [319, 337], [320, 336], [326, 336], [327, 337], [329, 337], [331, 339], [331, 341], [329, 343], [328, 343], [327, 344], [326, 344], [325, 345], [322, 345], [321, 346], [318, 346], [317, 347], [315, 347], [312, 350], [312, 351], [311, 352], [311, 355], [310, 356], [310, 357], [311, 358], [311, 361], [312, 362], [312, 364], [313, 365], [313, 366], [316, 369], [316, 370], [317, 371], [318, 371], [319, 372], [322, 372], [323, 371], [324, 371], [328, 367], [329, 367], [335, 361], [336, 361], [338, 359], [339, 359], [342, 356], [342, 355], [343, 354], [343, 353], [344, 352], [344, 351], [345, 350], [345, 349], [346, 348], [346, 347], [347, 346], [347, 345], [349, 343], [349, 342], [352, 339], [353, 339], [358, 334], [359, 334], [362, 331], [363, 331], [365, 329], [366, 329], [371, 324], [371, 323], [382, 312], [382, 311], [383, 310], [383, 309], [384, 308], [384, 307], [385, 306], [385, 304], [386, 303], [386, 301], [387, 300], [387, 298], [389, 296], [389, 295], [390, 294], [390, 293], [391, 292], [391, 280], [390, 279], [390, 274], [389, 273], [389, 265], [388, 264], [388, 262], [389, 261], [389, 256], [390, 255], [390, 253], [391, 252], [391, 250], [392, 249], [392, 247], [393, 246], [393, 245], [394, 244], [394, 243], [396, 241], [396, 240], [398, 238], [398, 237], [404, 231], [404, 230], [405, 229], [406, 229], [409, 226], [410, 226], [411, 225], [412, 225], [413, 224], [414, 224], [417, 221], [418, 221], [422, 217], [423, 217], [425, 215], [426, 215], [428, 213], [429, 213], [431, 211], [432, 211], [433, 210], [434, 210], [435, 209], [437, 209], [438, 208], [444, 208], [445, 207], [469, 207], [470, 208], [474, 208], [475, 209], [478, 209], [479, 210], [480, 210], [481, 211], [482, 211], [483, 212], [484, 212], [488, 216], [488, 217], [490, 219], [490, 220], [492, 222], [492, 223], [495, 226], [496, 226], [498, 228], [499, 228], [500, 229], [502, 229], [503, 230], [504, 230], [505, 231], [507, 231], [508, 232], [510, 232], [511, 233], [512, 233], [513, 234], [515, 234], [516, 235], [518, 235], [519, 236], [520, 236], [521, 237], [522, 237], [523, 238], [525, 238], [526, 239], [527, 239], [528, 240], [529, 240], [530, 241], [531, 241], [533, 243], [534, 243], [535, 244], [536, 244], [537, 245], [538, 245], [539, 246], [540, 246], [541, 247], [543, 247], [544, 248], [546, 248], [547, 249], [550, 249], [551, 250], [563, 250], [564, 251], [572, 251], [573, 252], [579, 252], [580, 253], [584, 253], [585, 254], [587, 254], [588, 255], [590, 255], [591, 256], [594, 256], [595, 257], [596, 257], [597, 258], [599, 258], [600, 259], [602, 259], [603, 260], [605, 260], [606, 261], [608, 261], [609, 262], [611, 262], [612, 263], [613, 263], [614, 264], [615, 264], [616, 265], [617, 265], [618, 266], [619, 266], [620, 267], [621, 267], [623, 269], [624, 269], [626, 271], [627, 271], [631, 275], [632, 275], [646, 289], [646, 290], [651, 295], [651, 296], [656, 301], [656, 302], [659, 305], [659, 306], [661, 308], [661, 309], [663, 311], [663, 312], [664, 313], [665, 313], [666, 314], [666, 313], [667, 312], [667, 304], [666, 303], [666, 296], [665, 295], [665, 275], [664, 274], [664, 267], [663, 266], [663, 254], [662, 253], [662, 243], [661, 242], [661, 224], [662, 223], [662, 215], [663, 214], [663, 208], [664, 207], [664, 201], [665, 200], [665, 192], [666, 191], [666, 151], [667, 150], [667, 147], [668, 146], [668, 145], [669, 144], [669, 142], [670, 141], [670, 139], [671, 138], [671, 137], [674, 134], [674, 133], [677, 130], [677, 129], [678, 128], [676, 126], [670, 126], [669, 125], [618, 125], [617, 124], [536, 124], [535, 123], [519, 123], [518, 122], [463, 122], [462, 121], [414, 121], [413, 120], [412, 120], [411, 121], [398, 121], [397, 120], [373, 120], [372, 119], [306, 119], [305, 118], [281, 118], [280, 117], [221, 117], [220, 116]], "holes": []}