{"cx": 400.9438781738281, "cy": 281.2048645019531, "length": 524.3362426757812, "width": 184.45851135253906, "depth": 107.24391174316406, "rotation": -20.2248592376709, "boundary": [[476, 160], [475, 161], [465, 161], [464, 162], [458, 162], [457, 163], [455, 163], [454, 164], [453, 164], [452, 165], [451, 165], [450, 166], [449, 166], [448, 167], [446, 167], [445, 168], [444, 168], [443, 169], [441, 169], [440, 170], [437, 170], [436, 171], [434, 171], [433, 172], [432, 172], [431, 173], [430, 173], [429, 174], [428, 174], [427, 175], [426, 175], [425, 176], [424, 176], [423, 177], [422, 177], [421, 178], [420, 178], [419, 179], [418, 179], [417, 180], [416, 180], [414, 182], [413, 182], [408, 187], [408, 188], [404, 192], [403, 192], [400, 195], [399, 195], [398, 196], [397, 196], [395, 198], [394, 198], [391, 201], [390, 201], [383, 208], [383, 209], [381, 211], [381, 213], [380, 214], [380, 218], [379, 219], [379, 223], [378, 224], [378, 225], [377, 226], [377, 227], [376, 228], [376, 230], [375, 231], [375, 233], [374, 234], [374, 246], [373, 247], [373, 253], [372, 254], [372, 258], [371, 259], [371, 262], [370, 263], [370, 264], [368, 266], [368, 267], [367, 268], [367, 269], [366, 270], [366, 271], [365, 272], [365, 274], [364, 275], [364, 277], [363, 278], [363, 280], [362, 281], [362, 283], [361, 284], [361, 287], [360, 288], [360, 293], [359, 294], [359, 296], [358, 297], [358, 298], [357, 299], [357, 300], [355, 302], [355, 303], [349, 309], [349, 310], [348, 311], [348, 313], [347, 314], [347, 316], [346, 317], [346, 318], [345, 319], [345, 321], [344, 322], [344, 323], [343, 324], [343, 325], [341, 327], [341, 328], [340, 329], [340, 330], [339, 331], [339, 332], [336, 335], [336, 336], [331, 341], [330, 341], [327, 344], [326, 344], [318, 352], [317, 352], [314, 355], [314, 356], [312, 358], [312, 359], [310, 361], [310, 362], [308, 364], [307, 364], [305, 366], [304, 366], [302, 368], [300, 368], [299, 369], [297, 369], [296, 370], [292, 370], [291, 371], [289, 371], [288, 372], [286, 372], [285, 373], [284, 373], [283, 374], [282, 374], [281, 375], [280, 375], [278, 377], [277, 377], [276, 378], [275, 378], [273, 380], [272, 380], [271, 381], [270, 381], [269, 382], [267, 382], [266, 383], [261, 383], [260, 384], [252, 384], [251, 385], [247, 385], [246, 386], [232, 386], [231, 387], [227, 387], [226, 388], [224, 388], [223, 389], [221, 389], [220, 390], [219, 390], [218, 391], [217, 391], [216, 392], [213, 392], [212, 393], [209, 393], [208, 394], [205, 394], [204, 395], [202, 395], [201, 396], [199, 396], [198, 397], [197, 397], [196, 398], [195, 398], [194, 399], [193, 399], [192, 400], [191, 400], [190, 401], [189, 401], [188, 402], [187, 402], [186, 403], [183, 403], [182, 404], [180, 404], [179, 405], [177, 405], [176, 406], [175, 406], [174, 407], [172, 407], [171, 408], [170, 408], [169, 409], [169, 410], [171, 410], [172, 411], [174, 411], [175, 412], [176, 412], [177, 413], [179, 413], [180, 414], [182, 414], [183, 415], [185, 415], [186, 416], [190, 416], [191, 417], [194, 417], [195, 418], [196, 418], [197, 419], [198, 419], [200, 421], [201, 421], [202, 422], [203, 422], [204, 423], [205, 423], [206, 424], [225, 424], [226, 425], [239, 425], [240, 424], [253, 424], [254, 425], [258, 425], [259, 424], [264, 424], [265, 423], [275, 423], [276, 422], [279, 422], [280, 421], [282, 421], [283, 420], [284, 420], [285, 419], [286, 419], [287, 418], [288, 418], [289, 417], [290, 417], [291, 416], [293, 416], [294, 415], [296, 415], [297, 414], [307, 414], [308, 413], [310, 413], [311, 412], [312, 412], [313, 411], [315, 411], [316, 410], [317, 410], [318, 409], [319, 409], [320, 408], [321, 408], [322, 407], [323, 407], [324, 406], [325, 406], [326, 405], [327, 405], [328, 404], [329, 404], [330, 403], [331, 403], [332, 402], [333, 402], [334, 401], [335, 401], [336, 400], [337, 400], [338, 399], [340, 399], [341, 398], [342, 398], [343, 397], [344, 397], [345, 396], [346, 396], [347, 395], [348, 395], [349, 394], [350, 394], [351, 393], [352, 393], [354, 391], [355, 391], [356, 390], [357, 390], [358, 389], [359, 389], [361, 387], [362, 387], [372, 377], [373, 377], [376, 374], [377, 374], [380, 371], [381, 371], [382, 370], [384, 370], [385, 369], [387, 369], [388, 368], [389, 368], [390, 367], [391, 367], [392, 366], [393, 366], [394, 365], [395, 365], [398, 362], [399, 362], [400, 361], [401, 361], [403, 359], [404, 359], [405, 358], [406, 358], [407, 357], [408, 357], [410, 355], [411, 355], [412, 354], [413, 354], [414, 353], [415, 353], [416, 352], [417, 352], [418, 351], [420, 351], [421, 350], [422, 350], [423, 349], [425, 349], [426, 348], [427, 348], [428, 347], [430, 347], [431, 346], [433, 346], [434, 345], [437, 345], [438, 344], [450, 344], [451, 345], [452, 345], [453, 346], [455, 346], [456, 347], [463, 347], [464, 346], [469, 346], [470, 345], [494, 345], [495, 344], [497, 344], [498, 343], [500, 343], [501, 342], [502, 342], [507, 337], [508, 337], [509, 336], [511, 336], [512, 335], [515, 335], [516, 334], [518, 334], [519, 333], [521, 333], [522, 332], [524, 332], [525, 331], [526, 331], [527, 330], [528, 330], [530, 328], [531, 328], [533, 326], [534, 326], [535, 325], [536, 325], [537, 324], [538, 324], [539, 323], [540, 323], [541, 322], [542, 322], [543, 321], [545, 321], [546, 320], [547, 320], [548, 319], [549, 319], [550, 318], [551, 318], [552, 317], [553, 317], [555, 315], [556, 315], [565, 306], [565, 305], [568, 302], [569, 302], [570, 301], [571, 301], [572, 300], [573, 300], [574, 299], [575, 299], [576, 298], [577, 298], [579, 296], [580, 296], [583, 293], [583, 292], [585, 290], [585, 289], [587, 287], [587, 286], [589, 284], [589, 283], [593, 279], [593, 278], [596, 275], [596, 274], [597, 273], [597, 272], [599, 270], [599, 269], [600, 268], [600, 267], [601, 266], [601, 265], [602, 264], [602, 263], [603, 262], [603, 261], [604, 260], [604, 259], [605, 258], [605, 257], [607, 255], [607, 254], [609, 252], [609, 251], [610, 250], [610, 249], [611, 248], [611, 246], [612, 245], [612, 244], [613, 243], [613, 241], [614, 240], [614, 239], [615, 238], [615, 237], [617, 235], [617, 234], [619, 232], [619, 231], [620, 230], [620, 229], [621, 228], [621, 227], [622, 226], [622, 224], [623, 223], [623, 222], [624, 221], [624, 220], [625, 219], [625, 218], [626, 217], [626, 216], [628, 214], [628, 213], [629, 212], [629, 211], [630, 210], [630, 209], [631, 208], [631, 204], [632, 203], [632, 201], [633, 200], [633, 197], [634, 196], [634, 195], [635, 194], [635, 192], [636, 191], [636, 189], [637, 188], [637, 185], [638, 184], [638, 179], [639, 178], [639, 169], [638, 168], [638, 167], [637, 166], [636, 166], [635, 165], [630, 165], [629, 166], [623, 166], [622, 167], [603, 167], [602, 166], [601, 166], [600, 165], [599, 165], [598, 164], [597, 164], [595, 162], [594, 162], [593, 161], [591, 161], [590, 160], [575, 160], [574, 161], [572, 161], [571, 162], [569, 162], [568, 163], [566, 163], [565, 164], [564, 164], [563, 165], [557, 165], [556, 166], [553, 166], [552, 165], [548, 165], [547, 164], [545, 164], [544, 163], [542, 163], [541, 162], [539, 162], [538, 161], [535, 161], [534, 160], [531, 160], [530, 161], [524, 161], [523, 162], [520, 162], [519, 163], [517, 163], [516, 164], [514, 164], [513, 165], [510, 165], [509, 166], [506, 166], [505, 167], [498, 167], [497, 166], [495, 166], [494, 165], [493, 165], [491, 163], [490, 163], [489, 162], [487, 162], [486, 161], [484, 161], [483, 160]], "holes": []}