{"cx": 401.1799621582031, "cy": 276.2777099609375, "length": 274.81011962890625, "width": 410.6378479003906, "depth": 123.0, "rotation": -20.519319534301758, "boundary": [[418, 52], [417, 53], [412, 53], [411, 54], [410, 54], [409, 55], [407, 55], [406, 56], [405, 56], [404, 57], [403, 57], [402, 58], [401, 58], [399, 60], [398, 60], [395, 63], [395, 64], [393, 66], [393, 67], [392, 68], [392, 69], [390, 71], [390, 72], [388, 74], [388, 75], [383, 80], [383, 81], [377, 87], [376, 87], [373, 90], [372, 90], [369, 93], [368, 93], [358, 103], [357, 103], [356, 104], [355, 104], [354, 105], [352, 105], [351, 106], [349, 106], [348, 107], [346, 107], [345, 108], [343, 108], [342, 109], [340, 109], [339, 110], [337, 110], [336, 111], [334, 111], [333, 112], [331, 112], [330, 113], [328, 113], [327, 114], [324, 114], [323, 115], [320, 115], [319, 116], [317, 116], [316, 117], [314, 117], [313, 118], [312, 118], [311, 119], [310, 119], [308, 121], [307, 121], [304, 124], [303, 124], [300, 127], [299, 127], [296, 130], [295, 130], [291, 134], [290, 134], [287, 137], [287, 138], [277, 148], [277, 149], [275, 151], [275, 153], [274, 154], [274, 156], [273, 157], [273, 172], [272, 173], [272, 177], [271, 178], [271, 186], [270, 187], [270, 208], [269, 209], [269, 210], [264, 215], [263, 215], [261, 217], [260, 217], [258, 219], [257, 219], [252, 224], [252, 225], [250, 227], [250, 228], [249, 229], [249, 230], [248, 231], [248, 232], [247, 233], [247, 235], [246, 236], [246, 252], [247, 253], [247, 256], [248, 257], [248, 259], [249, 260], [249, 261], [250, 262], [250, 263], [251, 264], [251, 265], [252, 266], [252, 267], [253, 268], [253, 269], [255, 271], [255, 272], [260, 277], [261, 277], [262, 278], [263, 278], [264, 279], [266, 279], [267, 280], [276, 280], [277, 281], [279, 281], [283, 285], [283, 286], [284, 287], [284, 289], [285, 290], [285, 293], [286, 294], [286, 297], [287, 298], [287, 299], [288, 300], [288, 301], [289, 302], [289, 303], [290, 304], [290, 305], [292, 307], [292, 308], [294, 310], [294, 311], [296, 313], [296, 314], [297, 315], [297, 316], [298, 317], [298, 318], [299, 319], [299, 320], [301, 322], [301, 323], [302, 324], [302, 325], [303, 326], [303, 327], [305, 329], [305, 330], [308, 333], [309, 333], [310, 334], [311, 334], [313, 336], [313, 337], [314, 338], [314, 339], [315, 340], [315, 342], [316, 343], [316, 346], [317, 347], [317, 348], [318, 349], [318, 351], [319, 352], [319, 353], [320, 354], [320, 356], [321, 357], [321, 358], [322, 359], [322, 364], [323, 365], [323, 369], [322, 370], [322, 376], [323, 377], [323, 379], [324, 380], [324, 381], [325, 382], [325, 384], [326, 385], [326, 388], [327, 389], [327, 394], [326, 395], [326, 399], [325, 400], [325, 401], [318, 408], [318, 409], [315, 412], [315, 413], [314, 414], [314, 416], [313, 417], [313, 419], [312, 420], [312, 422], [311, 423], [311, 427], [312, 428], [312, 430], [313, 431], [313, 432], [314, 433], [314, 434], [315, 435], [315, 436], [317, 438], [317, 439], [321, 443], [321, 444], [331, 454], [331, 455], [340, 464], [341, 464], [343, 466], [344, 466], [345, 467], [347, 467], [348, 468], [350, 468], [351, 469], [356, 469], [357, 468], [360, 468], [361, 467], [363, 467], [364, 466], [366, 466], [367, 465], [368, 465], [369, 464], [370, 464], [372, 462], [373, 462], [374, 461], [375, 461], [376, 460], [377, 460], [378, 459], [379, 459], [380, 458], [381, 458], [382, 457], [383, 457], [384, 456], [386, 456], [387, 455], [389, 455], [390, 454], [394, 454], [395, 453], [401, 453], [402, 454], [404, 454], [405, 455], [406, 455], [407, 456], [408, 456], [411, 459], [412, 459], [417, 464], [418, 464], [421, 467], [422, 467], [424, 469], [425, 469], [426, 470], [427, 470], [429, 472], [430, 472], [431, 473], [433, 473], [434, 474], [435, 474], [436, 475], [438, 475], [439, 476], [452, 476], [453, 475], [455, 475], [456, 474], [457, 474], [458, 473], [460, 473], [461, 472], [463, 472], [464, 471], [466, 471], [467, 470], [469, 470], [470, 469], [472, 469], [473, 468], [474, 468], [475, 467], [476, 467], [478, 465], [479, 465], [486, 458], [486, 457], [488, 455], [488, 454], [489, 453], [489, 452], [490, 451], [490, 449], [491, 448], [491, 445], [492, 444], [492, 437], [493, 436], [493, 432], [494, 431], [494, 429], [495, 428], [495, 427], [496, 426], [496, 425], [498, 423], [498, 422], [500, 420], [500, 419], [504, 415], [504, 414], [520, 398], [520, 397], [528, 389], [529, 389], [530, 388], [531, 388], [532, 387], [533, 387], [534, 386], [536, 386], [537, 385], [538, 385], [539, 384], [540, 384], [541, 383], [542, 383], [543, 382], [544, 382], [545, 381], [546, 381], [547, 380], [548, 380], [549, 379], [550, 379], [556, 373], [556, 372], [557, 371], [557, 369], [558, 368], [558, 365], [559, 364], [559, 358], [560, 357], [560, 352], [561, 351], [561, 349], [562, 348], [562, 345], [563, 344], [563, 341], [562, 340], [562, 338], [561, 337], [561, 336], [550, 325], [549, 325], [542, 318], [541, 318], [539, 316], [538, 316], [537, 315], [536, 315], [534, 313], [533, 313], [532, 312], [531, 312], [530, 311], [529, 311], [528, 310], [526, 310], [525, 309], [524, 309], [523, 308], [522, 308], [521, 307], [520, 307], [518, 305], [517, 305], [505, 293], [505, 292], [502, 289], [502, 288], [500, 286], [500, 285], [497, 282], [497, 281], [495, 279], [495, 278], [493, 276], [493, 275], [490, 272], [490, 271], [486, 267], [486, 266], [485, 265], [485, 264], [484, 263], [484, 262], [483, 261], [483, 257], [482, 256], [482, 232], [483, 231], [483, 226], [484, 225], [484, 223], [485, 222], [485, 220], [486, 219], [486, 218], [487, 217], [487, 216], [488, 215], [488, 214], [489, 213], [489, 212], [490, 211], [490, 210], [491, 209], [491, 208], [492, 207], [492, 206], [493, 205], [493, 204], [494, 203], [494, 202], [495, 201], [495, 199], [496, 198], [496, 196], [497, 195], [497, 192], [498, 191], [498, 187], [499, 186], [499, 179], [500, 178], [500, 175], [501, 174], [501, 173], [502, 172], [502, 171], [503, 170], [503, 169], [504, 168], [504, 167], [505, 166], [505, 162], [504, 161], [504, 159], [503, 158], [503, 157], [502, 156], [502, 155], [501, 154], [501, 153], [498, 150], [498, 149], [484, 135], [483, 135], [480, 132], [479, 132], [475, 128], [474, 128], [458, 112], [458, 111], [455, 108], [455, 107], [453, 105], [453, 104], [452, 103], [452, 102], [451, 101], [451, 100], [450, 99], [450, 98], [449, 97], [449, 96], [448, 95], [448, 93], [447, 92], [447, 86], [446, 85], [446, 81], [445, 80], [445, 77], [444, 76], [444, 73], [443, 72], [443, 70], [442, 69], [442, 68], [441, 67], [441, 66], [440, 65], [440, 64], [439, 63], [439, 62], [434, 57], [433, 57], [431, 55], [430, 55], [429, 54], [427, 54], [426, 53], [421, 53], [420, 52]], "holes": []}