{"cx": 378.46197509765625, "cy": 268.2930908203125, "length": 486.4078674316406, "width": 279.1776123046875, "depth": 86.34710693359375, "rotation": -18.65363311767578, "boundary": [[339, 135], [338, 136], [335, 136], [334, 137], [331, 137], [330, 138], [328, 138], [327, 139], [326, 139], [325, 140], [324, 140], [323, 141], [322, 141], [321, 142], [320, 142], [319, 143], [318, 143], [317, 144], [316, 144], [315, 145], [314, 145], [313, 146], [312, 146], [311, 147], [310, 147], [309, 148], [308, 148], [307, 149], [306, 149], [305, 150], [304, 150], [303, 151], [302, 151], [301, 152], [300, 152], [299, 153], [298, 153], [297, 154], [296, 154], [294, 156], [293, 156], [292, 157], [291, 157], [287, 161], [286, 161], [282, 165], [281, 165], [277, 169], [276, 169], [271, 174], [270, 174], [264, 180], [263, 180], [256, 187], [255, 187], [246, 196], [246, 197], [242, 201], [242, 202], [237, 207], [237, 208], [223, 222], [223, 223], [220, 226], [220, 227], [217, 230], [217, 231], [216, 232], [216, 233], [215, 234], [215, 235], [214, 236], [214, 237], [212, 239], [212, 240], [211, 241], [211, 242], [210, 243], [210, 244], [206, 248], [206, 249], [201, 254], [201, 255], [198, 258], [198, 259], [196, 261], [196, 262], [194, 264], [194, 265], [192, 267], [192, 268], [191, 269], [191, 270], [190, 271], [190, 273], [189, 274], [189, 275], [188, 276], [188, 278], [187, 279], [187, 280], [186, 281], [186, 282], [185, 283], [185, 285], [184, 286], [184, 287], [183, 288], [183, 289], [182, 290], [182, 291], [181, 292], [181, 293], [180, 294], [180, 295], [179, 296], [179, 297], [178, 298], [178, 300], [177, 301], [177, 302], [176, 303], [176, 304], [175, 305], [175, 306], [174, 307], [174, 308], [173, 309], [173, 311], [172, 312], [172, 314], [171, 315], [171, 318], [170, 319], [170, 322], [169, 323], [169, 325], [168, 326], [168, 328], [167, 329], [167, 331], [166, 332], [166, 335], [165, 336], [165, 359], [164, 360], [164, 367], [163, 368], [163, 377], [164, 378], [164, 385], [165, 386], [165, 389], [166, 390], [166, 392], [167, 393], [167, 395], [168, 396], [168, 398], [169, 399], [169, 402], [170, 403], [170, 408], [171, 409], [171, 413], [172, 414], [172, 417], [173, 418], [173, 420], [174, 421], [174, 423], [175, 424], [175, 425], [176, 426], [176, 427], [177, 428], [177, 429], [179, 431], [179, 432], [182, 435], [182, 436], [185, 439], [185, 440], [187, 442], [187, 443], [190, 446], [190, 447], [192, 449], [193, 449], [197, 453], [198, 453], [199, 454], [200, 454], [201, 455], [202, 455], [203, 456], [204, 456], [205, 457], [207, 457], [208, 458], [211, 458], [212, 459], [215, 459], [216, 460], [221, 460], [222, 461], [230, 461], [231, 462], [237, 462], [238, 461], [243, 461], [244, 460], [247, 460], [248, 459], [249, 459], [250, 458], [252, 458], [253, 457], [254, 457], [255, 456], [256, 456], [257, 455], [258, 455], [259, 454], [260, 454], [261, 453], [262, 453], [263, 452], [264, 452], [265, 451], [266, 451], [267, 450], [268, 450], [269, 449], [270, 449], [272, 447], [273, 447], [274, 446], [275, 446], [277, 444], [278, 444], [280, 442], [281, 442], [282, 441], [283, 441], [284, 440], [285, 440], [286, 439], [287, 439], [288, 438], [289, 438], [291, 436], [292, 436], [293, 435], [294, 435], [295, 434], [296, 434], [298, 432], [299, 432], [301, 430], [302, 430], [304, 428], [305, 428], [307, 426], [308, 426], [319, 415], [319, 414], [324, 409], [324, 408], [328, 404], [328, 403], [332, 399], [332, 398], [336, 394], [336, 393], [339, 390], [339, 389], [343, 385], [343, 384], [348, 379], [348, 378], [356, 370], [357, 370], [363, 364], [363, 363], [371, 355], [372, 355], [375, 352], [376, 352], [382, 346], [382, 345], [384, 343], [384, 342], [386, 340], [386, 339], [388, 337], [389, 337], [391, 335], [392, 335], [393, 334], [394, 334], [395, 333], [412, 333], [413, 334], [419, 334], [420, 335], [424, 335], [425, 336], [428, 336], [429, 337], [431, 337], [432, 338], [435, 338], [436, 339], [438, 339], [439, 340], [441, 340], [442, 341], [445, 341], [446, 342], [448, 342], [449, 343], [453, 343], [454, 344], [458, 344], [459, 345], [463, 345], [464, 346], [468, 346], [469, 347], [471, 347], [472, 348], [474, 348], [475, 349], [477, 349], [478, 350], [479, 350], [480, 351], [482, 351], [483, 352], [484, 352], [485, 353], [487, 353], [488, 354], [490, 354], [491, 355], [492, 355], [493, 356], [495, 356], [496, 357], [498, 357], [499, 358], [502, 358], [503, 359], [505, 359], [506, 360], [510, 360], [511, 361], [517, 361], [518, 362], [522, 362], [523, 361], [534, 361], [535, 360], [540, 360], [541, 359], [545, 359], [546, 358], [549, 358], [550, 357], [552, 357], [553, 356], [555, 356], [556, 355], [558, 355], [559, 354], [561, 354], [562, 353], [563, 353], [564, 352], [565, 352], [566, 351], [567, 351], [568, 350], [569, 350], [570, 349], [571, 349], [572, 348], [573, 348], [574, 347], [575, 347], [576, 346], [577, 346], [579, 344], [580, 344], [581, 343], [582, 343], [584, 341], [585, 341], [587, 339], [588, 339], [589, 338], [590, 338], [592, 336], [593, 336], [595, 334], [596, 334], [598, 332], [599, 332], [600, 331], [601, 331], [603, 329], [604, 329], [606, 327], [607, 327], [610, 324], [611, 324], [621, 314], [621, 313], [624, 310], [624, 309], [626, 307], [626, 306], [627, 305], [627, 304], [628, 303], [628, 302], [629, 301], [629, 300], [630, 299], [630, 298], [631, 297], [631, 294], [632, 293], [632, 290], [633, 289], [633, 286], [634, 285], [634, 278], [635, 277], [635, 274], [634, 273], [634, 265], [633, 264], [633, 262], [632, 261], [632, 259], [631, 258], [631, 256], [630, 255], [630, 254], [629, 253], [629, 252], [627, 250], [627, 249], [624, 246], [624, 245], [622, 243], [622, 242], [611, 231], [610, 231], [609, 230], [608, 230], [606, 228], [605, 228], [604, 227], [603, 227], [602, 226], [601, 226], [600, 225], [599, 225], [598, 224], [597, 224], [595, 222], [594, 222], [592, 220], [591, 220], [588, 217], [587, 217], [582, 212], [581, 212], [576, 207], [575, 207], [572, 204], [571, 204], [569, 202], [568, 202], [567, 201], [566, 201], [565, 200], [564, 200], [563, 199], [562, 199], [561, 198], [560, 198], [559, 197], [557, 197], [556, 196], [554, 196], [553, 195], [552, 195], [551, 194], [549, 194], [548, 193], [547, 193], [546, 192], [545, 192], [543, 190], [542, 190], [540, 188], [539, 188], [536, 185], [535, 185], [533, 183], [532, 183], [531, 182], [530, 182], [529, 181], [528, 181], [527, 180], [526, 180], [525, 179], [523, 179], [522, 178], [519, 178], [518, 177], [516, 177], [515, 176], [513, 176], [512, 175], [509, 175], [508, 174], [506, 174], [505, 173], [503, 173], [502, 172], [501, 172], [500, 171], [498, 171], [497, 170], [496, 170], [495, 169], [494, 169], [493, 168], [492, 168], [490, 166], [489, 166], [488, 165], [487, 165], [485, 163], [484, 163], [483, 162], [482, 162], [481, 161], [480, 161], [479, 160], [478, 160], [477, 159], [475, 159], [474, 158], [473, 158], [472, 157], [470, 157], [469, 156], [467, 156], [466, 155], [464, 155], [463, 154], [461, 154], [460, 153], [458, 153], [457, 152], [456, 152], [455, 151], [453, 151], [452, 150], [451, 150], [450, 149], [449, 149], [448, 148], [447, 148], [446, 147], [445, 147], [443, 145], [442, 145], [441, 144], [439, 144], [438, 143], [436, 143], [435, 142], [421, 142], [420, 143], [418, 143], [417, 142], [413, 142], [412, 141], [410, 141], [409, 140], [407, 140], [406, 139], [398, 139], [397, 140], [393, 140], [392, 141], [375, 141], [374, 140], [367, 140], [366, 139], [363, 139], [362, 138], [359, 138], [358, 137], [356, 137], [355, 136], [352, 136], [351, 135]], "holes": []}