{"cx": 356.38934326171875, "cy": 289.99078369140625, "length": 268.0710144042969, "width": 289.3975830078125, "depth": 116.08855438232422, "rotation": -20.684080123901367, "boundary": [[355, 137], [354, 138], [350, 138], [349, 139], [347, 139], [346, 140], [344, 140], [343, 141], [342, 141], [339, 144], [338, 144], [337, 145], [335, 145], [334, 146], [330, 146], [329, 147], [328, 147], [327, 148], [325, 148], [324, 149], [323, 149], [322, 150], [320, 150], [319, 151], [317, 151], [316, 152], [315, 152], [314, 153], [313, 153], [312, 154], [311, 154], [309, 156], [308, 156], [306, 158], [305, 158], [303, 160], [302, 160], [299, 163], [298, 163], [278, 183], [278, 184], [276, 186], [276, 187], [275, 188], [275, 189], [274, 190], [274, 191], [272, 193], [272, 194], [271, 195], [271, 196], [268, 199], [268, 200], [264, 204], [264, 205], [261, 208], [261, 209], [258, 212], [258, 213], [256, 215], [256, 216], [254, 218], [254, 219], [252, 221], [252, 222], [251, 223], [251, 224], [250, 225], [250, 226], [249, 227], [249, 228], [247, 230], [247, 231], [245, 233], [245, 234], [244, 235], [244, 236], [242, 238], [242, 239], [241, 240], [241, 241], [240, 242], [240, 243], [239, 244], [239, 245], [238, 246], [238, 247], [237, 248], [237, 250], [236, 251], [236, 253], [235, 254], [235, 256], [234, 257], [234, 260], [233, 261], [233, 264], [232, 265], [232, 268], [231, 269], [231, 271], [230, 272], [230, 275], [229, 276], [229, 279], [228, 280], [228, 284], [227, 285], [227, 288], [226, 289], [226, 297], [225, 298], [225, 306], [226, 307], [226, 317], [227, 318], [227, 323], [228, 324], [228, 327], [229, 328], [229, 331], [230, 332], [230, 334], [231, 335], [231, 337], [232, 338], [232, 340], [233, 341], [233, 342], [234, 343], [234, 344], [235, 345], [235, 346], [237, 348], [237, 349], [239, 351], [239, 352], [241, 354], [241, 355], [243, 357], [243, 358], [246, 361], [246, 362], [250, 366], [250, 367], [263, 380], [264, 380], [269, 385], [270, 385], [273, 388], [274, 388], [276, 390], [277, 390], [279, 392], [280, 392], [282, 394], [283, 394], [284, 395], [285, 395], [287, 397], [288, 397], [289, 398], [290, 398], [291, 399], [292, 399], [293, 400], [294, 400], [295, 401], [296, 401], [297, 402], [298, 402], [299, 403], [301, 403], [302, 404], [303, 404], [304, 405], [305, 405], [306, 406], [308, 406], [309, 407], [311, 407], [312, 408], [314, 408], [315, 409], [317, 409], [318, 410], [320, 410], [321, 411], [323, 411], [324, 412], [327, 412], [328, 413], [330, 413], [331, 414], [335, 414], [336, 413], [337, 413], [338, 412], [340, 412], [342, 414], [342, 415], [343, 416], [343, 417], [344, 417], [345, 418], [350, 418], [351, 419], [366, 419], [367, 420], [401, 420], [402, 419], [408, 419], [409, 418], [413, 418], [414, 417], [419, 417], [420, 416], [423, 416], [424, 415], [427, 415], [428, 414], [430, 414], [431, 413], [433, 413], [434, 412], [437, 412], [438, 411], [440, 411], [441, 410], [443, 410], [444, 409], [447, 409], [448, 408], [450, 408], [451, 407], [453, 407], [454, 406], [456, 406], [457, 405], [459, 405], [460, 404], [462, 404], [463, 403], [465, 403], [466, 402], [468, 402], [469, 401], [470, 401], [471, 400], [473, 400], [474, 399], [476, 399], [477, 398], [478, 398], [479, 397], [481, 397], [482, 396], [484, 396], [485, 395], [486, 395], [487, 394], [489, 394], [490, 393], [491, 393], [492, 392], [494, 392], [495, 391], [496, 391], [497, 390], [499, 390], [500, 389], [501, 389], [502, 388], [504, 388], [505, 387], [507, 387], [508, 386], [510, 386], [511, 385], [513, 385], [514, 384], [516, 384], [517, 383], [519, 383], [520, 382], [522, 382], [523, 381], [525, 381], [526, 380], [527, 380], [528, 379], [529, 379], [531, 377], [531, 373], [521, 363], [520, 363], [518, 361], [517, 361], [516, 360], [515, 360], [513, 358], [512, 358], [511, 357], [509, 357], [508, 356], [507, 356], [506, 355], [504, 355], [503, 354], [502, 354], [501, 353], [499, 353], [498, 352], [495, 352], [494, 351], [490, 351], [489, 350], [485, 350], [484, 349], [480, 349], [479, 348], [474, 348], [473, 347], [468, 347], [467, 346], [463, 346], [462, 345], [457, 345], [456, 344], [450, 344], [449, 343], [433, 343], [432, 344], [425, 344], [424, 345], [419, 345], [418, 346], [412, 346], [411, 347], [407, 347], [406, 348], [398, 348], [397, 349], [365, 349], [364, 348], [361, 348], [360, 347], [360, 345], [361, 344], [362, 344], [363, 343], [364, 343], [365, 342], [366, 342], [368, 340], [369, 340], [370, 339], [371, 339], [374, 336], [375, 336], [378, 333], [379, 333], [382, 330], [383, 330], [387, 326], [388, 326], [392, 322], [392, 321], [394, 319], [394, 317], [395, 316], [395, 315], [396, 314], [396, 312], [397, 311], [397, 307], [398, 306], [398, 290], [399, 289], [399, 276], [398, 275], [398, 272], [397, 271], [397, 269], [396, 268], [396, 266], [395, 265], [395, 264], [393, 262], [393, 261], [392, 260], [392, 259], [390, 257], [390, 256], [388, 254], [388, 253], [386, 251], [386, 250], [382, 246], [382, 245], [375, 238], [375, 237], [374, 236], [374, 234], [376, 232], [377, 232], [378, 231], [381, 231], [382, 230], [384, 230], [385, 229], [386, 229], [387, 228], [388, 228], [389, 227], [390, 227], [392, 225], [393, 225], [394, 224], [396, 224], [397, 223], [400, 223], [401, 222], [404, 222], [405, 221], [407, 221], [408, 220], [411, 220], [412, 219], [414, 219], [415, 218], [417, 218], [418, 217], [420, 217], [421, 216], [422, 216], [423, 215], [425, 215], [426, 214], [427, 214], [428, 213], [430, 213], [431, 212], [432, 212], [433, 211], [434, 211], [435, 210], [436, 210], [438, 208], [439, 208], [440, 207], [441, 207], [443, 205], [444, 205], [446, 203], [447, 203], [451, 199], [451, 198], [452, 197], [452, 196], [454, 194], [454, 193], [455, 192], [455, 190], [456, 189], [456, 188], [457, 187], [457, 185], [458, 184], [458, 180], [457, 179], [457, 177], [456, 176], [456, 175], [455, 174], [455, 173], [454, 172], [454, 171], [447, 164], [446, 164], [443, 161], [442, 161], [441, 160], [440, 160], [439, 159], [438, 159], [437, 158], [436, 158], [435, 157], [434, 157], [431, 154], [430, 154], [427, 151], [426, 151], [425, 150], [424, 150], [423, 149], [422, 149], [421, 148], [420, 148], [419, 147], [418, 147], [417, 146], [416, 146], [415, 145], [414, 145], [413, 144], [411, 144], [410, 143], [408, 143], [407, 142], [405, 142], [404, 141], [401, 141], [400, 140], [395, 140], [394, 139], [385, 139], [384, 138], [375, 138], [374, 137]], "holes": []}