{"cx": 432.86981201171875, "cy": 280.7559814453125, "length": 507.23126220703125, "width": 299.0192565917969, "depth": 125.82211303710938, "rotation": -4.2678937911987305, "boundary": [[578, 120], [577, 121], [565, 121], [564, 122], [563, 122], [562, 123], [561, 123], [560, 124], [559, 124], [558, 125], [557, 125], [556, 126], [555, 126], [554, 127], [553, 127], [552, 128], [551, 128], [550, 129], [549, 129], [548, 130], [547, 130], [546, 131], [545, 131], [544, 132], [543, 132], [542, 133], [541, 133], [540, 134], [539, 134], [538, 135], [536, 135], [535, 136], [534, 136], [533, 137], [532, 137], [531, 138], [529, 138], [528, 139], [523, 139], [522, 140], [517, 140], [516, 141], [512, 141], [511, 142], [509, 142], [508, 143], [507, 143], [506, 144], [504, 144], [503, 145], [502, 145], [501, 146], [500, 146], [499, 147], [498, 147], [497, 148], [484, 148], [483, 147], [479, 147], [478, 146], [473, 146], [472, 145], [463, 145], [462, 144], [456, 144], [455, 143], [450, 143], [449, 142], [444, 142], [443, 141], [439, 141], [438, 140], [433, 140], [432, 139], [427, 139], [426, 138], [422, 138], [421, 137], [416, 137], [415, 136], [407, 136], [406, 135], [377, 135], [376, 136], [370, 136], [369, 137], [363, 137], [362, 138], [356, 138], [355, 139], [350, 139], [349, 140], [345, 140], [344, 141], [341, 141], [340, 142], [338, 142], [337, 143], [334, 143], [333, 144], [330, 144], [329, 145], [327, 145], [326, 146], [323, 146], [322, 147], [320, 147], [319, 148], [317, 148], [316, 149], [314, 149], [313, 150], [311, 150], [310, 151], [308, 151], [307, 152], [306, 152], [305, 153], [303, 153], [302, 154], [300, 154], [299, 155], [298, 155], [297, 156], [296, 156], [295, 157], [294, 157], [292, 159], [291, 159], [290, 160], [289, 160], [288, 161], [287, 161], [285, 163], [284, 163], [283, 164], [282, 164], [280, 166], [279, 166], [278, 167], [277, 167], [276, 168], [275, 168], [273, 170], [272, 170], [270, 172], [269, 172], [267, 174], [266, 174], [265, 175], [264, 175], [262, 177], [261, 177], [259, 179], [258, 179], [257, 180], [256, 180], [255, 181], [254, 181], [252, 183], [251, 183], [250, 184], [249, 184], [248, 185], [247, 185], [246, 186], [245, 186], [244, 187], [243, 187], [242, 188], [241, 188], [240, 189], [239, 189], [237, 191], [236, 191], [234, 193], [233, 193], [230, 196], [229, 196], [222, 203], [222, 204], [220, 206], [220, 207], [219, 208], [219, 209], [218, 210], [218, 211], [217, 212], [217, 213], [215, 215], [215, 216], [212, 219], [212, 220], [211, 221], [210, 221], [208, 223], [207, 223], [205, 225], [204, 225], [202, 227], [201, 227], [201, 228], [198, 231], [198, 232], [197, 233], [197, 234], [196, 235], [196, 236], [195, 237], [195, 238], [194, 239], [194, 240], [193, 241], [193, 242], [192, 243], [192, 245], [191, 246], [191, 248], [190, 249], [190, 251], [189, 252], [189, 254], [188, 255], [188, 257], [187, 258], [187, 261], [186, 262], [186, 264], [185, 265], [185, 267], [184, 268], [184, 270], [183, 271], [183, 280], [184, 281], [184, 288], [183, 289], [183, 297], [182, 298], [182, 301], [181, 302], [181, 306], [182, 307], [182, 308], [183, 309], [183, 310], [184, 311], [184, 313], [185, 314], [185, 319], [184, 320], [184, 322], [183, 323], [183, 326], [182, 327], [183, 328], [183, 330], [185, 332], [185, 333], [188, 336], [189, 336], [198, 345], [198, 346], [199, 347], [199, 348], [200, 349], [200, 351], [201, 352], [201, 354], [202, 355], [202, 357], [203, 358], [203, 360], [204, 361], [204, 362], [206, 364], [206, 365], [209, 368], [209, 369], [213, 373], [214, 373], [216, 375], [217, 375], [219, 377], [220, 377], [222, 379], [223, 379], [224, 380], [225, 380], [227, 382], [228, 382], [229, 383], [230, 383], [231, 384], [232, 384], [234, 386], [235, 386], [237, 388], [238, 388], [242, 392], [243, 392], [246, 395], [247, 395], [248, 396], [249, 396], [250, 397], [251, 397], [254, 400], [255, 400], [257, 402], [258, 402], [259, 403], [260, 403], [261, 404], [262, 404], [263, 405], [264, 405], [265, 406], [266, 406], [267, 407], [268, 407], [269, 408], [271, 408], [272, 409], [273, 409], [274, 410], [276, 410], [277, 411], [279, 411], [280, 412], [281, 412], [282, 413], [284, 413], [285, 414], [287, 414], [288, 415], [289, 415], [290, 416], [292, 416], [293, 417], [294, 417], [297, 420], [298, 420], [300, 422], [301, 422], [302, 423], [303, 423], [304, 424], [305, 424], [306, 425], [308, 425], [309, 426], [310, 426], [311, 427], [313, 427], [314, 428], [317, 428], [318, 429], [321, 429], [322, 430], [327, 430], [328, 431], [334, 431], [335, 432], [341, 432], [342, 433], [347, 433], [348, 434], [354, 434], [355, 435], [375, 435], [376, 434], [383, 434], [384, 433], [392, 433], [393, 432], [402, 432], [403, 431], [411, 431], [412, 430], [419, 430], [420, 429], [423, 429], [424, 428], [427, 428], [428, 427], [430, 427], [431, 426], [432, 426], [433, 425], [435, 425], [436, 424], [437, 424], [438, 423], [439, 423], [440, 422], [441, 422], [442, 421], [444, 421], [445, 420], [446, 420], [447, 419], [448, 419], [449, 418], [450, 418], [451, 417], [452, 417], [453, 416], [455, 416], [456, 415], [457, 415], [458, 414], [460, 414], [461, 413], [462, 413], [463, 412], [465, 412], [467, 410], [468, 410], [469, 409], [470, 409], [472, 407], [473, 407], [490, 390], [491, 390], [494, 387], [495, 387], [497, 385], [498, 385], [500, 383], [501, 383], [503, 381], [504, 381], [506, 379], [507, 379], [508, 378], [509, 378], [511, 376], [512, 376], [515, 373], [516, 373], [522, 367], [522, 366], [523, 365], [523, 364], [525, 362], [525, 360], [526, 359], [526, 358], [527, 357], [527, 355], [528, 354], [528, 352], [529, 351], [529, 350], [531, 348], [531, 347], [533, 345], [533, 344], [538, 339], [539, 339], [547, 331], [547, 330], [549, 328], [549, 327], [550, 326], [550, 325], [551, 324], [551, 322], [552, 321], [552, 319], [553, 318], [553, 316], [554, 315], [554, 314], [555, 313], [555, 311], [557, 309], [557, 308], [560, 305], [560, 304], [570, 294], [570, 287], [571, 286], [571, 284], [572, 283], [572, 282], [573, 281], [573, 280], [574, 279], [574, 278], [576, 276], [576, 275], [580, 271], [580, 270], [583, 267], [583, 266], [585, 264], [585, 263], [586, 262], [586, 261], [587, 260], [587, 259], [588, 258], [588, 257], [589, 256], [589, 255], [590, 254], [590, 253], [591, 252], [591, 251], [596, 246], [599, 246], [600, 245], [602, 245], [604, 243], [604, 242], [605, 241], [605, 240], [606, 239], [606, 238], [607, 237], [607, 236], [608, 235], [608, 234], [613, 229], [614, 229], [615, 228], [625, 228], [626, 227], [629, 227], [630, 226], [632, 226], [634, 224], [635, 224], [638, 221], [639, 221], [641, 219], [642, 219], [644, 217], [645, 217], [648, 214], [649, 214], [650, 213], [651, 213], [652, 212], [655, 212], [656, 211], [659, 211], [660, 210], [662, 210], [663, 209], [664, 209], [665, 208], [666, 208], [668, 206], [668, 205], [669, 204], [669, 203], [670, 202], [670, 200], [671, 199], [671, 197], [672, 196], [672, 194], [673, 193], [673, 192], [674, 191], [674, 190], [675, 189], [675, 188], [676, 187], [676, 186], [677, 185], [677, 183], [678, 182], [678, 180], [679, 179], [679, 171], [678, 170], [678, 168], [677, 167], [677, 165], [676, 164], [676, 163], [674, 161], [674, 160], [668, 154], [667, 154], [664, 151], [663, 151], [644, 132], [643, 132], [640, 129], [639, 129], [638, 128], [637, 128], [636, 127], [635, 127], [634, 126], [633, 126], [632, 125], [630, 125], [629, 124], [612, 124], [611, 123], [610, 123], [609, 122], [607, 122], [606, 121], [601, 121], [600, 122], [587, 122], [586, 121], [583, 121], [582, 120]], "holes": []}