{"cx": 444.34039306640625, "cy": 314.46270751953125, "length": 197.1260528564453, "width": 194.5909423828125, "depth": 107.65648651123047, "rotation": -79.33021545410156, "boundary": [[398, 206], [397, 207], [396, 207], [395, 208], [394, 208], [391, 211], [390, 211], [388, 213], [388, 214], [384, 218], [384, 219], [380, 223], [380, 224], [378, 226], [378, 227], [377, 228], [377, 229], [376, 230], [376, 232], [375, 233], [375, 236], [374, 237], [374, 249], [373, 250], [373, 251], [372, 252], [372, 253], [368, 257], [368, 258], [362, 264], [362, 266], [373, 277], [373, 278], [374, 279], [374, 281], [375, 282], [375, 286], [373, 288], [369, 288], [368, 287], [364, 287], [363, 288], [360, 288], [359, 289], [356, 289], [355, 290], [353, 290], [350, 293], [350, 294], [349, 295], [349, 301], [348, 302], [348, 303], [349, 304], [349, 310], [350, 311], [350, 312], [351, 313], [351, 314], [354, 317], [354, 318], [357, 321], [357, 322], [358, 323], [358, 324], [359, 325], [359, 327], [360, 328], [360, 333], [359, 334], [351, 334], [350, 335], [349, 335], [346, 338], [346, 339], [345, 340], [345, 345], [346, 346], [346, 347], [351, 352], [352, 352], [353, 353], [359, 353], [361, 355], [361, 358], [360, 359], [360, 360], [359, 361], [359, 362], [358, 363], [358, 365], [357, 366], [357, 368], [358, 369], [358, 371], [363, 376], [364, 376], [365, 377], [365, 378], [367, 380], [367, 381], [368, 382], [368, 383], [369, 384], [369, 385], [370, 386], [370, 387], [373, 390], [374, 390], [376, 392], [377, 392], [378, 393], [382, 393], [383, 392], [384, 392], [385, 391], [385, 390], [387, 388], [387, 387], [391, 383], [393, 383], [394, 384], [394, 388], [395, 389], [395, 390], [396, 391], [399, 391], [400, 392], [408, 392], [409, 391], [417, 391], [418, 392], [418, 393], [415, 396], [414, 396], [413, 397], [413, 399], [414, 400], [415, 400], [416, 401], [417, 401], [420, 404], [420, 405], [423, 408], [424, 408], [425, 409], [426, 409], [427, 410], [428, 410], [429, 411], [431, 411], [432, 412], [434, 412], [435, 413], [445, 413], [446, 412], [448, 412], [449, 411], [450, 411], [451, 410], [452, 410], [453, 409], [453, 408], [455, 406], [455, 405], [457, 403], [457, 402], [458, 401], [458, 400], [459, 399], [459, 397], [460, 396], [460, 395], [459, 394], [459, 393], [458, 392], [458, 391], [456, 389], [456, 388], [455, 387], [455, 386], [454, 385], [454, 383], [455, 382], [462, 382], [463, 383], [465, 383], [466, 384], [474, 384], [479, 379], [479, 377], [480, 376], [480, 374], [481, 373], [483, 373], [485, 375], [485, 376], [486, 377], [486, 378], [487, 379], [487, 380], [488, 381], [489, 381], [490, 382], [495, 382], [496, 383], [503, 383], [504, 384], [525, 384], [526, 383], [528, 383], [529, 382], [530, 382], [530, 381], [531, 380], [531, 376], [530, 375], [530, 374], [529, 373], [529, 371], [528, 370], [528, 367], [527, 366], [527, 364], [526, 363], [526, 362], [521, 357], [521, 356], [518, 353], [518, 352], [517, 351], [517, 350], [516, 349], [516, 348], [518, 346], [519, 346], [520, 345], [533, 345], [534, 344], [535, 344], [536, 343], [536, 342], [537, 341], [537, 340], [535, 338], [533, 338], [532, 337], [531, 337], [530, 336], [529, 336], [527, 334], [526, 334], [519, 327], [519, 326], [518, 325], [518, 320], [523, 315], [524, 315], [525, 314], [527, 314], [528, 313], [529, 313], [529, 309], [528, 308], [528, 307], [527, 306], [527, 305], [526, 304], [526, 303], [525, 302], [525, 301], [524, 300], [524, 298], [523, 297], [523, 287], [524, 286], [524, 285], [525, 284], [525, 283], [527, 281], [527, 280], [528, 279], [528, 278], [529, 277], [529, 273], [528, 272], [528, 270], [527, 269], [527, 268], [525, 266], [524, 266], [523, 265], [508, 265], [507, 264], [506, 264], [504, 262], [503, 262], [497, 256], [497, 255], [496, 254], [496, 249], [500, 245], [501, 245], [502, 244], [505, 244], [506, 243], [509, 243], [510, 242], [511, 242], [512, 241], [513, 241], [513, 238], [512, 237], [511, 237], [509, 235], [508, 235], [506, 233], [505, 233], [503, 231], [502, 231], [501, 230], [500, 230], [499, 229], [498, 229], [497, 228], [495, 228], [494, 227], [492, 227], [491, 226], [489, 226], [488, 225], [484, 225], [483, 224], [477, 224], [476, 223], [475, 223], [472, 220], [471, 220], [470, 219], [465, 219], [464, 220], [464, 221], [463, 222], [463, 225], [462, 226], [462, 229], [461, 230], [461, 232], [460, 233], [460, 234], [459, 235], [459, 237], [458, 238], [458, 239], [453, 244], [450, 244], [449, 243], [449, 236], [448, 235], [448, 234], [447, 233], [446, 233], [445, 232], [443, 232], [442, 231], [438, 231], [436, 233], [436, 240], [437, 241], [437, 256], [436, 257], [436, 258], [435, 259], [434, 259], [433, 260], [432, 260], [431, 261], [430, 261], [429, 262], [428, 262], [427, 263], [426, 263], [425, 264], [424, 264], [423, 265], [415, 265], [414, 264], [413, 264], [411, 262], [411, 259], [413, 257], [413, 255], [414, 254], [414, 253], [415, 252], [415, 251], [416, 250], [416, 249], [417, 248], [417, 246], [416, 245], [416, 242], [415, 241], [415, 234], [420, 229], [421, 229], [423, 227], [424, 227], [426, 225], [428, 225], [429, 224], [431, 224], [434, 221], [434, 218], [433, 217], [433, 216], [432, 215], [432, 214], [431, 213], [430, 213], [429, 212], [428, 212], [427, 211], [419, 211], [418, 212], [415, 212], [414, 211], [412, 211], [411, 210], [410, 210], [409, 209], [408, 209], [407, 208], [405, 208], [404, 207], [402, 207], [401, 206]], "holes": []}