{"cx": 398.0615234375, "cy": 296.5546875, "length": 351.658203125, "width": 309.1292724609375, "depth": 125.02188110351562, "rotation": -88.97696685791016, "boundary": [[356, 120], [354, 122], [353, 122], [352, 123], [351, 123], [350, 124], [346, 124], [345, 125], [341, 125], [340, 124], [338, 124], [337, 123], [334, 123], [333, 124], [331, 124], [330, 125], [329, 125], [328, 126], [327, 126], [325, 128], [324, 128], [321, 131], [321, 132], [319, 134], [319, 135], [318, 136], [318, 138], [317, 139], [317, 140], [316, 141], [316, 143], [315, 144], [315, 146], [314, 147], [314, 148], [313, 149], [313, 150], [311, 152], [311, 153], [303, 161], [303, 162], [301, 164], [301, 165], [300, 166], [300, 168], [299, 169], [299, 201], [298, 202], [298, 204], [297, 205], [297, 206], [296, 207], [296, 208], [295, 209], [295, 210], [294, 211], [294, 212], [293, 213], [293, 216], [292, 217], [292, 238], [293, 239], [293, 240], [292, 241], [292, 248], [291, 249], [291, 254], [290, 255], [290, 259], [289, 260], [289, 262], [288, 263], [288, 265], [286, 267], [286, 268], [285, 269], [285, 270], [283, 272], [283, 273], [281, 275], [281, 276], [280, 277], [280, 278], [271, 287], [270, 287], [268, 289], [267, 289], [265, 291], [264, 291], [261, 294], [260, 294], [253, 301], [253, 302], [251, 304], [251, 305], [249, 307], [249, 308], [248, 309], [248, 310], [247, 311], [247, 313], [246, 314], [246, 315], [245, 316], [245, 318], [244, 319], [244, 322], [243, 323], [243, 342], [244, 343], [244, 354], [245, 355], [245, 359], [246, 360], [246, 363], [247, 364], [247, 366], [248, 367], [248, 368], [249, 369], [249, 370], [251, 372], [251, 373], [253, 375], [253, 376], [255, 378], [255, 379], [260, 384], [260, 385], [266, 391], [267, 391], [270, 394], [271, 394], [272, 395], [273, 395], [274, 396], [275, 396], [276, 397], [277, 397], [278, 398], [282, 398], [283, 399], [297, 399], [298, 400], [300, 400], [301, 401], [302, 401], [303, 402], [304, 402], [305, 403], [306, 403], [307, 404], [308, 404], [309, 405], [310, 405], [311, 406], [312, 406], [313, 407], [315, 407], [316, 408], [317, 408], [318, 409], [319, 409], [320, 410], [321, 410], [322, 411], [323, 411], [324, 412], [325, 412], [326, 413], [327, 413], [328, 414], [329, 414], [330, 415], [331, 415], [332, 416], [333, 416], [334, 417], [335, 417], [336, 418], [337, 418], [338, 419], [339, 419], [340, 420], [341, 420], [342, 421], [343, 421], [344, 422], [345, 422], [347, 424], [348, 424], [350, 426], [351, 426], [357, 432], [358, 432], [371, 445], [372, 445], [376, 449], [377, 449], [379, 451], [380, 451], [382, 453], [383, 453], [385, 455], [386, 455], [388, 457], [389, 457], [390, 458], [391, 458], [393, 460], [394, 460], [396, 462], [397, 462], [398, 463], [399, 463], [400, 464], [401, 464], [402, 465], [403, 465], [404, 466], [405, 466], [406, 467], [408, 467], [409, 468], [410, 468], [411, 469], [414, 469], [415, 470], [417, 470], [418, 471], [422, 471], [423, 472], [430, 472], [431, 473], [473, 473], [474, 472], [480, 472], [481, 471], [484, 471], [485, 470], [487, 470], [488, 469], [494, 469], [495, 468], [497, 468], [498, 467], [499, 467], [501, 465], [502, 465], [503, 464], [504, 464], [506, 462], [507, 462], [509, 460], [510, 460], [513, 457], [514, 457], [522, 449], [522, 448], [527, 443], [527, 442], [531, 438], [531, 437], [534, 434], [534, 433], [536, 431], [536, 430], [538, 428], [538, 427], [540, 425], [540, 424], [541, 423], [541, 422], [542, 421], [542, 420], [543, 419], [543, 418], [544, 417], [544, 416], [545, 415], [545, 413], [546, 412], [546, 410], [547, 409], [547, 407], [548, 406], [548, 403], [549, 402], [549, 397], [550, 396], [550, 390], [551, 389], [551, 374], [550, 373], [550, 369], [549, 368], [549, 364], [548, 363], [548, 360], [547, 359], [547, 355], [546, 354], [546, 351], [545, 350], [545, 348], [544, 347], [544, 345], [543, 344], [543, 343], [542, 342], [542, 340], [541, 339], [541, 338], [540, 337], [540, 336], [539, 335], [539, 333], [538, 332], [538, 331], [537, 330], [537, 328], [536, 327], [536, 326], [535, 325], [535, 323], [534, 322], [534, 321], [533, 320], [533, 318], [532, 317], [532, 316], [531, 315], [531, 313], [530, 312], [530, 310], [529, 309], [529, 307], [528, 306], [528, 304], [527, 303], [527, 300], [526, 299], [526, 297], [525, 296], [525, 295], [524, 294], [524, 293], [523, 292], [523, 291], [522, 290], [522, 289], [520, 287], [520, 286], [517, 283], [517, 282], [515, 280], [515, 279], [514, 278], [514, 277], [513, 276], [513, 275], [512, 274], [512, 272], [511, 271], [511, 268], [510, 267], [510, 252], [511, 251], [511, 247], [512, 246], [512, 243], [513, 242], [513, 240], [514, 239], [514, 237], [515, 236], [515, 235], [516, 234], [516, 233], [519, 230], [519, 229], [522, 226], [522, 225], [526, 221], [526, 220], [529, 217], [529, 216], [531, 214], [531, 213], [532, 212], [532, 210], [533, 209], [533, 207], [534, 206], [534, 193], [533, 192], [533, 189], [532, 188], [532, 184], [531, 183], [531, 179], [530, 178], [530, 174], [529, 173], [529, 169], [528, 168], [528, 163], [527, 162], [527, 160], [520, 153], [519, 153], [509, 143], [508, 143], [504, 139], [503, 139], [499, 135], [498, 135], [494, 131], [493, 131], [491, 129], [490, 129], [488, 127], [486, 127], [485, 126], [479, 126], [478, 125], [476, 125], [475, 124], [474, 124], [473, 123], [472, 123], [471, 122], [466, 122], [460, 128], [447, 128], [446, 127], [444, 127], [443, 126], [437, 126], [436, 127], [435, 127], [434, 128], [434, 129], [433, 130], [433, 131], [432, 132], [432, 133], [430, 135], [429, 135], [428, 136], [418, 136], [417, 137], [416, 137], [415, 138], [414, 138], [413, 139], [413, 140], [408, 145], [403, 145], [402, 144], [401, 144], [397, 140], [397, 139], [392, 134], [384, 134], [383, 135], [382, 135], [381, 136], [379, 136], [378, 137], [377, 137], [376, 136], [374, 136], [373, 135], [372, 135], [366, 129], [366, 128], [363, 125], [363, 124], [359, 120]], "holes": []}