{"cx": 455.55279541015625, "cy": 313.25921630859375, "length": 249.71514892578125, "width": 180.15794372558594, "depth": 81.57138061523438, "rotation": -61.69924545288086, "boundary": [[460, 176], [458, 178], [457, 178], [452, 183], [452, 184], [450, 186], [450, 187], [448, 189], [448, 190], [447, 191], [447, 193], [446, 194], [446, 195], [445, 196], [445, 201], [444, 202], [444, 206], [443, 207], [443, 208], [442, 209], [442, 211], [441, 212], [441, 213], [439, 215], [438, 215], [437, 216], [436, 216], [435, 217], [427, 217], [426, 218], [423, 218], [422, 219], [420, 219], [419, 220], [418, 220], [414, 224], [413, 224], [411, 226], [410, 226], [407, 229], [407, 230], [405, 232], [405, 233], [404, 234], [404, 235], [403, 236], [403, 238], [402, 239], [402, 240], [401, 241], [401, 242], [400, 243], [400, 244], [399, 245], [399, 246], [398, 247], [398, 248], [397, 249], [397, 250], [389, 258], [389, 259], [381, 267], [380, 267], [376, 271], [376, 272], [375, 273], [375, 275], [376, 276], [376, 277], [377, 278], [377, 279], [378, 280], [378, 281], [380, 283], [380, 284], [381, 285], [381, 289], [380, 290], [380, 291], [379, 292], [379, 294], [377, 296], [377, 297], [376, 298], [376, 299], [375, 300], [375, 303], [382, 310], [382, 311], [384, 313], [384, 314], [385, 315], [385, 316], [386, 317], [386, 319], [387, 320], [387, 322], [390, 325], [392, 325], [393, 326], [396, 326], [397, 327], [398, 327], [400, 329], [399, 330], [398, 330], [397, 331], [393, 331], [392, 332], [391, 332], [390, 333], [389, 333], [387, 335], [386, 335], [384, 337], [384, 338], [379, 343], [379, 344], [376, 347], [376, 348], [375, 349], [375, 350], [373, 352], [373, 354], [372, 355], [372, 356], [371, 357], [371, 359], [369, 361], [369, 362], [367, 364], [367, 365], [366, 366], [366, 369], [365, 370], [365, 379], [368, 382], [369, 382], [371, 384], [372, 384], [376, 388], [377, 388], [379, 390], [379, 391], [380, 392], [380, 393], [381, 394], [381, 406], [380, 407], [380, 413], [383, 416], [384, 416], [385, 417], [386, 417], [387, 418], [394, 418], [395, 417], [398, 417], [399, 418], [401, 418], [404, 421], [404, 422], [405, 423], [405, 424], [406, 425], [406, 426], [408, 428], [408, 429], [409, 430], [410, 430], [411, 431], [412, 431], [413, 432], [418, 432], [419, 433], [420, 433], [421, 432], [424, 432], [425, 431], [427, 431], [428, 430], [433, 430], [434, 429], [435, 429], [440, 424], [441, 424], [444, 421], [445, 421], [446, 420], [448, 420], [449, 419], [450, 419], [451, 418], [452, 418], [453, 417], [454, 417], [455, 416], [456, 416], [457, 415], [458, 415], [464, 409], [464, 405], [463, 404], [463, 403], [462, 402], [462, 401], [461, 400], [461, 395], [462, 394], [462, 393], [463, 392], [464, 392], [466, 390], [468, 390], [469, 389], [470, 389], [476, 383], [484, 383], [485, 382], [489, 382], [490, 381], [493, 381], [494, 380], [496, 380], [497, 379], [498, 379], [499, 378], [501, 378], [502, 377], [504, 377], [505, 376], [507, 376], [508, 375], [509, 375], [510, 374], [511, 374], [512, 373], [513, 373], [514, 372], [515, 372], [516, 371], [517, 371], [518, 370], [519, 370], [520, 369], [521, 369], [522, 368], [523, 368], [526, 365], [527, 365], [531, 361], [531, 360], [533, 358], [533, 357], [535, 355], [535, 354], [537, 352], [537, 351], [538, 350], [538, 348], [539, 347], [539, 345], [540, 344], [540, 341], [541, 340], [541, 337], [542, 336], [542, 330], [541, 329], [541, 325], [542, 324], [542, 319], [543, 318], [543, 317], [544, 316], [544, 315], [545, 314], [545, 313], [549, 309], [549, 308], [551, 306], [551, 301], [550, 300], [549, 300], [547, 298], [546, 298], [543, 295], [543, 294], [542, 293], [542, 287], [543, 286], [543, 284], [544, 283], [544, 282], [545, 281], [545, 280], [546, 279], [546, 278], [547, 277], [547, 275], [548, 274], [548, 273], [549, 272], [549, 271], [550, 270], [550, 269], [551, 268], [551, 267], [552, 266], [552, 265], [553, 264], [553, 263], [555, 261], [555, 260], [556, 259], [556, 258], [557, 257], [557, 256], [558, 255], [558, 254], [559, 253], [559, 252], [561, 250], [561, 249], [562, 248], [562, 247], [564, 245], [564, 244], [566, 242], [566, 241], [567, 240], [567, 239], [568, 238], [568, 234], [567, 233], [566, 233], [564, 231], [563, 231], [562, 230], [561, 230], [560, 229], [559, 229], [557, 227], [556, 227], [554, 225], [553, 225], [552, 224], [550, 224], [549, 223], [548, 223], [546, 221], [545, 221], [544, 220], [543, 220], [542, 219], [541, 219], [540, 218], [539, 218], [538, 217], [537, 217], [536, 216], [535, 216], [533, 214], [532, 214], [531, 213], [530, 213], [528, 211], [527, 211], [526, 210], [525, 210], [524, 209], [523, 209], [521, 207], [520, 207], [519, 206], [518, 206], [516, 204], [515, 204], [514, 203], [513, 203], [512, 202], [511, 202], [510, 201], [509, 201], [508, 200], [506, 200], [504, 198], [503, 198], [502, 197], [501, 197], [500, 196], [499, 196], [498, 195], [497, 195], [496, 194], [495, 194], [494, 193], [493, 193], [492, 192], [491, 192], [489, 190], [488, 190], [487, 189], [486, 189], [485, 188], [484, 188], [483, 187], [482, 187], [481, 186], [480, 186], [478, 184], [477, 184], [476, 183], [475, 183], [474, 182], [473, 182], [472, 181], [471, 181], [470, 180], [469, 180], [468, 179], [467, 179], [465, 177], [463, 177], [462, 176]], "holes": []}