{"cx": 386.0686950683594, "cy": 326.87835693359375, "length": 303.6779479980469, "width": 306.121337890625, "depth": 117.01871490478516, "rotation": -86.25701904296875, "boundary": [[419, 177], [418, 178], [416, 178], [413, 181], [413, 182], [412, 183], [412, 184], [411, 185], [411, 195], [412, 196], [412, 198], [413, 199], [413, 203], [414, 204], [414, 208], [413, 209], [413, 211], [412, 212], [412, 213], [410, 215], [410, 216], [409, 217], [408, 217], [406, 219], [405, 219], [404, 220], [403, 220], [402, 221], [400, 221], [399, 222], [391, 222], [390, 221], [389, 221], [388, 220], [387, 220], [386, 219], [385, 219], [384, 218], [383, 218], [381, 216], [380, 216], [379, 215], [378, 215], [376, 213], [375, 213], [374, 212], [373, 212], [372, 211], [371, 211], [370, 210], [368, 210], [367, 209], [366, 209], [365, 208], [364, 208], [363, 207], [362, 207], [360, 205], [359, 205], [357, 203], [356, 203], [342, 189], [341, 189], [340, 188], [339, 188], [338, 187], [337, 187], [336, 186], [333, 186], [332, 185], [325, 185], [324, 184], [317, 184], [316, 185], [312, 185], [311, 186], [310, 186], [309, 187], [308, 187], [307, 188], [306, 188], [304, 190], [303, 190], [300, 193], [299, 193], [296, 196], [295, 196], [294, 197], [293, 197], [291, 199], [290, 199], [283, 206], [283, 207], [282, 208], [282, 210], [281, 211], [281, 222], [282, 223], [282, 225], [283, 226], [283, 228], [284, 229], [284, 230], [285, 231], [285, 232], [286, 233], [286, 234], [287, 235], [287, 236], [289, 238], [289, 239], [291, 241], [291, 242], [292, 243], [292, 244], [293, 245], [293, 246], [294, 247], [294, 249], [295, 250], [295, 253], [296, 254], [296, 259], [297, 260], [297, 263], [296, 264], [296, 268], [295, 269], [295, 270], [294, 271], [294, 272], [287, 279], [286, 279], [284, 281], [283, 281], [279, 285], [278, 285], [271, 292], [270, 292], [267, 295], [266, 295], [264, 297], [263, 297], [261, 299], [260, 299], [259, 300], [258, 300], [257, 301], [256, 301], [255, 302], [254, 302], [253, 303], [251, 303], [250, 304], [248, 304], [247, 305], [244, 305], [243, 306], [242, 306], [241, 307], [240, 307], [237, 310], [237, 311], [236, 312], [236, 313], [235, 314], [235, 316], [234, 317], [234, 321], [233, 322], [233, 346], [232, 347], [232, 362], [233, 363], [233, 368], [234, 369], [234, 371], [235, 372], [235, 374], [236, 375], [236, 376], [238, 378], [238, 379], [241, 382], [241, 383], [244, 386], [244, 387], [248, 391], [248, 392], [249, 393], [250, 393], [253, 396], [254, 396], [256, 398], [257, 398], [258, 399], [259, 399], [260, 400], [261, 400], [262, 401], [264, 401], [265, 402], [267, 402], [268, 403], [270, 403], [271, 404], [273, 404], [274, 405], [275, 405], [276, 406], [278, 406], [279, 407], [280, 407], [281, 408], [282, 408], [284, 410], [285, 410], [293, 418], [293, 419], [295, 421], [295, 422], [296, 423], [296, 425], [297, 426], [297, 427], [298, 428], [298, 432], [299, 433], [299, 440], [300, 441], [300, 447], [301, 448], [301, 451], [302, 452], [302, 454], [303, 455], [303, 456], [304, 457], [304, 458], [311, 465], [312, 465], [313, 466], [314, 466], [315, 467], [316, 467], [317, 468], [318, 468], [319, 469], [321, 469], [322, 470], [324, 470], [325, 471], [327, 471], [328, 472], [331, 472], [332, 473], [335, 473], [336, 474], [340, 474], [341, 475], [349, 475], [350, 474], [353, 474], [354, 473], [356, 473], [357, 472], [358, 472], [359, 471], [360, 471], [362, 469], [363, 469], [365, 467], [366, 467], [368, 465], [369, 465], [372, 462], [373, 462], [374, 461], [375, 461], [376, 460], [377, 460], [378, 459], [387, 459], [388, 460], [389, 460], [390, 461], [391, 461], [405, 475], [406, 475], [408, 477], [409, 477], [410, 478], [411, 478], [412, 479], [413, 479], [414, 480], [415, 480], [416, 481], [425, 481], [426, 480], [428, 480], [429, 479], [430, 479], [433, 476], [434, 476], [437, 473], [437, 472], [441, 468], [441, 467], [443, 465], [443, 463], [444, 462], [444, 454], [443, 453], [443, 452], [436, 445], [436, 444], [433, 441], [433, 440], [432, 439], [432, 437], [431, 436], [431, 431], [430, 430], [430, 425], [431, 424], [431, 409], [432, 408], [432, 401], [433, 400], [433, 398], [434, 397], [434, 395], [435, 394], [435, 392], [436, 391], [436, 390], [437, 389], [437, 388], [438, 387], [438, 386], [439, 385], [439, 384], [445, 378], [446, 378], [447, 377], [448, 377], [449, 376], [450, 376], [451, 375], [453, 375], [454, 374], [459, 374], [460, 373], [473, 373], [474, 372], [477, 372], [478, 371], [479, 371], [480, 370], [481, 370], [482, 369], [483, 369], [485, 367], [486, 367], [490, 363], [490, 362], [492, 360], [492, 359], [493, 358], [493, 356], [494, 355], [494, 354], [495, 353], [495, 351], [496, 350], [496, 346], [497, 345], [497, 339], [496, 338], [496, 334], [495, 333], [495, 330], [494, 329], [494, 327], [493, 326], [493, 323], [492, 322], [492, 313], [496, 309], [500, 309], [501, 310], [503, 310], [504, 311], [505, 311], [506, 312], [508, 312], [509, 313], [512, 313], [513, 314], [517, 314], [518, 315], [520, 315], [521, 314], [525, 314], [526, 313], [527, 313], [528, 312], [529, 312], [530, 311], [531, 311], [536, 306], [536, 305], [538, 303], [538, 302], [539, 301], [539, 299], [540, 298], [540, 295], [541, 294], [541, 289], [542, 288], [542, 287], [541, 286], [541, 281], [540, 280], [540, 279], [539, 278], [539, 277], [538, 276], [538, 275], [532, 269], [531, 269], [530, 268], [529, 268], [528, 267], [526, 267], [525, 266], [523, 266], [522, 265], [520, 265], [519, 264], [518, 264], [517, 263], [515, 263], [514, 262], [513, 262], [511, 260], [510, 260], [505, 255], [505, 254], [504, 253], [504, 252], [503, 251], [503, 250], [502, 249], [502, 241], [503, 240], [503, 239], [504, 238], [504, 237], [507, 234], [508, 234], [509, 233], [511, 233], [512, 232], [517, 232], [518, 233], [527, 233], [528, 232], [530, 232], [531, 231], [532, 231], [533, 230], [534, 230], [536, 228], [537, 228], [540, 225], [540, 224], [542, 222], [542, 221], [543, 220], [543, 219], [544, 218], [544, 217], [545, 216], [545, 214], [546, 213], [546, 199], [545, 198], [545, 196], [543, 194], [543, 193], [539, 189], [538, 189], [536, 187], [535, 187], [534, 186], [532, 186], [531, 185], [529, 185], [528, 184], [521, 184], [520, 185], [518, 185], [517, 186], [516, 186], [514, 188], [513, 188], [512, 189], [511, 189], [509, 191], [508, 191], [507, 192], [506, 192], [505, 193], [504, 193], [503, 194], [502, 194], [501, 195], [499, 195], [498, 196], [477, 196], [476, 197], [472, 197], [471, 198], [462, 198], [461, 197], [460, 197], [458, 195], [457, 195], [454, 192], [454, 191], [451, 188], [450, 188], [448, 186], [447, 186], [446, 185], [445, 185], [444, 184], [443, 184], [442, 183], [439, 183], [438, 182], [435, 182], [434, 181], [431, 181], [430, 180], [428, 180], [427, 179], [426, 179], [425, 178], [422, 178], [421, 177]], "holes": []}