{"cx": 466.58648681640625, "cy": 266.618896484375, "length": 334.3020935058594, "width": 331.2142028808594, "depth": 117.28022003173828, "rotation": -36.02737808227539, "boundary": [[473, 60], [472, 61], [470, 61], [469, 62], [467, 62], [466, 63], [465, 63], [462, 66], [461, 66], [454, 73], [453, 73], [450, 76], [449, 76], [443, 82], [443, 83], [441, 85], [441, 86], [440, 87], [440, 88], [439, 89], [439, 90], [437, 92], [437, 93], [436, 94], [436, 95], [434, 97], [434, 98], [433, 99], [433, 100], [430, 103], [430, 104], [427, 107], [427, 108], [416, 119], [416, 120], [412, 124], [412, 125], [410, 127], [410, 128], [409, 129], [409, 130], [408, 131], [408, 132], [407, 133], [407, 135], [406, 136], [406, 138], [405, 139], [405, 141], [404, 142], [404, 144], [403, 145], [403, 148], [402, 149], [402, 151], [401, 152], [401, 155], [400, 156], [400, 158], [399, 159], [399, 161], [398, 162], [398, 164], [397, 165], [397, 166], [396, 167], [396, 168], [395, 169], [395, 171], [394, 172], [394, 173], [393, 174], [393, 175], [392, 176], [392, 177], [390, 179], [390, 180], [383, 187], [383, 188], [377, 194], [377, 195], [374, 198], [374, 199], [372, 201], [372, 202], [369, 205], [369, 206], [368, 207], [367, 207], [366, 208], [365, 208], [364, 209], [363, 209], [362, 210], [359, 210], [358, 211], [356, 211], [355, 212], [354, 212], [353, 213], [352, 213], [350, 215], [349, 215], [346, 218], [345, 218], [344, 219], [343, 219], [341, 221], [339, 221], [338, 222], [336, 222], [335, 223], [334, 223], [333, 224], [331, 224], [330, 225], [329, 225], [328, 226], [326, 226], [325, 227], [323, 227], [322, 228], [321, 228], [320, 229], [319, 229], [318, 230], [317, 230], [316, 231], [309, 231], [308, 232], [307, 232], [306, 233], [305, 233], [302, 236], [301, 236], [291, 246], [291, 247], [289, 249], [289, 250], [288, 251], [288, 253], [287, 254], [287, 256], [286, 257], [286, 269], [287, 270], [287, 273], [288, 274], [288, 276], [289, 277], [289, 279], [290, 280], [290, 281], [291, 282], [291, 283], [293, 285], [293, 286], [296, 289], [296, 290], [299, 293], [299, 294], [302, 297], [302, 298], [305, 301], [305, 302], [311, 308], [312, 308], [313, 309], [327, 309], [328, 310], [337, 310], [338, 311], [342, 311], [343, 312], [346, 312], [347, 313], [355, 313], [357, 315], [357, 319], [356, 320], [356, 321], [348, 329], [348, 330], [345, 333], [345, 334], [344, 335], [344, 336], [343, 337], [343, 338], [342, 339], [342, 341], [341, 342], [341, 347], [340, 348], [340, 364], [339, 365], [339, 368], [340, 369], [340, 372], [341, 373], [341, 375], [342, 376], [342, 378], [343, 379], [343, 380], [344, 381], [344, 382], [346, 384], [346, 385], [350, 389], [350, 390], [365, 405], [365, 406], [368, 409], [369, 409], [370, 410], [371, 410], [372, 411], [374, 411], [375, 412], [377, 412], [378, 413], [381, 413], [382, 414], [388, 414], [389, 415], [394, 415], [395, 414], [400, 414], [401, 413], [406, 413], [407, 412], [411, 412], [412, 411], [414, 411], [415, 410], [417, 410], [418, 409], [419, 409], [420, 408], [421, 408], [422, 407], [423, 407], [424, 406], [425, 406], [426, 405], [428, 405], [430, 403], [431, 403], [432, 402], [433, 402], [442, 393], [443, 393], [445, 391], [446, 391], [447, 390], [448, 390], [449, 389], [450, 389], [451, 388], [452, 388], [453, 387], [455, 387], [456, 386], [458, 386], [459, 385], [461, 385], [462, 384], [464, 384], [465, 383], [475, 383], [476, 384], [480, 384], [481, 385], [484, 385], [485, 386], [487, 386], [488, 387], [489, 387], [490, 388], [491, 388], [492, 389], [493, 389], [494, 390], [495, 390], [496, 391], [498, 391], [499, 392], [503, 392], [504, 393], [506, 393], [507, 394], [508, 394], [510, 396], [511, 396], [512, 397], [513, 397], [514, 398], [517, 398], [518, 399], [524, 399], [525, 400], [526, 400], [528, 402], [529, 402], [530, 403], [542, 403], [543, 402], [547, 402], [548, 401], [551, 401], [552, 400], [555, 400], [556, 399], [558, 399], [559, 398], [561, 398], [562, 397], [564, 397], [565, 396], [566, 396], [567, 395], [568, 395], [569, 394], [570, 394], [571, 393], [572, 393], [573, 392], [574, 392], [575, 391], [576, 391], [577, 390], [578, 390], [580, 388], [581, 388], [584, 385], [585, 385], [589, 381], [590, 381], [593, 378], [594, 378], [596, 376], [597, 376], [599, 374], [600, 374], [602, 372], [603, 372], [605, 370], [606, 370], [609, 367], [610, 367], [621, 356], [621, 355], [624, 352], [624, 351], [626, 349], [626, 348], [627, 347], [627, 346], [629, 344], [629, 343], [630, 342], [630, 341], [632, 339], [632, 338], [634, 336], [634, 335], [635, 334], [635, 333], [637, 331], [637, 330], [638, 329], [638, 328], [640, 326], [640, 325], [641, 324], [641, 323], [642, 322], [642, 318], [643, 317], [643, 314], [644, 313], [644, 310], [645, 309], [645, 306], [646, 305], [646, 301], [647, 300], [647, 295], [648, 294], [648, 287], [649, 286], [649, 276], [648, 275], [648, 269], [647, 268], [647, 262], [646, 261], [646, 255], [645, 254], [645, 247], [644, 246], [644, 240], [643, 239], [643, 235], [642, 234], [642, 232], [641, 231], [641, 229], [640, 228], [640, 226], [639, 225], [639, 224], [638, 223], [638, 222], [637, 221], [637, 220], [636, 219], [636, 218], [635, 217], [635, 216], [634, 215], [634, 214], [633, 213], [633, 212], [631, 210], [631, 209], [629, 207], [629, 206], [627, 204], [627, 203], [622, 198], [622, 197], [618, 193], [617, 193], [616, 192], [615, 192], [614, 191], [609, 191], [608, 190], [603, 190], [602, 189], [601, 189], [600, 188], [599, 188], [593, 182], [592, 182], [590, 180], [590, 179], [589, 178], [588, 178], [585, 175], [584, 175], [583, 174], [582, 174], [581, 173], [580, 173], [579, 172], [578, 172], [577, 171], [575, 171], [574, 170], [572, 170], [571, 169], [559, 169], [558, 170], [553, 170], [552, 171], [520, 171], [519, 170], [519, 168], [521, 166], [521, 165], [528, 158], [528, 157], [531, 154], [531, 153], [535, 149], [535, 148], [537, 146], [537, 145], [539, 143], [539, 142], [540, 141], [540, 139], [541, 138], [541, 134], [542, 133], [542, 127], [543, 126], [543, 120], [544, 119], [544, 115], [545, 114], [545, 107], [544, 106], [544, 103], [543, 102], [543, 100], [542, 99], [542, 98], [541, 97], [541, 96], [540, 95], [540, 94], [539, 93], [539, 92], [538, 91], [538, 89], [537, 88], [537, 86], [536, 85], [536, 83], [535, 82], [535, 80], [534, 79], [534, 77], [533, 76], [533, 75], [532, 74], [532, 73], [531, 72], [531, 71], [527, 67], [526, 67], [524, 65], [522, 65], [521, 64], [519, 64], [518, 63], [515, 63], [514, 62], [511, 62], [510, 61], [502, 61], [501, 60]], "holes": []}